Unnamed: 0,Rank,name,rating,Format,Volume Count,Start Date,End Date,Member Count,Genre
0,1,Berserk,9.47,Manga,unfinished,Aug 1989,unfinished,741230,"['Action', 'Adventure', 'Award Winning', 'Drama', 'Fantasy', 'Horror', 'Gore', 'Military', 'Psychological', 'Seinen']"
1,2,JoJo no Kimyou na Bouken Part 7: Steel Ball Run,9.32,Manga,24 vols,Jan 2004,Apr 2011,287722,"['Action', 'Adventure', 'Mystery', 'Supernatural', 'Historical', 'Seinen', 'Shounen']"
2,3,Vagabond,9.26,Manga,37 vols,Sep 1998,May 2015,417353,"['Action', 'Adventure', 'Award Winning', 'Historical', 'Samurai', 'Seinen']"
3,4,One Piece,9.22,Manga,unfinished,Jul 1997,unfinished,654245,"['Action', 'Adventure', 'Fantasy', 'Shounen']"
4,5,Monster,9.16,Manga,18 vols,Dec 1994,Dec 2001,264699,"['Award Winning', 'Drama', 'Mystery', 'Adult Cast', 'Psychological', 'Seinen']"
5,6,Slam Dunk,9.08,Manga,31 vols,Sep 1990,Jun 1996,183716,"['Award Winning', 'Sports', 'School', 'Team Sports', 'Shounen']"
6,7,Vinland Saga,9.08,Manga,unfinished,Apr 2005,unfinished,327578,"['Action', 'Adventure', 'Award Winning', 'Drama', 'Historical', 'Seinen']"
7,8,Fullmetal Alchemist,9.04,Manga,27 vols,Jul 2001,Sep 2010,305723,"['Action', 'Adventure', 'Award Winning', 'Drama', 'Fantasy', 'Military', 'Shounen']"
8,9,Tian Guan Cifu,9.03,Novel,6 vols,Feb 2021,Mar 2022,14626,"['Action', 'Adventure', 'Boys Love', 'Supernatural', 'Historical']"
9,10,Guimi Zhi Zhu,9.03,Novel,18 vols,May 2020,Aug 2023,8071,"['Action', 'Mystery', 'Supernatural', 'Suspense']"
10,11,Grand Blue,9.03,Manga,unfinished,Apr 2014,unfinished,185755,"['Comedy', 'Seinen']"
11,12,Omniscient Reader's Viewpoint,9.02,Novel,20 vols,Jan 2022,Sep 2023,20744,"['Action', 'Adventure', 'Fantasy', 'Urban Fantasy']"
12,13,Kingdom,9.01,Manga,unfinished,Jan 2006,unfinished,183412,"['Action', 'Award Winning', 'Historical', 'Military', 'Seinen']"
13,14,Oyasumi Punpun,8.99,Manga,13 vols,Mar 2007,Nov 2013,478895,"['Drama', 'Slice of Life', 'Psychological', 'Seinen']"
14,15,Houseki no Kuni,8.97,Manga,13 vols,Oct 2012,Apr 2024,149450,"['Action', 'Drama', 'Fantasy', 'Anthropomorphic', 'Seinen']"
15,16,Real,8.95,Manga,unfinished,Oct 1999,unfinished,97329,"['Award Winning', 'Drama', 'Sports', 'Psychological', 'Team Sports', 'Seinen']"
16,17,20th Century Boys,8.94,Manga,22 vols,Sep 1999,Apr 2006,283579,"['Award Winning', 'Drama', 'Mystery', 'Sci-Fi', 'Historical', 'Psychological', 'Seinen']"
17,18,Ashita no Joe,8.94,Manga,20 vols,Jan 1968,May 1973,57045,"['Drama', 'Slice of Life', 'Sports', 'Combat Sports', 'Shounen']"
18,19,Yotsuba to!,8.91,Manga,unfinished,Mar 2003,unfinished,165037,"['Award Winning', 'Comedy', 'Slice of Life', 'Childcare', 'Iyashikei']"
19,20,Monogatari Series: First Season,8.91,Light Novel,6 vols,Nov 2006,Jul 2010,61504,"['Action', 'Comedy', 'Mystery', 'Romance', 'Supernatural', 'Vampire']"
20,21,Mo Dao Zu Shi,8.91,Novel,4 vols,Dec 2016,Dec 2016,9250,"['Action', 'Adventure', 'Boys Love', 'Mystery', 'Supernatural', 'Historical']"
21,22,Monogatari Series: Second Season,8.90,Light Novel,6 vols,Oct 2010,Dec 2011,24244,"['Comedy', 'Drama', 'Mystery', 'Supernatural', 'Vampire']"
22,23,Umineko no Naku Koro ni Chiru - Episode 8: Twilight of the Golden Witch,8.90,Manga,9 vols,Jan 2012,Jun 2015,19042,"['Drama', 'Fantasy', 'Mystery', 'Supernatural', 'Shounen']"
23,24,Kaguya-sama wa Kokurasetai: Tensai-tachi no Renai Zunousen,8.89,Manga,28 vols,May 2015,Nov 2022,284258,"['Award Winning', 'Comedy', 'Romance', 'School', 'Seinen']"
24,25,Mikkakan no Koufuku,8.87,Novel,1 vols,Dec 2013,Dec 2013,34646,['Drama']
25,26,GTO,8.87,Manga,25 vols,Dec 1996,Jan 2002,178158,"['Action', 'Award Winning', 'Comedy', 'Drama', 'Ecchi', 'Delinquents', 'School', 'Workplace', 'Shounen']"
26,27,3-gatsu no Lion,8.86,Manga,unfinished,Jul 2007,unfinished,71994,"['Award Winning', 'Drama', 'Slice of Life', 'Childcare', 'Iyashikei', 'Strategy Game', 'Seinen']"
27,28,Haikyuu!!,8.86,Manga,45 vols,Feb 2012,Jul 2020,228967,"['Award Winning', 'Sports', 'School', 'Team Sports', 'Shounen']"
28,29,Tian Guan Cifu,8.85,Manhua,unfinished,Oct 2019,unfinished,14448,"['Action', 'Adventure', 'Boys Love', 'Drama', 'Supernatural', 'Historical']"
29,30,Koe no Katachi,8.85,Manga,7 vols,Aug 2013,Nov 2014,278637,"['Award Winning', 'Drama', 'Shounen']"
30,31,Monogatari Series: Final Season,8.83,Light Novel,6 vols,Sep 2012,Sep 2014,19807,"['Comedy', 'Mystery', 'Supernatural', 'Vampire']"
31,32,86,8.83,Light Novel,unfinished,Feb 2017,unfinished,44311,"['Action', 'Drama', 'Sci-Fi', 'Military']"
32,33,Sousou no Frieren,8.83,Manga,unfinished,Apr 2020,unfinished,143105,"['Adventure', 'Award Winning', 'Drama', 'Fantasy', 'Shounen']"
33,34,Akatsuki no Yona,8.82,Manga,unfinished,Aug 2009,unfinished,141914,"['Adventure', 'Fantasy', 'Romance', 'Shoujo']"
34,35,Mushoku Tensei: Isekai Ittara Honki Dasu,8.82,Light Novel,26 vols,Jan 2014,Nov 2022,92535,"['Fantasy', 'Isekai', 'Reincarnation']"
35,36,Ookami to Koushinryou,8.82,Light Novel,unfinished,Feb 2006,unfinished,66495,"['Adventure', 'Drama', 'Fantasy', 'Romance', 'Supernatural', 'Adult Cast', 'Historical']"
36,37,Kaze no Tani no Nausicaä,8.81,Manga,7 vols,Oct 1982,Feb 1994,61958,"['Award Winning', 'Drama', 'Romance', 'Adult Cast', 'Love Polygon', 'Music', 'Shoujo']"
37,38,Kokou no Hito,8.81,Manga,17 vols,Nov 2007,Oct 2011,125409,"['Action', 'Adventure', 'Award Winning', 'Fantasy']"
38,39,Re:Zero kara Hajimeru Isekai Seikatsu,8.81,Light Novel,unfinished,Jan 2014,unfinished,75081,"['Award Winning', 'Drama', 'Sports', 'Psychological', 'Seinen']"
39,40,Kaoru Hana wa Rin to Saku,8.81,Manga,unfinished,Oct 2021,unfinished,94086,"['Drama', 'Fantasy', 'Suspense', 'Isekai', 'Psychological', 'Time Travel']"
40,41,The Greatest Estate Developer,8.81,Manhwa,unfinished,Jul 2021,unfinished,41264,"['Drama', 'Romance', 'School']"
41,42,Nana,8.80,Manga,21 vols,May 2000,May 2009,155251,"['Adventure', 'Comedy', 'Fantasy', 'Isekai', 'Reincarnation']"
42,43,Youkoso Jitsuryoku Shijou Shugi no Kyoushitsu e,8.80,Light Novel,14 vols,May 2015,Sep 2019,90630,"['Drama', 'Psychological', 'School']"
43,44,Honzuki no Gekokujou: Shisho ni Naru Tame ni wa Shudan wo Erandeiraremasen,8.78,Light Novel,33 vols,Jan 2015,Dec 2023,17140,"['Drama', 'Psychological', 'School']"
44,45,Kusuriya no Hitorigoto,8.77,Light Novel,unfinished,Aug 2014,unfinished,14775,"['Fantasy', 'Isekai', 'Reincarnation']"
45,46,Youkoso Jitsuryoku Shijou Shugi no Kyoushitsu e: 2-nensei-hen,8.77,Light Novel,15 vols,Jan 2020,Nov 2024,39327,"['Drama', 'Shounen']"
46,47,"Jumyou wo Kaitotte Moratta. Ichinen ni Tsuki, Ichimanen de.",8.77,Manga,3 vols,Aug 2016,Oct 2017,175876,"['Award Winning', 'Comedy', 'Fantasy', 'Gourmet', 'Seinen']"
47,48,Dungeon Meshi,8.76,Manga,14 vols,Feb 2014,Sep 2023,93808,"['Drama', 'Mystery', 'Medical']"
48,49,Hunter x Hunter,8.76,Manga,unfinished,Mar 1998,unfinished,291007,"['Action', 'Adventure', 'Fantasy', 'Shounen']"
49,50,Uchuu Kyoudai,8.75,Manga,unfinished,Dec 2007,unfinished,37487,"['Award Winning', 'Drama', 'Sci-Fi', 'Adult Cast', 'Space', 'Workplace', 'Seinen']"
50,51,Hajime no Ippo,8.74,Manga,unfinished,Sep 1989,unfinished,93369,"['Action', 'Adventure', 'Award Winning', 'Drama', 'Fantasy', 'Horror', 'Gore', 'Military', 'Psychological', 'Seinen']"
51,52,Fata Morgana no Yakata: Anata no Genten ni Itaru Monogatari,8.74,Light Novel,5 vols,Aug 2014,Jan 2016,4915,"['Action', 'Adventure', 'Mystery', 'Supernatural', 'Historical', 'Seinen', 'Shounen']"
52,53,Yahari Ore no Seishun Love Comedy wa Machigatteiru.,8.74,Light Novel,18 vols,Mar 2011,Apr 2021,72890,"['Action', 'Adventure', 'Award Winning', 'Historical', 'Samurai', 'Seinen']"
53,54,Made in Abyss,8.73,Manga,unfinished,Oct 2012,unfinished,171023,"['Action', 'Adventure', 'Fantasy', 'Shounen']"
54,55,Veil,8.73,Manga,unfinished,Nov 2019,unfinished,16567,"['Award Winning', 'Drama', 'Mystery', 'Adult Cast', 'Psychological', 'Seinen']"
55,56,One Punch-Man,8.72,Manga,unfinished,Jun 2012,unfinished,504205,"['Award Winning', 'Sports', 'School', 'Team Sports', 'Shounen']"
56,57,No Home,8.72,Manhwa,unfinished,Dec 2018,Aug 2024,6254,"['Action', 'Adventure', 'Award Winning', 'Drama', 'Historical', 'Seinen']"
57,58,Shoujo Shuumatsu Ryokou,8.72,Manga,6 vols,Feb 2014,Jan 2018,77285,"['Action', 'Adventure', 'Award Winning', 'Drama', 'Fantasy', 'Military', 'Shounen']"
58,59,Kono Oto Tomare!,8.70,Manga,unfinished,Aug 2012,unfinished,46926,"['Action', 'Adventure', 'Boys Love', 'Supernatural', 'Historical']"
59,60,Chainsaw Man,8.70,Manga,unfinished,Dec 2018,unfinished,662495,"['Action', 'Mystery', 'Supernatural', 'Suspense']"
60,61,The Horizon,8.70,Manhwa,3 vols,Mar 2016,Jul 2016,100825,"['Comedy', 'Seinen']"
61,62,Mushishi,8.70,Manga,10 vols,Oct 1999,Aug 2008,89045,"['Action', 'Adventure', 'Fantasy', 'Urban Fantasy']"
62,63,Death Note,8.69,Manga,12 vols,Dec 2003,May 2006,410920,"['Action', 'Award Winning', 'Historical', 'Military', 'Seinen']"
63,64,Beck,8.69,Manga,34 vols,Feb 2000,Jun 2008,84673,"['Drama', 'Slice of Life', 'Psychological', 'Seinen']"
64,65,Utsuro no Hako to Zero no Maria,8.69,Light Novel,7 vols,Jan 2009,Jun 2015,105501,"['Action', 'Drama', 'Fantasy', 'Anthropomorphic', 'Seinen']"
65,66,Dorohedoro,8.68,Manga,23 vols,Nov 2000,Sep 2018,188005,"['Award Winning', 'Drama', 'Sports', 'Psychological', 'Team Sports', 'Seinen']"
66,67,Natsume Yuujinchou,8.67,Manga,unfinished,Jun 2003,unfinished,46386,"['Award Winning', 'Drama', 'Mystery', 'Sci-Fi', 'Historical', 'Psychological', 'Seinen']"
67,68,Akira,8.66,Manga,6 vols,Dec 1982,Jun 1990,139074,"['Drama', 'Slice of Life', 'Sports', 'Combat Sports', 'Shounen']"
68,69,Solo Leveling,8.66,Manhwa,unfinished,Mar 2018,May 2023,559416,"['Award Winning', 'Comedy', 'Slice of Life', 'Childcare', 'Iyashikei']"
69,70,Tongari Boushi no Atelier,8.66,Manga,unfinished,Jul 2016,unfinished,105749,"['Action', 'Comedy', 'Mystery', 'Romance', 'Supernatural', 'Vampire']"
70,71,Yokohama Kaidashi Kikou,8.65,Manga,14 vols,Apr 1994,Feb 2006,79053,"['Action', 'Adventure', 'Boys Love', 'Mystery', 'Supernatural', 'Historical']"
71,72,Zaregoto Series,8.65,Light Novel,unfinished,Feb 2002,unfinished,25112,"['Comedy', 'Drama', 'Mystery', 'Supernatural', 'Vampire']"
72,73,Yagate Kimi ni Naru,8.65,Manga,8 vols,Apr 2015,Sep 2019,112874,"['Drama', 'Fantasy', 'Mystery', 'Supernatural', 'Shounen']"
73,74,Kimi no Suizou wo Tabetai,8.65,Novel,1 vols,Jun 2015,Jun 2015,9176,"['Award Winning', 'Comedy', 'Romance', 'School', 'Seinen']"
74,75,Bungou Stray Dogs: Beast,8.65,Manga,4 vols,Dec 2019,Jan 2022,17167,['Drama']
75,76,Medalist,8.65,Manga,unfinished,May 2020,unfinished,15879,"['Action', 'Award Winning', 'Comedy', 'Drama', 'Ecchi', 'Delinquents', 'School', 'Workplace', 'Shounen']"
76,77,Violet Evergarden,8.64,Light Novel,2 vols,Dec 2015,Dec 2016,29016,"['Award Winning', 'Drama', 'Slice of Life', 'Childcare', 'Iyashikei', 'Strategy Game', 'Seinen']"
77,78,Kusuriya no Hitorigoto,8.64,Manga,unfinished,May 2017,unfinished,74812,"['Award Winning', 'Sports', 'School', 'Team Sports', 'Shounen']"
78,79,Umineko no Naku Koro ni Chiru - Episode 7: Requiem of the Golden Witch,8.64,Manga,9 vols,Apr 2011,Mar 2015,14600,"['Action', 'Adventure', 'Boys Love', 'Drama', 'Supernatural', 'Historical']"
79,80,Mahoutsukai no Yoru,8.64,Light Novel,1 vols,Apr 2012,Apr 2012,5704,"['Drama', 'Mystery', 'Supernatural', 'Suspense', 'Psychological', 'Shounen']"
80,81,Sayonara Eri,8.64,Manga,1 vols,Apr 2022,Apr 2022,138188,"['Mystery', 'Supernatural']"
81,82,Wind Breaker,8.63,Manhwa,unfinished,Dec 2013,unfinished,58791,"['Action', 'Comedy', 'Fantasy', 'Sci-Fi', 'Supernatural', 'Super Power']"
82,83,Gintama,8.63,Manga,77 vols,Dec 2003,Jun 2019,98539,"['Comedy', 'Drama', 'Romance', 'Slice of Life', 'School']"
83,84,Kozure Ookami,8.63,Manga,28 vols,Sep 1970,Apr 1976,49273,"['Action', 'Adventure', 'Award Winning', 'Historical', 'Seinen']"
84,85,Ginga Eiyuu Densetsu,8.63,Novel,10 vols,Nov 1982,Nov 1987,10624,"['Action', 'Drama', 'Sports']"
85,86,Kimi to Tsuzuru Utakata,8.63,Manga,6 vols,May 2020,Jan 2024,21767,"['Girls Love', 'School']"
86,87,Mo Dao Zu Shi,8.63,Manhua,unfinished,Dec 2017,Oct 2022,15618,"['Action', 'Adventure', 'Boys Love', 'Mystery', 'Supernatural', 'Historical']"
87,88,Shinyaku Toaru Majutsu no Index,8.63,Light Novel,23 vols,Mar 2011,Jul 2019,16084,"['Action', 'Comedy', 'Sci-Fi', 'Gag Humor', 'Historical', 'Parody', 'Samurai', 'Shounen']"
88,89,ReLIFE,8.63,Manga,15 vols,Oct 2013,Mar 2018,167636,"['Action', 'Historical', 'Samurai', 'Seinen']"
89,90,Golden Kamuy,8.63,Manga,31 vols,Aug 2014,Apr 2022,99855,"['Action', 'Adventure', 'Drama', 'Sci-Fi', 'Adult Cast', 'Military', 'Space']"
90,91,Overlord,8.62,Light Novel,unfinished,Jul 2012,unfinished,65323,"['Adventure', 'Comedy', 'Drama', 'Sci-Fi', 'Slice of Life', 'Iyashikei', 'Shounen']"
91,92,Aria,8.62,Manga,12 vols,Feb 2002,Feb 2008,40584,"['Action', 'Award Winning', 'Mystery', 'Sci-Fi', 'Suspense', 'Detective', 'Psychological', 'Seinen']"
92,93,Pluto,8.62,Manga,8 vols,Sep 2003,Apr 2009,129187,"['Action', 'Fantasy', 'Isekai']"
93,94,Mob Psycho 100,8.61,Manga,16 vols,Apr 2012,Dec 2017,122167,"['Action', 'Award Winning', 'Comedy', 'Supernatural', 'Super Power']"
94,95,Seishun Buta Yarou Series,8.61,Light Novel,15 vols,Apr 2014,Oct 2024,28351,"['Drama', 'Romance', 'Supernatural', 'School']"
95,96,Ao Ashi,8.61,Manga,unfinished,Jan 2015,unfinished,35253,"['Adventure', 'Mystery', 'School']"
96,97,Blue Period,8.61,Manga,unfinished,Jun 2017,unfinished,132770,"['Action', 'Adventure', 'Fantasy', 'Urban Fantasy']"
97,98,Koten-bu Series,8.61,Novel,unfinished,Oct 2001,unfinished,19097,"['Award Winning', 'Sports', 'Team Sports', 'Seinen']"
98,99,Omniscient Reader's Viewpoint,8.61,Manhwa,unfinished,May 2020,unfinished,137819,"['Award Winning', 'Drama', 'School', 'Visual Arts', 'Seinen']"
99,100,Skip to Loafer,8.60,Manga,unfinished,Aug 2018,unfinished,44363,"['Adventure', 'Comedy', 'Fantasy', 'Isekai', 'Parody']"
100,101,Kono Subarashii Sekai ni Shukufuku wo!,8.60,Light Novel,17 vols,Oct 2013,May 2020,55885,"['Action', 'Adventure', 'Drama', 'Delinquents', 'Shoujo']"
101,102,Banana Fish,8.60,Manga,19 vols,Apr 1985,Mar 1994,60915,"['Award Winning', 'Drama', 'School', 'Seinen']"
102,103,Usogui,8.60,Manga,49 vols,May 2006,Dec 2017,45247,['Romance']
103,104,Seasons of Blossom,8.59,Manhwa,12 vols,Jun 2020,Mar 2023,14567,"['Boys Love', 'Comedy']"
104,105,"Umarekawattemo Mata, Watashi to Kekkon shitekuremasu ka",8.59,Manga,4 vols,Oct 2017,Sep 2019,30059,"['Romance', 'Love Polygon']"
105,106,19 Tian,8.59,Manhua,unfinished,Oct 2018,unfinished,11559,"['Award Winning', 'Drama', 'Romance', 'Music', 'School', 'Shounen']"
106,107,Shigatsu wa Kimi no Uso,8.59,Manga,11 vols,Apr 2011,Feb 2015,82931,"['Drama', 'Adult Cast', 'High Stakes Game', 'Psychological', 'Strategy Game', 'Seinen']"
107,108,Tobaku Datenroku Kaiji: One Poker-hen,8.58,Manga,16 vols,Jun 2013,Aug 2017,9786,"['Adventure', 'Drama', 'Fantasy']"
108,109,Kino no Tabi: The Beautiful World,8.58,Light Novel,unfinished,Mar 2000,unfinished,20258,"['Action', 'Drama', 'Mystery', 'Sci-Fi', 'Suspense', 'Mecha', 'Psychological', 'Seinen', 'Shounen']"
109,110,Shinseiki Evangelion,8.57,Manga,14 vols,Dec 1994,Jun 2013,119124,"['Action', 'Supernatural', 'Shounen']"
110,111,JoJo no Kimyou na Bouken Part 4: Diamond wa Kudakenai,8.57,Manga,18 vols,Apr 1992,Nov 1995,107666,"['Award Winning', 'Drama', 'Love Polygon', 'Strategy Game', 'Josei']"
111,112,Chihayafuru,8.57,Manga,50 vols,Dec 2007,Aug 2022,49627,"['Adventure', 'Fantasy', 'Mystery', 'Shounen']"
112,113,Pandora Hearts,8.56,Manga,24 vols,May 2006,Mar 2015,182327,"['Award Winning', 'Romance', 'Historical', 'Seinen']"
113,114,Otoyomegatari,8.56,Manga,unfinished,Oct 2008,unfinished,75811,"['Sports', 'School', 'Team Sports', 'Shounen']"
114,115,The Fable,8.56,Manga,22 vols,Nov 2014,Nov 2019,56517,"['Award Winning', 'Comedy', 'Suspense', 'Adult Cast', 'Organized Crime', 'Seinen']"
115,116,After School Lessons for Unripe Apples,8.56,Manhwa,unfinished,Dec 2020,unfinished,6933,"['Romance', 'School']"
116,117,Diamond no Ace Act II,8.56,Manga,34 vols,Aug 2015,Oct 2022,17905,"['Comedy', 'School']"
117,118,Jibaku Shounen Hanako-kun,8.55,Manga,unfinished,Dec 2014,unfinished,120852,"['Comedy', 'Drama', 'Romance', 'Love Polygon', 'Showbiz', 'Shoujo']"
118,119,Umineko no Naku Koro ni,8.55,Light Novel,8 vols,Jul 2009,Aug 2010,6951,"['Drama', 'Fantasy', 'Romance', 'Sci-Fi', 'Supernatural', 'Historical', 'Psychological', 'Space', 'Shounen']"
119,120,Skip Beat!,8.55,Manga,unfinished,Feb 2002,unfinished,93586,"['Action', 'Fantasy', 'Mystery', 'Psychological', 'Urban Fantasy']"
120,121,Hi no Tori (1967),8.55,Manga,16 vols,Dec 1966,Feb 1988,23892,"['Drama', 'Mystery', 'Supernatural', 'Detective', 'Historical', 'Psychological', 'Seinen']"
121,122,Kara no Kyoukai: The Garden of Sinners,8.55,Light Novel,2 vols,Oct 1998,Aug 1999,17661,"['Action', 'Adventure', 'Fantasy', 'Martial Arts']"
122,123,Billy Bat,8.55,Manga,20 vols,Oct 2008,Aug 2016,75945,"['Action', 'Award Winning', 'Drama', 'Gore', 'Military', 'Survival', 'Shounen']"
123,124,Shingeki no Kyojin,8.55,Manga,34 vols,Sep 2009,Apr 2021,672776,"['Fantasy', 'Horror', 'Mystery', 'Supernatural', 'Suspense', 'Psychological']"
124,125,Nan Hao Shang Feng,8.55,Manhua,unfinished,Apr 2021,unfinished,18633,"['Supernatural', 'School', 'Shounen']"
125,126,The Legend of the Northern Blade,8.55,Manhwa,unfinished,Dec 2019,Nov 2024,42818,"['Comedy', 'Romance', 'Supernatural', 'Harem', 'School', 'Time Travel']"
126,127,Rurouni Kenshin: Meiji Kenkaku Romantan,8.54,Manga,28 vols,Apr 1994,Sep 1999,100969,"['Action', 'Drama', 'Historical', 'Samurai', 'Shounen']"
127,128,Kamisama Hajimemashita,8.54,Manga,25 vols,Feb 2008,May 2016,92477,"['Comedy', 'Fantasy', 'Romance', 'Supernatural', 'Mythology', 'Shoujo']"
128,129,One Outs,8.54,Manga,20 vols,Nov 1998,Aug 2006,36345,"['Sports', 'Adult Cast', 'Psychological', 'Team Sports', 'Seinen']"
129,130,Webtoon Character Na Kang Lim,8.54,Manhwa,unfinished,May 2021,Jul 2024,8049,"['Award Winning', 'Drama', 'Romance', 'Supernatural', 'Love Polygon', 'School', 'Shoujo']"
130,131,Eleceed,8.53,Manhwa,unfinished,Oct 2018,unfinished,31623,[]
131,132,Mushoku Tensei: Dasoku-hen,8.53,Light Novel,unfinished,Jun 2023,unfinished,2487,"['Comedy', 'Drama', 'Sci-Fi', 'Supernatural', 'School']"
132,133,Hirayasumi,8.53,Manga,unfinished,Apr 2021,unfinished,17283,"['Drama', 'Sports', 'Seinen']"
133,134,Sasaki to Miyano,8.53,Manga,unfinished,Feb 2016,unfinished,38509,"['Action', 'Super Power']"
134,135,Monogatari Series: Monster Season,8.53,Light Novel,6 vols,Jul 2017,Aug 2021,8212,"['Fantasy', 'Slice of Life', 'Isekai', 'Reincarnation']"
135,136,Umineko no Naku Koro ni Chiru,8.53,Light Novel,7 vols,Jul 2012,Sep 2018,4088,"['Slice of Life', 'Seinen']"
136,137,Fruits Basket,8.53,Manga,23 vols,Jul 1998,Nov 2006,146696,"['Boys Love', 'Otaku Culture', 'School']"
137,138,Suzumiya Haruhi Series,8.53,Light Novel,unfinished,Jun 2003,unfinished,39159,"['Comedy', 'Mystery', 'Supernatural', 'Vampire']"
138,139,Ping Pong,8.53,Manga,5 vols,1996,1997,23049,"['Fantasy', 'Horror', 'Mystery', 'Supernatural', 'Suspense', 'Psychological']"
139,140,Tokyo Ghoul,8.53,Manga,14 vols,Sep 2011,Sep 2014,529642,"['Action', 'Fantasy', 'Horror', 'Gore', 'Psychological', 'Urban Fantasy', 'Seinen']"
140,141,Steins;Gate,8.52,Light Novel,5 vols,Jun 2011,May 2012,14040,"['Sci-Fi', 'Suspense']"
141,142,Shuumatsu Nani Shitemasu ka? Isogashii desu ka? Sukutte Moratte Ii desu ka?,8.52,Light Novel,5 vols,Nov 2014,Apr 2016,26775,"['Drama', 'Fantasy', 'Romance', 'Sci-Fi']"
142,143,Umineko no Naku Koro ni Chiru - Episode 5: End of the Golden Witch,8.51,Manga,6 vols,Oct 2010,Nov 2012,16253,"['Action', 'Award Winning', 'Drama', 'Sci-Fi', 'Mecha', 'Military', 'Space', 'Shounen']"
143,144,Kidou Senshi Gundam: The Origin,8.51,Manga,24 vols,Jun 2001,Jun 2014,16830,"['Action', 'Fantasy', 'Mystery', 'Organized Crime']"
144,145,Baccano!,8.51,Light Novel,22 vols,Feb 2003,Aug 2016,20593,"['Drama', 'Fantasy', 'Horror', 'Mystery', 'Supernatural', 'Suspense', 'Psychological', 'Shounen']"
145,146,Ouran Koukou Host Club,8.50,Manga,18 vols,Jul 2002,Sep 2010,131639,"['Award Winning', 'Slice of Life', 'Memoir', 'Otaku Culture', 'Visual Arts', 'Josei']"
146,147,Fate/Zero,8.50,Light Novel,4 vols,Dec 2006,Dec 2007,28619,"['Boys Love', 'Drama', 'Music', 'School']"
147,148,Watashitachi no Shiawase na Jikan,8.50,Manga,1 vols,Mar 2008,Aug 2008,118705,"['Action', 'Adventure', 'Fantasy', 'Martial Arts', 'Reincarnation']"
148,149,Monogatari Series: Off Season,8.50,Light Novel,4 vols,Oct 2015,Jan 2017,7063,"['Comedy', 'Drama', 'Romance', 'Crossdressing', 'Reverse Harem', 'School', 'Shoujo']"
149,150,Kakukaku Shikajika,8.50,Manga,5 vols,Nov 2011,Jan 2015,28308,"['Action', 'Fantasy', 'Urban Fantasy']"
150,151,Given,8.50,Manga,9 vols,Apr 2013,Mar 2023,66255,"['Drama', 'Romance', 'Music', 'Psychological', 'Seinen']"
151,152,Bungou Stray Dogs,8.49,Manga,unfinished,Dec 2012,unfinished,96756,"['Comedy', 'Drama', 'Mystery', 'Supernatural', 'Vampire']"
152,153,Blue Giant,8.49,Manga,10 vols,May 2013,Aug 2016,24084,['Seinen']
153,154,The Boxer,8.49,Manhwa,unfinished,Dec 2019,May 2022,47164,"['Drama', 'Romance']"
154,155,Return of the Blossoming Blade,8.49,Manhwa,unfinished,Mar 2021,unfinished,27646,"['Action', 'Mystery', 'Supernatural', 'Detective', 'Seinen']"
155,156,Bakemonogatari,8.49,Manga,22 vols,Mar 2018,Mar 2023,40505,"['Award Winning', 'Music', 'Seinen']"
156,157,Yagate Kimi ni Naru: Saeki Sayaka ni Tsuite,8.49,Light Novel,3 vols,Nov 2018,Mar 2020,7733,"['Action', 'Comedy', 'Drama', 'Mystery', 'Romance', 'Supernatural', 'Vampire', 'Shounen']"
157,158,Spy x Family,8.49,Manga,unfinished,Mar 2019,unfinished,317874,"['Drama', 'Girls Love', 'School']"
158,159,Yubisaki to Renren,8.49,Manga,unfinished,Jul 2019,unfinished,54862,"['Action', 'Comedy', 'Childcare', 'Shounen']"
159,160,Sakamichi no Apollon,8.49,Manga,9 vols,Sep 2007,Jan 2012,31699,"['Romance', 'Adult Cast', 'Shoujo']"
160,161,Berserk: Shinen no Kami 2,8.49,One-shot,unfinished,Jul 1996,Jul 1996,19213,"['Award Winning', 'Drama', 'Romance', 'Love Polygon', 'Music', 'School', 'Josei']"
161,162,Kimi no Suizou wo Tabetai,8.49,Manga,2 vols,Aug 2016,May 2017,46958,"['Drama', 'Sports', 'Combat Sports']"
162,163,Tensei shitara Slime Datta Ken,8.48,Light Novel,unfinished,May 2014,unfinished,41732,"['Drama', 'Horror', 'Mystery', 'Romance', 'Gore', 'Psychological']"
163,164,Spirit Circle,8.48,Manga,6 vols,May 2012,Mar 2016,47143,"['Award Winning', 'Sports', 'Team Sports', 'Shounen']"
164,165,Bastard,8.48,Manhwa,5 vols,Jul 2014,May 2016,143031,"['Fantasy', 'Isekai', 'Reincarnation']"
165,166,Blue Lock,8.48,Manga,unfinished,Aug 2018,unfinished,194775,"['Action', 'Adventure', 'Comedy', 'Drama', 'Romance', 'Supernatural', 'Reincarnation', 'Seinen']"
166,167,Shimeji Simulation,8.47,Manga,5 vols,Jan 2019,Nov 2023,22134,"['Action', 'Adventure', 'Award Winning', 'Mystery', 'Supernatural', 'Seinen']"
167,168,Here U Are,8.47,Manhua,unfinished,Nov 2017,Dec 2020,29943,"['Comedy', 'Drama', 'Romance', 'Slice of Life']"
168,169,Who Made Me a Princess,8.47,Manhwa,9 vols,Dec 2017,Apr 2022,57106,"['Slice of Life', 'School']"
169,170,Otonari no Tenshi-sama ni Itsunomanika Dame Ningen ni Sareteita Ken,8.47,Light Novel,unfinished,Jun 2019,unfinished,21591,"['Boys Love', 'Drama', 'Slice of Life', 'School']"
170,171,Vanitas no Karte,8.47,Manga,unfinished,Dec 2015,unfinished,69864,"['Drama', 'Fantasy', 'Reincarnation']"
171,172,Cross Game,8.47,Manga,17 vols,Sep 2005,Feb 2010,22421,"['Comedy', 'Romance']"
172,173,JoJo no Kimyou na Bouken Part 8: JoJolion,8.47,Manga,27 vols,May 2011,Aug 2021,160089,"['Fantasy', 'Historical', 'Urban Fantasy', 'Vampire', 'Shounen']"
173,174,Chikan Otoko,8.47,Manga,unfinished,2004,2004,48956,"['Romance', 'Supernatural', 'Shoujo']"
174,175,"Ohayou, Ibarahime",8.47,Manga,6 vols,Nov 2014,May 2017,38702,"['Award Winning', 'Comedy', 'Drama', 'Romance', 'Sports', 'School', 'Team Sports', 'Shounen']"
175,176,Shimanami Tasogare,8.46,Manga,4 vols,Mar 2015,May 2018,65123,"['Sports', 'Team Sports', 'Shounen']"
176,177,blanc,8.46,Manga,2 vols,Feb 2018,Sep 2020,8891,"['Comedy', 'Fantasy', 'Romance', 'Supernatural', 'Harem', 'Otaku Culture', 'School', 'Shounen']"
177,178,Dandadan,8.46,Manga,unfinished,Apr 2021,unfinished,180590,"['Boys Love', 'Drama', 'Slice of Life']"
178,179,Hinamatsuri,8.46,Manga,19 vols,Jun 2010,Jul 2020,56867,"['Action', 'Comedy', 'Supernatural', 'Shounen']"
179,180,Eyeshield 21,8.46,Manga,37 vols,Jul 2002,Jun 2009,79495,"['Comedy', 'Supernatural', 'Childcare', 'Organized Crime', 'Seinen']"
180,181,Kami nomi zo Shiru Sekai,8.46,Manga,26 vols,Apr 2008,Apr 2014,112116,"['Drama', 'Slice of Life', 'Psychological', 'Seinen']"
181,182,Ookami to Koushinryou,8.45,Manga,16 vols,Sep 2007,Dec 2017,43374,"['Mystery', 'Suspense', 'Adult Cast', 'Historical', 'Psychological', 'Shounen']"
182,183,Fullmetal Alchemist,8.45,Light Novel,6 vols,Feb 2003,Mar 2007,17697,"['Action', 'Comedy', 'Fantasy', 'Isekai', 'Reincarnation']"
183,184,Rainbow: Nisha Rokubou no Shichinin,8.45,Manga,22 vols,Nov 2002,Jan 2010,38654,"['Adventure', 'Drama', 'Fantasy', 'Romance', 'Supernatural', 'Adult Cast', 'Historical', 'Seinen']"
184,185,Yuukoku no Moriarty,8.45,Manga,unfinished,Aug 2016,unfinished,38678,"['Action', 'Adventure', 'Drama', 'Fantasy', 'Military']"
185,186,Lost in the Cloud,8.45,Manhwa,unfinished,Nov 2020,Jan 2025,9641,"['Award Winning', 'Drama', 'Delinquents', 'Historical', 'Psychological', 'Seinen']"
186,187,Song of the Long March,8.45,Manhua,unfinished,Feb 2011,unfinished,30801,"['Boys Love', 'Psychological', 'School']"
187,188,Kage no Jitsuryokusha ni Naritakute!,8.45,Light Novel,unfinished,Nov 2018,unfinished,25311,"['Action', 'Adventure', 'Drama', 'Historical']"
188,189,Spirit Fingers,8.44,Manhwa,13 vols,May 2015,Jul 2018,7874,"['Drama', 'Horror', 'Mystery', 'Supernatural', 'Shounen']"
189,190,Hirano to Kagiura,8.44,Manga,unfinished,Mar 2019,unfinished,11020,"['Action', 'Adventure', 'Fantasy', 'Martial Arts', 'Shounen']"
190,191,Souyaku Toaru Majutsu no Index,8.44,Light Novel,unfinished,Feb 2020,unfinished,3678,"['Adventure', 'Award Winning', 'Comedy', 'Sci-Fi', 'Slice of Life', 'Anthropomorphic', 'School', 'Kids', 'Shounen']"
191,192,Dragon Ball,8.44,Manga,42 vols,Nov 1984,May 1995,171652,"['Drama', 'Romance', 'Performing Arts', 'Showbiz', 'Shoujo']"
192,193,Doraemon,8.44,Manga,45 vols,Dec 1969,1996,15945,"['Action', 'Delinquents', 'Martial Arts', 'Psychological', 'Seinen']"
193,194,Glass no Kamen,8.44,Manga,49 vols,Jan 1976,May 2012,12636,"['Action', 'Comedy', 'Delinquents', 'School', 'Shounen']"
194,195,Holyland,8.44,Manga,18 vols,Oct 2000,May 2008,91713,"['Comedy', 'Romance', 'Slice of Life']"
195,196,Kyou kara Ore wa!!,8.44,Manga,38 vols,1988,Oct 1997,22382,"['Boys Love', 'Slice of Life', 'School', 'Josei']"
196,197,Umineko no Naku Koro ni Chiru - Episode 6: Dawn of the Golden Witch,8.44,Manga,6 vols,Nov 2010,Nov 2012,14291,"['Action', 'Comedy', 'Fantasy', 'Sci-Fi', 'Supernatural', 'Super Power']"
197,198,Kininatteru Hito ga Otoko ja Nakatta,8.44,Manga,unfinished,Apr 2023,unfinished,35194,"['Girls Love', 'Music']"
198,199,Solo Leveling,8.43,Novel,13 vols,Nov 2016,Oct 2017,10615,"['Award Winning', 'Drama', 'Mystery', 'Sci-Fi', 'Psychological', 'Seinen']"
199,200,Gekkan Shoujo Nozaki-kun,8.43,Manga,unfinished,Aug 2011,unfinished,83038,"['Fantasy', 'Isekai']"
200,201,21st Century Boys,8.43,Manga,2 vols,Dec 2006,Jul 2007,101434,"['Comedy', 'Slice of Life', 'Childcare', 'Iyashikei', 'Visual Arts', 'Shounen']"
201,202,Juuni Kokuki,8.43,Light Novel,unfinished,Jun 1992,unfinished,10011,"['Comedy', 'Romance', 'Otaku Culture', 'School']"
202,203,Barakamon,8.43,Manga,20 vols,Feb 2008,Jul 2023,43472,"['Action', 'Adventure', 'Fantasy', 'Adult Cast', 'Urban Fantasy']"
203,204,Tobaku Mokushiroku Kaiji,8.42,Manga,13 vols,Feb 1996,Jul 1999,22053,"['Drama', 'Fantasy', 'Romance', 'Reverse Harem', 'Villainess']"
204,205,"Natsu e no Tunnel, Sayonara no Deguchi",8.42,Light Novel,1 vols,Jul 2019,Jul 2019,7366,"['Award Winning', 'Drama', 'Adult Cast', 'High Stakes Game', 'Strategy Game', 'Seinen']"
205,206,Shiori Experience: Jimi na Watashi to Hen na Ojisan,8.42,Manga,unfinished,Oct 2013,unfinished,20863,"['Action', 'Mystery', 'Supernatural', 'Detective']"
206,207,Bungou Stray Dogs,8.42,Light Novel,unfinished,Apr 2014,unfinished,12000,"['Drama', 'Mystery', 'Sci-Fi']"
207,208,No Game No Life,8.42,Light Novel,unfinished,Apr 2012,unfinished,61566,"['Comedy', 'Fantasy', 'Ecchi', 'Isekai', 'Strategy Game']"
208,209,Villains Are Destined to Die,8.42,Manhwa,unfinished,May 2020,unfinished,36124,"['Comedy', 'Supernatural', 'Music', 'School', 'Seinen']"
209,210,Toshokan no Daimajutsushi,8.41,Manga,unfinished,Nov 2017,unfinished,20227,"['Girls Love', 'Slice of Life', 'School']"
210,211,Kimi wa Houkago Insomnia,8.41,Manga,14 vols,May 2019,Aug 2023,52347,"['Action', 'Fantasy', 'Isekai', 'Military', 'Reincarnation']"
211,212,Adachi to Shimamura,8.41,Light Novel,unfinished,Oct 2012,unfinished,11532,"['Fantasy', 'Seinen']"
212,213,Youjo Senki,8.41,Light Novel,unfinished,Oct 2013,unfinished,25030,"['Romance', 'School', 'Seinen']"
213,214,Mugen no Juunin,8.41,Manga,30 vols,Jun 1993,Dec 2012,86328,"['Action', 'Adventure', 'Drama', 'Supernatural', 'Historical', 'Martial Arts', 'Samurai', 'Seinen']"
214,215,Kuroshitsuji,8.41,Manga,unfinished,Sep 2006,unfinished,164311,"['Action', 'Fantasy', 'Mystery', 'Supernatural', 'Historical', 'Mythology', 'Shounen']"
215,216,Look Back,8.41,Manga,1 vols,Jul 2021,Jul 2021,111665,"['Romance', 'School', 'Shounen']"
216,217,Horimiya,8.41,Manga,17 vols,Oct 2011,Mar 2021,346592,"['Drama', 'Shounen']"
217,218,Nodame Cantabile,8.40,Manga,25 vols,Jul 2001,Aug 2010,28538,"['Award Winning', 'Drama', 'Historical', 'Seinen']"
218,219,Basara,8.40,Manga,27 vols,Aug 1990,May 1998,25803,"['Slice of Life', 'CGDCT', 'Iyashikei']"
219,220,Tobaku Hakairoku Kaiji,8.40,Manga,13 vols,Nov 2000,Apr 2004,11947,"['Award Winning', 'Comedy', 'Romance', 'Slice of Life', 'Adult Cast', 'Music', 'Josei']"
220,221,Onanie Master Kurosawa,8.40,Manga,4 vols,Sep 2007,Mar 2008,144679,"['Adventure', 'Award Winning', 'Drama', 'Fantasy', 'Romance', 'Shoujo']"
221,222,Innocent Rouge,8.40,Manga,12 vols,May 2015,Jan 2020,32198,"['Drama', 'Adult Cast', 'High Stakes Game', 'Strategy Game']"
222,223,Yuru Camp△,8.40,Manga,unfinished,May 2015,unfinished,20322,"['Drama', 'Psychological', 'School']"
223,224,Kimi no Na wa.,8.39,Manga,3 vols,May 2016,Jan 2017,93388,"['Action', 'Comedy', 'Drama', 'Martial Arts', 'School']"
224,225,The Breaker,8.39,Manhwa,10 vols,Jun 2007,Jul 2010,146304,"['Drama', 'Seinen']"
225,226,Mayonaka Heart Tune,8.39,Manga,unfinished,Sep 2023,unfinished,13249,"['Comedy', 'Romance', 'Harem', 'School', 'Showbiz', 'Shounen']"
226,227,No.6,8.38,Novel,9 vols,Oct 2003,Jun 2011,21940,['Drama']
227,228,Imawa no Kuni no Alice,8.38,Manga,18 vols,Nov 2010,Mar 2016,87588,"['Suspense', 'High Stakes Game', 'Psychological', 'Strategy Game', 'Shounen']"
228,229,Koe no Katachi,8.38,One-shot,unfinished,Jan 2011,Jan 2011,62201,"['Adventure', 'Romance', 'Historical', 'Shoujo']"
229,230,"Mata, Onaji Yume wo Miteita",8.38,Manga,3 vols,Sep 2017,Aug 2018,23796,"['Action', 'Sci-Fi', 'Seinen']"
230,231,Tomodachi Game,8.38,Manga,26 vols,Dec 2013,Aug 2024,84387,"['Comedy', 'Romance', 'School', 'Shoujo']"
231,232,Shousetsu Akatsuki no Yona: Onaji Tsuki no Shita de,8.38,Light Novel,1 vols,Mar 2015,Mar 2015,12995,"['Comedy', 'Gag Humor', 'School', 'Shounen']"
232,233,Gunnm,8.38,Manga,9 vols,Nov 1990,Mar 1995,87366,"['Drama', 'Slice of Life', 'Childcare', 'Seinen']"
233,234,Kaichou wa Maid-sama!,8.38,Manga,18 vols,Dec 2005,Sep 2013,168913,"['Action', 'Fantasy', 'Sci-Fi', 'Super Power', 'Urban Fantasy']"
234,235,Nichijou,8.38,Manga,unfinished,Jun 2006,unfinished,41648,"['Action', 'Mystery', 'Sci-Fi']"
235,236,My Girl,8.38,Manga,5 vols,Jun 2006,Sep 2010,34603,"['Action', 'Horror', 'Supernatural', 'Gore', 'High Stakes Game', 'Psychological', 'Survival', 'Shounen']"
236,237,Toaru Majutsu no Index,8.38,Light Novel,22 vols,Apr 2004,Oct 2010,31794,"['Drama', 'School', 'Shounen']"
237,238,Love Bullet,8.38,Manga,unfinished,Oct 2023,unfinished,8766,"['Action', 'Drama', 'Girls Love', 'Supernatural', 'Reincarnation', 'Seinen']"
238,239,Daytime Star,8.37,Manhwa,unfinished,Jun 2021,Jan 2023,9288,"['Comedy', 'Girls Love', 'Slice of Life', 'School']"
239,240,The Breaker: New Waves,8.37,Manhwa,20 vols,Oct 2010,May 2015,95365,"['Romance', 'Adult Cast', 'Showbiz']"
240,241,xxxHOLiC,8.37,Manga,19 vols,Feb 2003,Feb 2011,86945,"['Action', 'Comedy', 'Drama', 'Romance', 'Martial Arts', 'School']"
241,242,Azumanga Daioh,8.37,Manga,4 vols,Jan 1999,Mar 2002,57010,"['Award Winning', 'Fantasy', 'Isekai', 'Reincarnation', 'Shounen']"
242,243,Cardcaptor Sakura,8.37,Manga,12 vols,May 1996,Jul 2000,66529,"['Comedy', 'Drama', 'Mystery', 'Supernatural', 'Seinen']"
243,244,Kiseijuu,8.37,Manga,10 vols,Nov 1989,Dec 1995,106850,"['Comedy', 'Slice of Life', 'CGDCT', 'School']"
244,245,SKET Dance,8.37,Manga,32 vols,Jul 2007,Jul 2013,34010,"['Adventure', 'Award Winning', 'Comedy', 'Fantasy', 'Romance', 'Mahou Shoujo', 'Shoujo']"
245,246,Bakuman.,8.37,Manga,20 vols,Aug 2008,Apr 2012,179473,"['Action', 'Award Winning', 'Horror', 'Sci-Fi', 'Gore', 'Psychological', 'Seinen']"
246,247,SQ: Begin W/Your Name!,8.37,Manhua,1 vols,Oct 2015,Oct 2015,65596,"['Award Winning', 'Comedy', 'Drama', 'School', 'Shounen']"
247,248,Tensei shitara Slime Datta Ken,8.37,Manga,unfinished,Mar 2015,unfinished,138395,"['Comedy', 'Drama', 'Romance', 'Otaku Culture', 'Shounen']"
248,249,Kimi no Yoru ni Fureru,8.36,Manga,1 vols,Aug 2021,Aug 2022,5487,"['Drama', 'Romance', 'Historical', 'Military', 'Shoujo']"
249,250,Shadows House,8.36,Manga,unfinished,Sep 2018,unfinished,44932,"['Drama', 'Horror', 'Mystery', 'Psychological', 'Shounen']"
250,251,Ikoku Nikki,8.36,Manga,11 vols,Jun 2017,Jun 2023,7810,"['Action', 'Adventure', 'Comedy', 'Fantasy', 'Isekai', 'Reincarnation']"
251,252,Tower of God,8.36,Manhwa,unfinished,Jul 2010,unfinished,201433,"['Fantasy', 'Mystery', 'Seinen']"
252,253,"Kumo desu ga, Nani ka?",8.36,Light Novel,16 vols,Dec 2015,Jan 2022,28505,"['Drama', 'Josei']"
253,254,Noragami,8.36,Manga,27 vols,Dec 2010,Jan 2024,190584,"['Action', 'Adventure', 'Drama', 'Fantasy', 'Mystery']"
254,255,Boku dake ga Inai Machi,8.36,Manga,9 vols,Jun 2012,Nov 2016,91018,"['Boys Love', 'Drama']"
255,256,Versailles no Bara,8.36,Manga,10 vols,May 1972,Dec 1973,19820,"['Action', 'Fantasy', 'Mythology', 'Shounen']"
256,257,Umineko no Naku Koro ni - Episode 3: Banquet of the Golden Witch,8.36,Manga,5 vols,Sep 2009,Jun 2011,16921,"['Mystery', 'Supernatural', 'Psychological', 'Time Travel', 'Seinen']"
257,258,Konjiki no Gash!!,8.35,Manga,33 vols,Jan 2001,Dec 2007,34666,"['Comedy', 'Drama', 'Romance', 'Sports', 'Performing Arts', 'School', 'Shounen']"
258,259,Homunculus,8.35,Manga,15 vols,Mar 2003,Feb 2011,152776,"['Comedy', 'Romance', 'Adult Cast', 'Otaku Culture', 'Workplace']"
259,260,Hadashi no Gen,8.35,Manga,10 vols,May 1973,Sep 1974,12616,"['Action', 'Supernatural', 'Super Power']"
260,261,Watashi no Oshi wa Akuyaku Reijou.: Revolution,8.35,Light Novel,unfinished,Dec 2021,unfinished,6390,"['Action', 'Adventure', 'Award Winning', 'Comedy', 'Supernatural', 'Shounen']"
261,262,Youkoso Jitsuryoku Shijou Shugi no Kyoushitsu e 0,8.35,Light Novel,1 vols,Dec 2022,Dec 2022,1817,"['Drama', 'Horror', 'Mystery', 'Supernatural', 'Psychological', 'Seinen']"
262,263,Fate/strange Fake,8.35,Light Novel,unfinished,Jan 2015,unfinished,10376,"['Drama', 'Historical', 'Shounen']"
263,264,Ballroom e Youkoso,8.35,Manga,unfinished,Nov 2011,unfinished,41586,"['Comedy', 'Fantasy', 'Girls Love', 'School', 'Villainess']"
264,265,Shousetsu Kimi no Na wa.,8.35,Novel,1 vols,Jun 2016,Jun 2016,8378,"['Action', 'Fantasy', 'Supernatural']"
265,266,Kieta Hatsukoi,8.35,Manga,9 vols,Jun 2019,Jun 2022,20060,['Drama']
266,267,Uma Musume Cinderella Gray,8.35,Manga,unfinished,Jun 2020,unfinished,3019,"['Award Winning', 'Boys Love', 'Comedy', 'Romance', 'School', 'Shoujo']"
267,268,Haruka Tooki Ie,8.35,Manga,1 vols,Sep 2020,Feb 2021,4191,"['Drama', 'Slice of Life', 'Sports', 'Seinen']"
268,269,Wotaku ni Koi wa Muzukashii,8.35,Manga,11 vols,Apr 2015,Jul 2021,142007,"['Boys Love', 'Drama']"
269,270,Bleach: Can't Fear Your Own World,8.35,Light Novel,3 vols,Aug 2017,Dec 2018,8432,"['Drama', 'Girls Love', 'Historical']"
270,271,Mairimashita! Iruma-kun,8.34,Manga,unfinished,Mar 2017,unfinished,63841,"['Comedy', 'Fantasy', 'Shounen']"
271,272,Kanata kara,8.34,Manga,14 vols,Sep 1991,Jan 2003,16771,"['Award Winning', 'Comedy', 'Drama', 'School', 'Shounen']"
272,273,Ten: Tenhou-doori no Kaidanji,8.34,Manga,18 vols,Aug 1989,Apr 2002,6606,"['Comedy', 'CGDCT', 'Iyashikei', 'Workplace']"
273,274,Her Tale of Shim Chong,8.34,Manhwa,7 vols,Sep 2017,Mar 2019,9329,"['Adventure', 'Award Winning', 'Fantasy', 'Romance', 'Isekai', 'Mythology', 'Shoujo']"
274,275,Gochuumon wa Usagi desu ka?,8.34,Manga,unfinished,Jan 2011,unfinished,7457,"['Drama', 'Adult Cast', 'Strategy Game']"
275,276,Gin no Saji,8.33,Manga,15 vols,Apr 2011,Nov 2019,43659,"['Drama', 'Psychological']"
276,277,Naruto Shinden Series,8.33,Light Novel,3 vols,Sep 2015,Nov 2015,12604,"['Action', 'Adventure', 'Fantasy', 'Martial Arts', 'Shounen']"
277,278,Violet Evergarden Gaiden,8.33,Light Novel,1 vols,Mar 2018,Mar 2018,3563,"['Drama', 'Fantasy']"
278,279,Mahoutsukai no Yome,8.33,Manga,unfinished,Nov 2013,unfinished,94720,"['Award Winning', 'Drama', 'Music', 'Seinen']"
279,280,Piano no Mori,8.33,Manga,26 vols,Aug 1998,Nov 2015,16424,"['Drama', 'Fantasy', 'Romance', 'Mythology', 'Urban Fantasy', 'Shounen']"
280,281,Lovely★Complex,8.32,Manga,17 vols,Aug 2001,Aug 2007,66231,"['Award Winning', 'Romance', 'School', 'Shoujo']"
281,282,Gakuen Alice,8.32,Manga,31 vols,Sep 2002,Jun 2013,43950,"['Fantasy', 'Mystery', 'Supernatural', 'Historical', 'Iyashikei', 'Seinen']"
282,283,Full Metal Panic! Sigma,8.32,Manga,19 vols,Apr 2005,Sep 2013,12716,"['Fantasy', 'Shounen']"
283,284,Durarara!!,8.32,Light Novel,13 vols,Apr 2004,Jan 2014,27789,"['Action', 'Fantasy', 'Isekai', 'Military', 'Reincarnation']"
284,285,JoJo no Kimyou na Bouken Part 9: The JoJoLands,8.32,Manga,unfinished,Feb 2023,unfinished,45394,"['Action', 'Adventure', 'Supernatural', 'Seinen']"
285,286,Amayo no Tsuki,8.32,Manga,unfinished,Jun 2021,unfinished,7509,"['Drama', 'Girls Love', 'School']"
286,287,I Shall Master This Family,8.32,Manhwa,unfinished,Feb 2021,unfinished,17044,"['Fantasy', 'Time Travel']"
287,288,Machida-kun no Sekai,8.32,Manga,7 vols,Mar 2015,Apr 2018,31851,"['Award Winning', 'Comedy', 'Drama', 'Romance', 'School', 'Shoujo']"
288,289,Mushishi Tokubetsu-hen: Hihamukage,8.32,Manga,1 vols,Nov 2013,Dec 2013,6095,"['Comedy', 'Drama', 'Romance', 'Love Polygon', 'School', 'Super Power', 'Shoujo']"
289,290,Totsukuni no Shoujo,8.32,Manga,11 vols,Sep 2015,Mar 2021,83297,"['Action', 'Romance', 'Mecha', 'Military', 'Shounen']"
290,291,Youjo Senki,8.32,Manga,unfinished,Apr 2016,unfinished,29922,"['Action', 'Drama', 'Romance', 'Supernatural']"
291,292,Whale Star: The Gyeongseong Mermaid,8.32,Manhwa,6 vols,Jun 2019,Jul 2021,3158,"['Drama', 'Romance', 'Historical']"
292,293,NHK ni Youkoso!,8.31,Novel,1 vols,Jan 2002,Jan 2002,5984,"['Comedy', 'Drama', 'Romance', 'Psychological']"
293,294,Teito Seihai Kitan: Fate/type Redline,8.31,Manga,unfinished,Dec 2019,unfinished,15233,"['Action', 'Comedy', 'Fantasy', 'Supernatural']"
294,295,Mars,8.31,Manga,15 vols,Jan 1996,Nov 2000,36839,['Fantasy']
295,296,Shin Angyo Onshi,8.31,Manga,17 vols,Mar 2001,Aug 2007,35847,"['Music', 'Seinen']"
296,297,Touch,8.31,Manga,26 vols,Aug 1981,Nov 1986,14423,"['Drama', 'Romance', 'Psychological', 'Shoujo']"
297,298,Black Jack,8.31,Manga,25 vols,Nov 1973,Oct 1983,24113,"['Action', 'Adventure', 'Drama', 'Fantasy', 'Supernatural', 'Historical', 'Seinen']"
298,299,Saikyou Densetsu Kurosawa,8.31,Manga,11 vols,Jan 2003,Sep 2006,27479,"['Award Winning', 'Comedy', 'Drama', 'Romance', 'Sports', 'Love Polygon', 'School', 'Team Sports', 'Shounen']"
299,300,Hoshi no Samidare,8.31,Manga,10 vols,Jun 2005,Aug 2010,60160,"['Award Winning', 'Drama', 'Medical', 'Shounen']"
300,301,Saiki Kusuo no Ψ-nan,8.31,Manga,26 vols,May 2012,Jul 2018,35050,"['Action', 'Comedy', 'Drama', 'Suspense', 'Delinquents', 'Psychological', 'Seinen']"
301,302,Ookami Kodomo no Ame to Yuki,8.31,Manga,3 vols,Apr 2012,Aug 2013,25722,"['Action', 'Supernatural', 'Suspense', 'Psychological', 'Seinen']"
302,303,Re:Zero kara Hajimeru Isekai Seikatsu Ex,8.31,Light Novel,unfinished,Jun 2015,unfinished,6428,"['Action', 'Fantasy', 'Military', 'Shounen']"
303,304,Blue Giant Supreme,8.31,Manga,11 vols,Sep 2016,Apr 2020,5007,"['Comedy', 'Supernatural', 'Gag Humor', 'School', 'Super Power', 'Shounen']"
304,305,Sensou Kyoushitsu,8.31,Manga,unfinished,Jun 2022,unfinished,7422,"['Drama', 'Fantasy', 'Romance', 'Slice of Life', 'Childcare', 'Seinen']"
305,306,Kimi ni Todoke,8.30,Manga,30 vols,Aug 2005,Nov 2017,126055,"['Comedy', 'CGDCT', 'Music']"
306,307,Death Note Another Note: Los Angeles BB Renzoku Satsujin Jiken,8.30,Novel,1 vols,Aug 2006,Aug 2006,36799,"['Boys Love', 'Drama', 'Slice of Life']"
307,308,Doukyuusei,8.30,Manga,1 vols,Jul 2006,Jul 2007,41389,"['Boys Love', 'Slice of Life']"
308,309,Daichouhen Doraemon,8.30,Manga,24 vols,Jan 1980,Mar 2004,3693,"['Action', 'Fantasy', 'Horror', 'Gore', 'Psychological', 'Urban Fantasy', 'Seinen']"
309,310,Takemitsuzamurai,8.30,Manga,8 vols,Aug 2006,Mar 2010,15041,"['Award Winning', 'Romance', 'Slice of Life', 'School', 'Shoujo']"
310,311,Bocchi the Rock!,8.30,Manga,unfinished,Dec 2017,unfinished,25163,['Mystery']
311,312,Canis Series,8.30,Manga,unfinished,Jun 2012,unfinished,11391,"['Boys Love', 'Slice of Life', 'School']"
312,313,Harukaze no Étranger,8.30,Manga,unfinished,Jul 2014,unfinished,23135,"['Adventure', 'Comedy', 'Fantasy', 'Sci-Fi', 'Slice of Life', 'Kids']"
313,314,Tokyo Ghoul:re,8.30,Manga,16 vols,Oct 2014,Jul 2018,301285,"['Award Winning', 'Slice of Life', 'Historical', 'Martial Arts', 'Samurai', 'Seinen']"
314,315,Chichi to Hige-Gorilla to Watashi,8.29,Manga,7 vols,Feb 2011,Nov 2018,8502,"['Action', 'Adventure', 'Drama', 'Fantasy', 'Shounen']"
315,316,Tsubasa: RESERVoir CHRoNiCLE,8.29,Manga,28 vols,May 2003,Oct 2009,82298,"['Award Winning', 'Comedy', 'Drama', 'Romance', 'Slice of Life', 'Love Polygon', 'School', 'Showbiz', 'Shoujo']"
316,317,Kodomo no Omocha,8.29,Manga,10 vols,Jul 1994,Oct 1998,23490,"['Drama', 'Romance', 'School', 'Visual Arts', 'Josei']"
317,318,Paradise Kiss,8.29,Manga,5 vols,Mar 1999,Mar 2003,56257,"['Action', 'Drama', 'Horror', 'Sci-Fi', 'Psychological', 'Seinen']"
318,319,Blame!,8.29,Manga,10 vols,Jan 1997,Jul 2003,165725,"['Action', 'Drama', 'Adult Cast', 'Military', 'Organized Crime', 'Seinen']"
319,320,Black Lagoon,8.29,Manga,unfinished,Apr 2002,unfinished,57692,"['Romance', 'Childcare', 'Shoujo']"
320,321,Love So Life,8.29,Manga,17 vols,Apr 2008,Jul 2015,60644,"['Drama', 'Horror', 'Mystery', 'Mythology', 'Psychological']"
321,322,Umineko no Naku Koro ni - Episode 4: Alliance of the Golden Witch,8.29,Manga,6 vols,Oct 2009,Feb 2012,15715,"['Comedy', 'Slice of Life', 'Childcare', 'Iyashikei', 'School', 'Shoujo']"
322,323,Gakuen Babysitters,8.29,Manga,unfinished,Sep 2009,unfinished,25477,"['Slice of Life', 'Pets']"
323,324,Ojisama to Neko,8.29,Manga,unfinished,Jun 2017,unfinished,22325,"['Award Winning', 'Drama', 'Adult Cast', 'Love Polygon', 'Performing Arts', 'Josei']"
324,325,Shouwa Genroku Rakugo Shinjuu,8.29,Manga,10 vols,Mar 2010,Jun 2016,9936,"['Comedy', 'Slice of Life', 'Childcare']"
325,326,Annarasumanara,8.28,Manhwa,3 vols,Jul 2010,Dec 2010,70984,"['Action', 'Adventure', 'Fantasy', 'Urban Fantasy', 'Shounen']"
326,327,Orange,8.28,Manga,7 vols,Mar 2012,Apr 2022,163736,"['Action', 'Adventure', 'Award Winning', 'Drama', 'Fantasy', 'Romance', 'Supernatural', 'Historical', 'Time Travel', 'Shoujo']"
327,328,Make Heroine ga Oosugiru!,8.28,Light Novel,unfinished,Jul 2021,unfinished,5185,"['Action', 'Horror', 'Supernatural', 'Adult Cast', 'Gore', 'Historical', 'Vampire', 'Seinen']"
328,329,SSS-Class Revival Hunter,8.28,Manhwa,unfinished,Dec 2020,unfinished,45228,"['Action', 'Adventure', 'Fantasy', 'Horror', 'Gore', 'Shounen']"
329,330,Leviathan,8.28,Manhwa,unfinished,Mar 2018,Apr 2022,15579,"['Action', 'Comedy', 'Drama', 'Romance', 'Crossdressing', 'Organized Crime', 'Shoujo']"
330,331,Akuyaku Reijou no Naka no Hito: Danzai sareta Tenseisha no Tame Usotsuki Heroine ni Fukushuu Itashimasu,8.28,Manga,unfinished,Nov 2021,unfinished,7961,"['Action', 'Comedy', 'Romance', 'Delinquents', 'Martial Arts', 'School', 'Shounen']"
331,332,"Tsuihou sareru Tabi ni Skill wo Te ni Ireta Ore ga, 100 no Isekai de 2-shuume Musou",8.28,Manga,unfinished,Jul 2022,unfinished,11306,"['Adventure', 'Award Winning', 'Comedy', 'Mystery', 'Detective', 'Shounen']"
332,333,D.Gray-man,8.28,Manga,unfinished,May 2004,unfinished,164228,"['Drama', 'Supernatural', 'Historical']"
333,334,Sora wa Akai Kawa no Hotori,8.28,Manga,28 vols,Jan 1995,Jun 2002,25293,"['Drama', 'Horror', 'Mystery', 'Psychological', 'Shounen']"
334,335,Hellsing,8.28,Manga,10 vols,Apr 1997,Sep 2008,100770,"['Drama', 'Horror', 'Mystery', 'Psychological']"
335,336,Claymore,8.28,Manga,27 vols,Jun 2001,Oct 2014,211787,"['Boys Love', 'Comedy', 'Drama', 'Shoujo']"
336,337,Tokyo Crazy Paradise,8.28,Manga,19 vols,Dec 1996,Apr 2002,18971,"['Fantasy', 'Romance', 'Historical', 'Mythology', 'Shoujo']"
337,338,Angel Densetsu,8.28,Manga,15 vols,May 1992,Feb 2000,59107,"['Drama', 'Horror', 'Mystery', 'Psychological']"
338,339,Meitantei Conan,8.28,Manga,unfinished,Jan 1994,unfinished,61528,"['Drama', 'Mystery', 'Romance', 'Psychological', 'School', 'Seinen']"
339,340,Buddha,8.28,Manga,14 vols,Sep 1972,Nov 1983,16498,"['Drama', 'Romance', 'Sci-Fi', 'Love Polygon', 'School', 'Time Travel', 'Shoujo']"
340,341,Higurashi no Naku Koro ni Kai: Meakashi-hen,8.28,Manga,4 vols,Jun 2006,Feb 2008,16087,"['Adventure', 'Award Winning', 'Drama', 'Supernatural', 'Shounen']"
341,342,Higurashi no Naku Koro ni Kai: Tsumihoroboshi-hen,8.28,Manga,4 vols,Jun 2006,Apr 2008,13041,"['Drama', 'School', 'Seinen']"
342,343,Komatta Toki ni wa Hoshi ni Kike,8.28,Manga,26 vols,Mar 1997,May 2005,8048,"['Comedy', 'Romance', 'School']"
343,344,Hana to Akuma,8.28,Manga,10 vols,Oct 2007,Nov 2010,44849,"['Action', 'Adventure', 'Fantasy', 'Time Travel']"
344,345,Higurashi no Naku Koro ni Kai: Minagoroshi-hen,8.28,Manga,6 vols,Jun 2008,Jun 2010,11906,"['Action', 'Fantasy', 'Survival']"
345,346,Fumetsu no Anata e,8.28,Manga,unfinished,Nov 2016,unfinished,107277,"['Drama', 'Villainess']"
346,347,Koko wa Ima kara Rinri desu.,8.28,Manga,unfinished,Oct 2016,unfinished,28805,"['Fantasy', 'Isekai', 'Seinen']"
347,348,Katanagatari,8.27,Light Novel,12 vols,Jan 2007,Dec 2007,8167,"['Action', 'Drama', 'Horror', 'Suspense', 'Gore']"
348,349,Sakamichi no Apollon: Bonus Track,8.27,Manga,1 vols,Mar 2012,Jul 2012,6615,"['Comedy', 'Drama', 'Romance', 'Crossdressing', 'Love Polygon', 'School', 'Shoujo']"
349,350,Hanazakari no Kimitachi e,8.27,Manga,23 vols,Aug 1996,Aug 2004,37378,"['Action', 'Adventure', 'Award Winning', 'Comedy', 'Drama', 'Sci-Fi', 'Adult Cast', 'Seinen']"
350,351,Trigun Maximum,8.27,Manga,14 vols,Sep 1997,Mar 2007,31283,"['Action', 'Adventure', 'Shounen']"
351,352,Saint Seiya: The Lost Canvas - Meiou Shinwa,8.27,Manga,25 vols,Sep 2006,Apr 2011,16631,"['Action', 'Adventure', 'Comedy', 'Romance', 'Samurai']"
352,353,Sweet Home,8.27,Manhwa,12 vols,Oct 2017,Jul 2020,84423,"['Drama', 'Romance', 'Slice of Life', 'Historical', 'Music', 'Josei']"
353,354,Jujutsu Kaisen,8.26,Manga,30 vols,Mar 2018,Sep 2024,465409,"['Drama', 'Psychological', 'School', 'Seinen']"
354,355,Boy Meets Maria,8.26,Manga,1 vols,Oct 2017,Aug 2018,27514,"['Romance', 'Love Status Quo', 'School', 'Seinen']"
355,356,Ao no Hako,8.26,Manga,unfinished,Apr 2021,unfinished,83141,"['Action', 'Martial Arts']"
356,357,Bungou Stray Dogs Wan!,8.26,Manga,unfinished,Dec 2015,unfinished,7465,"['Comedy', 'Drama', 'Romance', 'Shoujo']"
357,358,Kengan Ashura,8.26,Manga,27 vols,Apr 2012,Aug 2018,61584,"['Adventure', 'Award Winning', 'Fantasy', 'Shounen']"
358,359,Houkago Kitaku Biyori,8.26,Manga,unfinished,Aug 2023,unfinished,5908,"['Comedy', 'Slice of Life', 'Supernatural']"
359,360,Dengeki Daisy,8.26,Manga,16 vols,May 2007,Dec 2013,119570,"['Action', 'Supernatural', 'School', 'Shounen']"
360,361,Magi,8.26,Manga,37 vols,Jun 2009,Oct 2017,155924,"['Boys Love', 'Drama', 'School']"
361,362,Yomawari Sensei,8.26,Manga,9 vols,Oct 2004,Dec 2008,15933,"['Romance', 'Sports', 'School', 'Team Sports', 'Shounen']"
362,363,Kuragehime,8.25,Manga,17 vols,Oct 2008,Aug 2017,44401,"['Comedy', 'Romance', 'School', 'Shounen']"
363,364,Sunny,8.25,Manga,6 vols,Dec 2010,Jul 2015,22428,"['Action', 'Comedy', 'Fantasy', 'Isekai', 'Reincarnation']"
364,365,Ansatsu Kyoushitsu,8.25,Manga,21 vols,Jul 2012,Apr 2016,161496,"['Adventure', 'Fantasy', 'Mystery', 'Suspense', 'Isekai', 'Survival']"
365,366,Sword Art Online: Progressive,8.25,Light Novel,unfinished,Oct 2012,unfinished,22906,['Boys Love']
366,367,Feng Shen Ji III,8.25,Manhua,unfinished,2012,2014,11003,"['Award Winning', 'Comedy', 'Crossdressing', 'Visual Arts', 'Josei']"
367,368,Boku no Kokoro no Yabai Yatsu,8.25,Manga,unfinished,Mar 2018,unfinished,58246,"['Award Winning', 'Drama', 'Seinen']"
368,369,Kage no Jitsuryokusha ni Naritakute!,8.25,Manga,unfinished,Dec 2018,unfinished,79516,"['Action', 'Comedy', 'School', 'Shounen']"
369,370,Urasekai Picnic,8.25,Novel,unfinished,Feb 2017,unfinished,3210,"['Action', 'Adventure', 'Fantasy', 'Romance', 'Video Game']"
370,371,Hachimitsu to Clover,8.25,Manga,10 vols,Apr 2000,Jul 2006,24982,"['Action', 'Fantasy', 'Supernatural', 'Historical', 'Martial Arts', 'Seinen']"
371,372,Saiyuuki Gaiden,8.25,Manga,4 vols,May 1999,May 2009,11031,"['Action', 'Comedy', 'Romance', 'School', 'Shounen']"
372,373,Liar Game,8.25,Manga,19 vols,Feb 2005,Jan 2015,118666,"['Award Winning', 'Comedy', 'Drama', 'Romance', 'Slice of Life', 'Love Polygon', 'Visual Arts', 'Josei']"
373,374,Hikari to Tomo ni...: Jiheishouji wo Kakaete,8.25,Manga,15 vols,Sep 2000,Apr 2009,6075,"['Action', 'Adventure', 'Fantasy']"
374,375,Toaru Majutsu no Index Gaiden: Toaru Kagaku no Railgun,8.25,Manga,unfinished,Feb 2007,unfinished,30163,"['Drama', 'High Stakes Game', 'Psychological', 'Strategy Game', 'Seinen']"
375,376,Yuki no Yousei,8.25,Manga,1 vols,Jul 2021,Jan 2022,4205,"['Award Winning', 'Drama', 'Slice of Life', 'Childcare', 'Psychological', 'Josei']"
376,377,Pick Me Up,8.24,Manhwa,unfinished,Dec 2022,unfinished,22051,"['Action', 'Comedy', 'Sci-Fi', 'Super Power']"
377,378,Hidamari ga Kikoeru: Limit,8.24,Manga,3 vols,Oct 2016,Dec 2019,7584,"['Action', 'Drama', 'Racing', 'Seinen']"
378,379,Feng Shen Ji II,8.24,Manhua,unfinished,2011,2012,13804,"['Award Winning', 'Drama', 'Sci-Fi', 'Slice of Life', 'Adult Cast', 'Psychological', 'Space', 'Workplace', 'Seinen']"
379,380,Initial D,8.24,Manga,48 vols,Jun 1995,Jul 2013,31517,"['Action', 'Adventure', 'Shounen']"
380,381,Planetes,8.24,Manga,4 vols,Jan 1999,Jan 2004,58731,"['Action', 'Fantasy', 'Isekai', 'Video Game']"
381,382,JoJo no Kimyou na Bouken Part 6: Stone Ocean,8.24,Manga,17 vols,Dec 1999,Apr 2003,209114,"['Boys Love', 'Slice of Life']"
382,383,Kishuku Gakkou no Juliet,8.24,Manga,16 vols,Jul 2015,Sep 2019,63559,"['Boys Love', 'Drama', 'Slice of Life', 'School']"
383,384,Koimonogatari,8.24,Manga,unfinished,May 2013,unfinished,15396,"['Comedy', 'Romance', 'Slice of Life', 'Historical', 'Shounen']"
384,385,Taishou Otome Otogibanashi,8.24,Manga,5 vols,Jul 2015,Sep 2017,25959,"['Action', 'Fantasy', 'Supernatural', 'Historical', 'Martial Arts']"
385,386,Beastars,8.23,Manga,22 vols,Sep 2016,Oct 2020,116307,"['Action', 'Drama', 'Mystery', 'Sci-Fi', 'Shoujo']"
386,387,Kaichou wa Maid-sama!: Marriage,8.23,Manga,1 vols,Nov 2013,Apr 2018,17309,"['Adventure', 'Sci-Fi', 'Seinen']"
387,388,Act-age,8.23,Manga,12 vols,Jan 2018,Aug 2020,52796,"['Comedy', 'Fantasy', 'Horror', 'Mystery', 'Supernatural', 'Josei']"
388,389,King's Maker,8.23,Manhwa,3 vols,Apr 2017,Nov 2017,12919,"['Action', 'Comedy', 'Drama', 'Romance', 'Delinquents', 'School', 'Shounen']"
389,390,Ren Zha Fanpai Zijiu Xitong,8.23,Novel,3 vols,Jul 2017,Jul 2017,3698,"['Comedy', 'Drama', 'Slice of Life', 'Sports', 'Delinquents', 'School', 'Team Sports', 'Shounen']"
390,391,Dungeon ni Deai wo Motomeru no wa Machigatteiru Darou ka,8.23,Light Novel,unfinished,Jan 2013,unfinished,30618,"['Drama', 'Fantasy', 'Romance', 'Shoujo']"
391,392,Hai to Gensou no Grimgar,8.23,Light Novel,unfinished,Jun 2013,unfinished,23207,"['Adventure', 'Award Winning', 'Drama', 'Mystery', 'Sports', 'Seinen']"
392,393,Petshop of Horrors,8.23,Manga,10 vols,1995,1998,34906,"['Award Winning', 'Sports', 'School', 'Team Sports', 'Shounen']"
393,394,Shonan Junai Gumi!,8.23,Manga,31 vols,Sep 1990,Sep 1996,23240,"['Comedy', 'Girls Love', 'CGDCT', 'Gag Humor', 'School']"
394,395,Rookies,8.23,Manga,24 vols,Feb 1998,Aug 2003,25166,"['Award Winning', 'Drama', 'Slice of Life', 'Anthropomorphic', 'Psychological', 'Shounen']"
395,396,Kamigami no Itadaki,8.23,Manga,5 vols,Feb 2000,Mar 2003,16730,"['Comedy', 'Romance', 'School', 'Shoujo']"
396,397,Diamond no Ace,8.23,Manga,47 vols,May 2006,Jul 2015,24806,"['Action', 'Adventure', 'Fantasy']"
397,398,Yuru Yuri,8.23,Manga,unfinished,Jun 2008,unfinished,15404,"['Action', 'Adventure', 'Drama', 'Fantasy', 'Isekai']"
398,399,No.6,8.23,Manga,9 vols,Jan 2011,Nov 2013,50206,"['Drama', 'Performing Arts', 'Showbiz', 'Shounen']"
399,400,Steins;Gate: Aishin Meizu no Babel,8.23,Manga,4 vols,May 2012,Jan 2014,4720,"['Boys Love', 'Drama', 'Fantasy']"
400,401,Danshi Koukousei no Nichijou,8.22,Manga,7 vols,May 2009,Sep 2012,26423,"['Boys Love', 'Drama', 'Supernatural', 'Historical', 'Isekai', 'Mythology', 'Reincarnation']"
401,402,Summertime Render,8.22,Manga,13 vols,Oct 2017,Feb 2021,55217,"['Mystery', 'Supernatural', 'Suspense', 'Time Travel', 'Shounen']"
402,403,Jigokuraku,8.22,Manga,13 vols,Jan 2018,Jan 2021,174231,"['Action', 'Fantasy', 'Historical', 'Shounen']"
403,404,"Mata, Onaji Yume wo Miteita",8.22,Novel,1 vols,Feb 2016,Feb 2016,3993,"['Comedy', 'Gag Humor', 'School']"
404,405,Hikaru ga Shinda Natsu,8.22,Manga,unfinished,Aug 2021,unfinished,49842,"['Horror', 'Mystery', 'Supernatural']"
405,406,Semantic Error,8.22,Manhwa,unfinished,Jul 2020,Oct 2023,8389,['Boys Love']
406,407,Ghost Hunt,8.22,Manga,12 vols,Dec 1997,Sep 2010,16652,"['Comedy', 'Slice of Life', 'School', 'Shounen']"
407,408,Boogiepop Series,8.22,Light Novel,unfinished,Feb 1998,unfinished,11632,"['Drama', 'Horror', 'Mystery', 'Romance', 'Supernatural', 'Psychological', 'Shoujo']"
408,409,Sanctuary,8.22,Manga,12 vols,1990,1995,35972,"['Horror', 'Mystery', 'Psychological']"
409,410,Cat Street,8.22,Manga,8 vols,Jul 2004,Sep 2007,34688,"['Drama', 'Suspense', 'Detective', 'Organized Crime', 'Seinen']"
410,411,Akagami no Shirayuki-hime,8.22,Manga,unfinished,Aug 2006,unfinished,72363,"['Drama', 'Romance', 'Love Polygon', 'Showbiz', 'Shoujo']"
411,412,GTO: Shonan 14 Days,8.22,Manga,9 vols,Jun 2009,Nov 2011,25366,"['Action', 'Comedy', 'Drama', 'Ecchi', 'Delinquents', 'Shounen']"
412,413,Private Opinion: Banana Fish Another Story,8.22,Manga,1 vols,Dec 1995,Dec 1995,4607,"['Action', 'Drama', 'Shoujo']"
413,414,Yugami-kun ni wa Tomodachi ga Inai,8.22,Manga,16 vols,May 2012,May 2019,30410,"['Comedy', 'Drama', 'Slice of Life', 'Otaku Culture', 'School', 'Seinen']"
414,415,Tsurezure Children,8.21,Manga,12 vols,Aug 2014,Jul 2018,60233,"['Drama', 'Romance', 'School', 'Seinen']"
415,416,A Stepmother's Märchen,8.21,Manhwa,unfinished,Jul 2019,unfinished,17226,"['Action', 'Drama', 'Sci-Fi', 'Suspense', 'Gore', 'Psychological', 'Seinen']"
416,417,Boku ga Otto ni Deau made,8.21,Manga,1 vols,Apr 2020,Feb 2021,7588,"['Action', 'Adventure', 'Award Winning', 'Drama', 'Horror', 'Mystery', 'Romance', 'Sci-Fi', 'Suspense', 'Psychological', 'Survival', 'Shoujo']"
417,418,Gimai Seikatsu,8.21,Light Novel,unfinished,Jan 2021,unfinished,12667,"['Adventure', 'Boys Love', 'Fantasy', 'Isekai', 'Shoujo']"
418,419,"Tadaima, Okaeri",8.21,Manga,unfinished,Nov 2015,unfinished,6911,"['Action', 'Adventure', 'Historical', 'Military']"
419,420,Majo to Yajuu,8.21,Manga,10 vols,Nov 2016,Jan 2023,20115,"['Drama', 'Slice of Life', 'Seinen']"
420,421,Steins;Gate 0,8.21,Manga,6 vols,Jul 2017,Feb 2020,5683,"['Action', 'Delinquents', 'School', 'Shounen']"
421,422,NieR:Automata,8.21,Novel,3 vols,Aug 2017,Jul 2018,12437,"['Slice of Life', 'CGDCT', 'Iyashikei', 'School', 'Seinen']"
422,423,Genshiken,8.21,Manga,21 vols,Apr 2002,Aug 2016,42229,"['Drama', 'Fantasy', 'Romance', 'Time Travel']"
423,424,Hourou Musuko,8.21,Manga,15 vols,Nov 2002,Jul 2013,30589,"['Boys Love', 'Drama', 'Memoir']"
424,425,Eden: It's an Endless World!,8.21,Manga,18 vols,Sep 1997,Jun 2008,64687,"['Romance', 'Slice of Life']"
425,426,7 Seeds,8.21,Manga,35 vols,Oct 2001,May 2017,25048,['Drama']
426,427,Silver Diamond,8.21,Manga,27 vols,Aug 2003,May 2012,8600,"['Comedy', 'Romance', 'School', 'Shounen']"
427,428,The Ravages of Time,8.21,Manhua,unfinished,Jun 2001,unfinished,15168,"['Boys Love', 'Slice of Life', 'Childcare']"
428,429,Solanin,8.21,Manga,2 vols,Jun 2005,Apr 2006,125969,"['Action', 'Fantasy', 'Seinen']"
429,430,Crows,8.21,Manga,26 vols,1990,1998,28165,"['Drama', 'Mystery', 'Sci-Fi', 'Seinen']"
430,431,Toradora!,8.21,Light Novel,10 vols,Mar 2006,Mar 2009,28345,"['Action', 'Fantasy', 'Sci-Fi']"
431,432,Non Non Biyori,8.21,Manga,16 vols,Sep 2009,Feb 2021,12778,"['Comedy', 'Slice of Life', 'Mahou Shoujo']"
432,433,How to Win My Husband Over,8.21,Manhwa,unfinished,Oct 2021,unfinished,13615,"['Adventure', 'Fantasy']"
433,434,See You in My 19th Life,8.20,Manhwa,12 vols,Jun 2020,Sep 2022,12613,"['Action', 'Mecha', 'Shounen']"
434,435,Mairimashita! Iruma-kun: If Episode of Mafia,8.20,Manga,unfinished,Sep 2023,unfinished,2088,"['Drama', 'Romance', 'Psychological', 'School', 'Shounen']"
435,436,Majo no Tabitabi,8.20,Light Novel,unfinished,Apr 2016,unfinished,12126,"['Award Winning', 'Drama', 'Romance', 'Shoujo']"
436,437,Machikado Mazoku,8.20,Manga,unfinished,Jun 2014,unfinished,9894,"['Fantasy', 'Romance', 'Sci-Fi', 'Harem', 'School', 'Urban Fantasy']"
437,438,Dead Dead Demons Dededede Destruction,8.20,Manga,12 vols,Apr 2014,Feb 2022,81245,"['Action', 'Adventure', 'Comedy', 'Drama', 'Fantasy', 'Josei']"
438,439,Romance 101,8.20,Manhwa,11 vols,Mar 2018,May 2021,7121,"['Drama', 'Romance', 'Love Polygon', 'School']"
439,440,Saiyuuki Reload,8.20,Manga,10 vols,Mar 2002,Jun 2009,8568,"['Horror', 'Mystery', 'Romance', 'Supernatural', 'School', 'Shounen']"
440,441,Tasogare Otome x Amnesia,8.20,Manga,10 vols,Apr 2008,Sep 2013,48799,"['Award Winning', 'Drama', 'Sci-Fi', 'School', 'Seinen']"
441,442,Getter Robo Saga,8.20,Manga,9 vols,,unfinished,2528,"['Romance', 'Reincarnation']"
442,443,Aku no Hana,8.20,Manga,11 vols,Sep 2009,May 2014,170294,"['Drama', 'Fantasy', 'Isekai', 'Psychological', 'Villainess']"
443,444,Taiyou no Ie,8.20,Manga,13 vols,Apr 2010,May 2015,96048,"['Fantasy', 'Organized Crime', 'Shounen']"
444,445,Date A Live,8.20,Light Novel,22 vols,Mar 2011,Mar 2020,19804,"['Comedy', 'Romance', 'School']"
445,446,Innocent,8.19,Manga,9 vols,Jan 2013,Apr 2015,64250,"['Comedy', 'Mystery', 'Romance', 'Slice of Life', 'School']"
446,447,Yoake no Uta,8.19,Manga,unfinished,Aug 2020,unfinished,3753,"['Fantasy', 'Romance', 'Isekai', 'Reincarnation']"
447,448,Debut or Die!,8.19,Manhwa,unfinished,Aug 2022,unfinished,3118,"['Drama', 'Supernatural', 'Reincarnation', 'Showbiz', 'Seinen']"
448,449,Dr. Stone,8.19,Manga,27 vols,Mar 2017,Dec 2023,201339,"['Adventure', 'Award Winning', 'Sci-Fi', 'Suspense', 'Survival', 'Shounen']"
449,450,Bishoujo Senshi Sailor Moon,8.19,Manga,18 vols,Dec 1991,Feb 1997,57553,"['Boys Love', 'Fantasy']"
450,451,Meteor Methuselah,8.19,Manga,11 vols,Aug 1998,May 2011,20332,"['Drama', 'Idols (Male)', 'Psychological', 'Reincarnation', 'Time Travel']"
451,452,Historie,8.19,Manga,unfinished,Jan 2003,unfinished,26389,"['Award Winning', 'Drama', 'Fantasy', 'Romance', 'Mahou Shoujo', 'Shoujo']"
452,453,Hitsugikatsugi no Kuro.: Kaichu Tabi no Wa,8.19,Manga,7 vols,Dec 2004,May 2018,7810,"['Action', 'Adventure', 'Drama', 'Fantasy', 'Romance', 'Shoujo']"
453,454,Cheese in the Trap Season 4,8.19,Manhwa,7 vols,Sep 2015,Mar 2017,9071,"['Action', 'Adventure', 'Award Winning', 'Historical', 'Seinen']"
454,455,Why Raeliana Ended Up at the Duke's Mansion,8.19,Manhwa,unfinished,Sep 2017,Mar 2021,41587,"['Drama', 'Historical', 'Seinen']"
455,456,[Oshi no Ko],8.19,Manga,16 vols,Apr 2020,Nov 2024,199289,"['Action', 'Adventure', 'Fantasy', 'Mystery']"
456,457,Shinai naru Boku e Satsui wo Komete,8.18,Manga,11 vols,May 2018,Sep 2020,47288,"['Drama', 'Mystery', 'Suspense', 'Psychological', 'Seinen']"
457,458,Re:Zero kara Hajimeru Isekai Seikatsu: Dai-4 Shou - Seiiki to Gouyoku no Majo,8.18,Manga,unfinished,Sep 2019,unfinished,4519,"['Drama', 'Fantasy', 'Suspense', 'Isekai', 'Psychological', 'Time Travel', 'Seinen']"
458,459,Nano Machine,8.18,Manhwa,unfinished,Jun 2020,unfinished,29875,"['Drama', 'Girls Love', 'School']"
459,460,Hirunaka no Ryuusei,8.18,Manga,12 vols,May 2011,Nov 2014,95358,"['Romance', 'Love Polygon', 'School', 'Shoujo']"
460,461,Mondaiji-tachi ga Isekai kara Kuru Sou desu yo?,8.18,Light Novel,12 vols,Apr 2011,Apr 2015,15401,"['Action', 'Comedy', 'Fantasy', 'Isekai', 'Mythology']"
461,462,xxxHOLiC: Rei,8.18,Manga,4 vols,Mar 2013,Mar 2017,14340,"['Drama', 'Mystery', 'Supernatural', 'Seinen']"
462,463,Rokka no Yuusha,8.18,Light Novel,6 vols,Aug 2011,Jul 2015,14857,"['Action', 'Award Winning', 'Comedy', 'Drama', 'Supernatural', 'Shounen']"
463,464,Yuu☆Yuu☆Hakusho,8.18,Manga,19 vols,Nov 1990,Jul 1994,74629,"['Comedy', 'Drama', 'Romance', 'Sports', 'School', 'Team Sports', 'Shounen']"
464,465,H2,8.18,Manga,34 vols,1992,1999,12009,"['Action', 'Drama', 'Adult Cast', 'Organized Crime', 'Psychological', 'Strategy Game']"
465,466,Akagi: Yami ni Oritatta Tensai,8.18,Manga,36 vols,Jun 1991,Feb 2018,13680,"['Boys Love', 'Fantasy', 'Supernatural', 'Shoujo']"
466,467,JoJo no Kimyou na Bouken Part 5: Ougon no Kaze,8.18,Manga,17 vols,Nov 1995,Mar 1999,115674,"['Action', 'Adventure', 'Organized Crime', 'Shounen']"
467,468,Higurashi no Naku Koro ni Kai: Matsuribayashi-hen,8.18,Manga,8 vols,Jun 2008,Apr 2011,10563,"['Adventure', 'Fantasy']"
468,469,I Love Amy,8.18,Manhwa,unfinished,Jan 2022,Jun 2023,2008,"['Drama', 'Horror', 'Mystery', 'Psychological']"
469,470,Bokura no Shokutaku,8.18,Manga,1 vols,Nov 2015,Jan 2017,14729,"['Boys Love', 'Slice of Life', 'Childcare']"
470,471,Cheese in the Trap Season 3,8.17,Manhwa,12 vols,Jan 2013,Aug 2015,9937,"['Comedy', 'Mystery', 'Romance', 'Slice of Life', 'School']"
471,472,High School DxD,8.17,Light Novel,25 vols,Sep 2008,Mar 2018,35490,"['Comedy', 'Slice of Life', 'Pets']"
472,473,Last Game,8.17,Manga,11 vols,Aug 2011,Jun 2016,102591,"['Fantasy', 'Girls Love', 'School']"
473,474,Fushigi Neko no Kyuu-chan,8.17,Manga,8 vols,Jan 2018,Dec 2022,8201,"['Award Winning', 'Romance', 'Supernatural', 'Vampire', 'Shounen']"
474,475,Kimi ga Shinu made Koi wo Shitai,8.17,Manga,unfinished,Aug 2018,unfinished,12892,"['Drama', 'Fantasy', 'Romance']"
475,476,Yofukashi no Uta,8.17,Manga,20 vols,Aug 2019,Jan 2024,101192,"['Action', 'Comedy', 'Shounen']"
476,477,Your Throne,8.17,Manhwa,unfinished,Jan 2020,unfinished,25429,"['Comedy', 'Romance', 'School']"
477,478,Sakamoto Days,8.17,Manga,unfinished,Nov 2020,unfinished,134665,"['Drama', 'Romance', 'Psychological', 'Showbiz', 'Shoujo']"
478,479,Tokidoki Bosotto Russia-go de Dereru Tonari no Alya-san,8.17,Light Novel,unfinished,Feb 2021,unfinished,18759,"['Comedy', 'Fantasy', 'Romance', 'Supernatural', 'Ecchi', 'Harem', 'Mythology', 'School']"
479,480,Tsukuritai Onna to Tabetai Onna,8.17,Manga,unfinished,Jan 2021,unfinished,6427,"['Comedy', 'Romance', 'Shoujo']"
480,481,Murderous Lewellyn's Candlelit Dinner,8.17,Manhwa,6 vols,Jun 2020,Feb 2022,1648,"['Girls Love', 'Slice of Life', 'Josei']"
481,482,Koori no Mamono no Monogatari,8.17,Manga,24 vols,Aug 1995,Jun 2003,4555,"['Mystery', 'Romance', 'Supernatural', 'Time Travel']"
482,483,The One,8.17,Manhua,18 vols,Jan 2005,Feb 2014,22680,"['Action', 'Adventure', 'Fantasy', 'Sci-Fi', 'Martial Arts']"
483,484,Uzumaki,8.16,Manga,3 vols,Jan 1998,Aug 1999,240451,"['Boys Love', 'Suspense', 'Historical']"
484,485,Fushigi Yuugi: Genbu Kaiden,8.16,Manga,12 vols,Mar 2003,Feb 2013,12987,"['Boys Love', 'Comedy', 'Adult Cast', 'Video Game']"
485,486,Ookiku Furikabutte,8.16,Manga,unfinished,Sep 2003,unfinished,10066,"['Action', 'Shoujo']"
486,487,Touhou Shinigami: Meteor Methuselah Gaiden,8.16,Manga,1 vols,Oct 2004,Jun 2007,5499,"['Comedy', 'Supernatural']"
487,488,Tonikaku Kawaii,8.16,Manga,unfinished,Feb 2018,unfinished,88001,"['Award Winning', 'Slice of Life']"
488,489,Bungou Stray Dogs: Dead Apple,8.16,Manga,4 vols,Mar 2018,Jun 2023,7130,"['Drama', 'Romance', 'Seinen']"
489,490,Yamada-kun to Lv999 no Koi wo Suru,8.16,Manga,unfinished,Mar 2019,unfinished,58067,"['Action', 'Adventure', 'Super Power', 'Shounen']"
490,491,Can't See Can't Hear But Love,8.16,Manhwa,6 vols,Oct 2010,Aug 2011,19656,"['Action', 'Fantasy', 'Supernatural', 'Historical', 'Martial Arts']"
491,492,Hajishirazu no Purple Haze: JoJo no Kimyou na Bouken yori,8.16,Light Novel,1 vols,Sep 2011,Sep 2011,14840,"['Comedy', 'Slice of Life', 'Pets', 'Shoujo']"
492,493,Feng Shen Ji,8.16,Manhua,unfinished,2010,2011,27590,"['Comedy', 'Romance', 'Shounen']"
493,494,Nukozuke!,8.16,Manga,unfinished,Apr 2012,unfinished,10896,"['Action', 'Mystery', 'Supernatural', 'Detective']"
494,495,"Kinou no Haru de, Kimi wo Matsu",8.16,Light Novel,1 vols,Apr 2020,Apr 2020,2865,"['Romance', 'Video Game']"
495,496,Virtual Strangers,8.16,Manhwa,unfinished,Jun 2023,unfinished,2960,"['Drama', 'Horror', 'Supernatural', 'Seinen']"
496,497,Shingeki no Kyojin: Kuinaki Sentaku,8.16,Manga,2 vols,Nov 2013,Jun 2014,53853,"['Adventure', 'Drama', 'Fantasy', 'Romance', 'Historical', 'Isekai', 'Magical Sex Shift', 'Shoujo']"
497,498,Fukigen na Mononokean,8.16,Manga,18 vols,Sep 2013,Apr 2021,13421,"['Award Winning', 'Comedy', 'Sports', 'Team Sports', 'Seinen']"
498,499,Otouto no Otto,8.16,Manga,4 vols,Sep 2014,May 2017,13527,"['Action', 'Drama', 'Fantasy', 'Shoujo']"
499,500,Helck,8.15,Manga,12 vols,May 2014,Dec 2017,42500,"['Award Winning', 'Comedy', 'Gag Humor', 'Parody', 'School', 'Shounen']"
500,501,Yahari Ore no Seishun Love Comedy wa Machigatteiru. @comic,8.15,Manga,22 vols,Dec 2012,Jan 2023,9942,"['Action', 'Horror', 'Romance', 'Supernatural', 'Vampire']"
501,502,Hidamari ga Kikoeru,8.15,Manga,1 vols,Dec 2013,Aug 2014,34111,"['Award Winning', 'Slice of Life', 'Seinen']"
502,503,Mystery to Iu nakare,8.15,Manga,unfinished,Nov 2017,unfinished,10391,"['Comedy', 'Drama', 'Romance', 'Sci-Fi', 'Ecchi', 'School', 'Shounen']"
503,504,Shin High School DxD,8.15,Light Novel,unfinished,Jul 2018,unfinished,4644,"['Award Winning', 'Boys Love', 'Drama', 'Psychological', 'Shoujo']"
504,505,Ase to Sekken,8.15,Manga,11 vols,Jun 2018,Jan 2021,44581,"['Romance', 'School']"
505,506,Sasayaku You ni Koi wo Utau,8.15,Manga,unfinished,Feb 2019,unfinished,37624,['Boys Love']
506,507,Something About Us,8.15,Manhwa,5 vols,Oct 2014,Oct 2016,29346,"['Award Winning', 'Mystery', 'Josei']"
507,508,Doukyuusei: Gold Ring & Silver Ring,8.15,Manga,1 vols,Nov 2016,Nov 2016,8556,"['Comedy', 'Fantasy', 'Romance', 'Supernatural', 'Ecchi', 'Harem', 'Mythology', 'School']"
508,509,Sayonara Zetsubou Sensei,8.15,Manga,30 vols,Apr 2005,Jun 2012,32391,"['Comedy', 'Romance', 'Workplace', 'Seinen']"
509,510,Shingetsutan Tsukihime,8.15,Manga,10 vols,Aug 2003,Jul 2010,43070,"['Girls Love', 'School']"
510,511,Soredemo Machi wa Mawatteiru,8.15,Manga,16 vols,Mar 2005,Oct 2016,10461,"['Action', 'Fantasy']"
511,512,Sora no Otoshimono,8.15,Manga,20 vols,Mar 2007,Feb 2014,45170,"['Comedy', 'Romance', 'Love Polygon', 'School', 'Seinen']"
512,513,Zankoku na Kami ga Shihai suru,8.15,Manga,17 vols,May 1992,May 2001,10304,"['Boys Love', 'Slice of Life', 'School']"
513,514,Mahouka Koukou no Rettousei,8.15,Light Novel,32 vols,Jul 2011,Sep 2020,30791,"['Action', 'Fantasy', 'Romance', 'Sci-Fi', 'School', 'Urban Fantasy']"
514,515,Ano Hi Mita Hana no Namae wo Bokutachi wa Mada Shiranai.,8.15,Manga,3 vols,Apr 2012,Apr 2013,16309,"['Drama', 'Shounen']"
515,516,Binbougami ga!,8.14,Manga,16 vols,Jun 2008,Jul 2013,20155,"['Comedy', 'Supernatural', 'Mythology', 'Shounen']"
516,517,Hoshi Mamoru Inu,8.14,Manga,1 vols,Jul 2008,Jan 2009,20495,"['Slice of Life', 'Pets', 'Seinen']"
517,518,Dai Densetsu no Yuusha no Densetsu,8.14,Light Novel,unfinished,Oct 2007,unfinished,3087,"['Romance', 'School', 'Shoujo']"
518,519,Ao Haru Ride,8.14,Light Novel,6 vols,Dec 2011,Jun 2015,26186,"['Action', 'Comedy', 'Fantasy', 'Mahou Shoujo']"
519,520,Fate/kaleid liner Prisma☆Illya 3rei!!,8.14,Manga,unfinished,May 2012,unfinished,10360,"['Drama', 'Horror', 'Mahou Shoujo', 'School', 'Seinen']"
520,521,Mahou Shoujo Madoka★Magica: The Different Story,8.14,Manga,3 vols,Jun 2012,Nov 2012,17264,"['Action', 'Drama', 'Mystery', 'Sci-Fi', 'Josei']"
521,522,No.6 Beyond,8.14,Novel,1 vols,Nov 2012,Nov 2012,4915,"['Comedy', 'Drama', 'Romance', 'School', 'Shoujo']"
522,523,Kimetsu no Yaiba,8.14,Manga,23 vols,Feb 2016,May 2020,467829,"['Comedy', 'Drama', 'Romance', 'Adult Cast', 'Seinen']"
523,524,Yakusoku no Neverland,8.14,Manga,20 vols,Aug 2016,Jun 2020,321409,"['Award Winning', 'Romance', 'Slice of Life', 'Historical', 'Seinen']"
524,525,Heesu in Class 2,8.14,Manhwa,4 vols,Nov 2017,Jun 2019,6797,"['Action', 'Drama', 'Sci-Fi', 'Martial Arts', 'Seinen']"
525,526,Kareshi Kanojo no Jijou,8.14,Manga,21 vols,Dec 1995,May 2005,40216,"['Comedy', 'Romance', 'Slice of Life', 'Shoujo']"
526,527,Maison Ikkoku,8.14,Manga,15 vols,Oct 1980,Apr 1987,19286,"['Award Winning', 'Drama', 'Medical', 'Psychological', 'Seinen']"
527,528,Emma,8.14,Manga,10 vols,Dec 2001,Feb 2008,30184,"['Action', 'Adventure', 'Historical', 'Vampire', 'Shounen']"
528,529,Gunnm: Last Order,8.14,Manga,19 vols,Jul 2001,Jan 2014,25675,"['Award Winning', 'Drama', 'Historical', 'Military']"
529,530,Shiawase Kissa 3-choume,8.14,Manga,15 vols,Dec 2004,Aug 2009,19269,"['Action', 'Adventure', 'Fantasy', 'Historical', 'Mythology', 'Shounen']"
530,531,Iryuu: Team Medical Dragon,8.14,Manga,25 vols,Nov 2002,Jan 2011,12844,"['Comedy', 'Drama', 'Romance', 'Slice of Life', 'School', 'Shounen']"
531,532,JoJo no Kimyou na Bouken Part 2: Sentou Chouryuu,8.14,Manga,7 vols,Oct 1987,Mar 1989,110679,"['Action', 'Drama', 'Psychological', 'School', 'Seinen']"
532,533,Adolf ni Tsugu,8.14,Manga,4 vols,Dec 1982,May 1985,25092,"['Supernatural', 'Detective', 'Shoujo']"
533,534,Sengoku Youko,8.14,Manga,17 vols,Dec 2007,May 2016,20024,"['Action', 'Fantasy', 'Historical', 'Shounen']"
534,535,Kimi to Boku.,8.14,Manga,17 vols,Sep 2004,Mar 2022,11554,"['Award Winning', 'Mystery', 'Suspense', 'Psychological', 'Survival', 'Shounen']"
535,536,Bakuon Rettou,8.14,Manga,18 vols,Oct 2002,Nov 2012,13747,"['Boys Love', 'School']"
536,537,Keishichou Tokuhanka 007,8.14,Manga,11 vols,Oct 2006,Mar 2012,10456,"['Comedy', 'Slice of Life', 'Seinen']"
537,538,City Hunter,8.13,Manga,35 vols,Feb 1985,Nov 1991,17097,"['Adventure', 'Drama', 'Mystery', 'School']"
538,539,Capeta,8.13,Manga,32 vols,Feb 2003,Mar 2013,5499,"['Award Winning', 'Comedy', 'Slice of Life', 'Shoujo']"
539,540,Major,8.13,Manga,78 vols,Jul 1994,Jul 2010,6801,"['Action', 'Adventure', 'Fantasy']"
540,541,Amaama to Inazuma,8.13,Manga,12 vols,Feb 2013,Dec 2018,26380,"['Romance', 'Slice of Life', 'School', 'Seinen']"
541,542,Kocchi Muite! Miiko,8.13,Manga,unfinished,1995,unfinished,1292,"['Romance', 'Suspense', 'Psychological']"
542,543,Bokura wa Minna Kawai-sou,8.13,Manga,11 vols,Apr 2010,May 2018,44566,"['Comedy', 'Gourmet', 'Slice of Life', 'Childcare', 'Iyashikei', 'Seinen']"
543,544,Ponkotsu Ponko,8.13,Manga,10 vols,Mar 2019,May 2021,12331,"['Adventure', 'Comedy', 'Detective', 'Shounen']"
544,545,Your Letter,8.13,Manhwa,1 vols,Aug 2018,Oct 2018,13112,"['Award Winning', 'Comedy', 'Drama', 'Racing', 'Shounen']"
545,546,Trapped,8.13,Manhwa,unfinished,Sep 2019,May 2024,6228,"['Award Winning', 'Comedy', 'Drama', 'Sports', 'Team Sports', 'Shounen']"
546,547,Roxana,8.12,Manhwa,unfinished,Jan 2021,unfinished,13058,"['Comedy', 'Drama', 'Romance', 'Otaku Culture', 'Psychological', 'Shounen']"
547,548,"Bungou Stray Dogs: Dazai, Chuuya, Juugosai",8.12,Manga,4 vols,Sep 2022,Aug 2024,2138,"['Boys Love', 'Horror', 'Mystery', 'Supernatural', 'Historical', 'Shoujo']"
548,549,Hakumei to Mikochi,8.12,Manga,unfinished,Apr 2011,unfinished,9131,"['Action', 'Adventure', 'Drama']"
549,550,Fate/stay night: Garden of Avalon,8.12,Light Novel,1 vols,Mar 2015,Mar 2015,4313,"['Comedy', 'Drama', 'Romance', 'Supernatural', 'Historical', 'Reincarnation', 'Shoujo']"
550,551,Hitori Koukan Nikki,8.12,Manga,2 vols,May 2016,Nov 2017,18462,"['Action', 'Adventure', 'Gore', 'Martial Arts']"
551,552,NHK ni Youkoso!,8.12,Manga,8 vols,Dec 2003,Apr 2007,60708,"['Action', 'Comedy', 'Supernatural', 'Childcare', 'Delinquents', 'Mythology', 'School', 'Shounen']"
552,553,God Child,8.12,Manga,8 vols,May 2001,Oct 2003,20303,"['Action', 'Comedy', 'Drama', 'Romance', 'Sci-Fi', 'Love Polygon', 'Mecha', 'Military', 'School']"
553,554,Vagrant Soldier Ares,8.12,Manhwa,26 vols,2001,2007,16121,"['Romance', 'School', 'Shoujo']"
554,555,NG Life,8.12,Manga,9 vols,Feb 2006,Mar 2009,12249,"['Adventure', 'Mystery', 'Sci-Fi', 'Seinen']"
555,556,Hanma Baki,8.12,Manga,37 vols,Dec 2005,Aug 2012,26003,"['Drama', 'Fantasy', 'Slice of Life', 'Childcare']"
556,557,Beelzebub,8.12,Manga,28 vols,Feb 2009,Mar 2015,118037,"['Fantasy', 'Slice of Life', 'Iyashikei', 'Seinen']"
557,558,Full Metal Panic!,8.12,Light Novel,12 vols,Sep 1998,Aug 2011,8969,"['Fantasy', 'Supernatural']"
558,559,Tengoku Daimakyou,8.12,Manga,unfinished,Jan 2018,unfinished,37788,"['Slice of Life', 'Memoir']"
559,560,Ookami Kodomo no Ame to Yuki,8.12,Novel,1 vols,Jun 2012,Jun 2012,2504,"['Slice of Life', 'Memoir']"
560,561,Roxana,8.12,Manhwa,unfinished,Jan 2021,unfinished,13058,"['Drama', 'Fantasy', 'Romance', 'Psychological', 'Villainess']"
561,562,"Bungou Stray Dogs: Dazai, Chuuya, Juugosai",8.12,Manga,4 vols,Sep 2022,Aug 2024,2138,"['Action', 'Supernatural', 'Shounen']"
562,563,Telework Yotabanashi,8.11,Manga,1 vols,Aug 2020,Apr 2023,17558,"['Comedy', 'Romance', 'Adult Cast', 'Workplace', 'Seinen']"
563,564,Re:Zero kara Hajimeru Isekai Seikatsu: Dai-3 Shou - Truth of Zero,8.11,Manga,11 vols,May 2015,Sep 2019,12427,"['Fantasy', 'Slice of Life']"
564,565,Touhou Ibara Kasen: Wild and Horned Hermit.,8.11,Manga,10 vols,Jul 2010,Jun 2019,8587,"['Award Winning', 'Comedy', 'Romance', 'Shoujo']"
565,566,Ore Monogatari!!,8.11,Manga,14 vols,Dec 2011,Jul 2016,36085,"['Award Winning', 'Comedy', 'Drama', 'Supernatural', 'Strategy Game', 'Shounen']"
566,567,Mushoku Tensei: Isekai Ittara Honki Dasu,8.11,Manga,unfinished,May 2014,unfinished,116405,"['Action', 'Adventure', 'Drama', 'Fantasy', 'Romance', 'Sci-Fi', 'Supernatural', 'Shounen']"
567,568,Hidamari ga Kikoeru: Koufukuron,8.11,Manga,1 vols,Apr 2015,Feb 2016,7640,"['Boys Love', 'Drama', 'Delinquents', 'Psychological', 'School']"
568,569,Gokushufudou,8.11,Manga,unfinished,Feb 2018,unfinished,130416,"['Action', 'Drama', 'Suspense', 'Detective', 'Psychological', 'Shounen']"
569,570,Hikaru no Go,8.11,Manga,23 vols,Dec 1998,Jul 2003,48125,"['Award Winning', 'Boys Love', 'Drama', 'Historical', 'Shoujo']"
570,571,Chrno Crusade,8.11,Manga,8 vols,Dec 1998,May 2004,29376,"['Action', 'Comedy', 'Fantasy', 'Romance', 'Supernatural', 'Ecchi', 'Harem', 'School', 'Vampire', 'Shounen']"
571,572,Let Dai,8.11,Manhwa,15 vols,1995,2005,9598,"['Award Winning', 'Drama', 'Historical', 'Samurai', 'Shoujo']"
572,573,Akumetsu,8.11,Manga,18 vols,Oct 2002,Apr 2006,69629,"['Award Winning', 'Anthropomorphic', 'Shounen']"
573,574,Kaze to Ki no Uta,8.11,Manga,17 vols,Feb 1976,Jun 1984,9702,"['Award Winning', 'Sports', 'School', 'Shounen']"
574,575,Rosario to Vampire: Season II,8.11,Manga,14 vols,Nov 2007,Apr 2014,69026,"['Drama', 'Fantasy', 'Suspense', 'Isekai', 'Psychological', 'Time Travel', 'Seinen']"
575,576,Oooku,8.11,Manga,19 vols,Jun 2004,Dec 2020,11926,"['Boys Love', 'Slice of Life', 'School']"
576,577,Ginga Nagareboshi Gin,8.11,Manga,18 vols,Nov 1983,Feb 1987,4604,"['Comedy', 'Adult Cast', 'Organized Crime']"
577,578,Baby Steps,8.11,Manga,47 vols,Oct 2007,Nov 2017,26710,"['Fantasy', 'Isekai', 'Reincarnation', 'Seinen']"
578,579,Katekyou Hitman Reborn!,8.10,Manga,42 vols,May 2004,Nov 2012,126463,"['Comedy', 'Drama', 'Romance', 'Crossdressing', 'Harem', 'School', 'Shoujo']"
579,580,Sakigake!! Cromartie Koukou,8.10,Manga,17 vols,Jul 2000,May 2006,14606,"['Action', 'Adventure', 'Comedy', 'Supernatural', 'School']"
580,581,Higurashi no Naku Koro ni: Watanagashi-hen,8.10,Manga,2 vols,Apr 2005,Mar 2006,18807,"['Action', 'Adventure', 'Fantasy', 'Shounen']"
581,582,Seven Days,8.10,Manga,2 vols,Sep 2007,Jun 2009,57163,"['Romance', 'Historical']"
582,583,Kono Sekai no Katasumi ni,8.10,Manga,3 vols,Jan 2007,Jan 2009,8730,"['Action', 'Fantasy', 'Isekai', 'School']"
583,584,Kuroko no Basket,8.10,Manga,30 vols,Dec 2008,Sep 2014,77548,"['Action', 'Fantasy', 'Time Travel']"
584,585,Tonari no Kaibutsu-kun,8.10,Manga,13 vols,Aug 2008,Nov 2013,111738,"['Fantasy', 'Horror', 'Mystery', 'Romance']"
585,586,Ouran Koukou Host Club University Special,8.10,Manga,unfinished,Jul 2011,Aug 2011,7690,['Fantasy']
586,587,Noblesse,8.10,Manhwa,unfinished,Dec 2007,Jan 2019,111001,"['Action', 'Comedy', 'Organized Crime', 'School', 'Super Power', 'Shounen']"
587,588,Magi: Sinbad no Bouken,8.10,Manga,19 vols,May 2013,Apr 2018,36169,"['Award Winning', 'Comedy', 'Delinquents', 'Gag Humor', 'Shounen']"
588,589,Hotaru no Yomeiri,8.10,Manga,unfinished,Jan 2023,unfinished,19546,"['Drama', 'Horror', 'Mystery', 'Psychological', 'Shounen']"
589,590,Winter Woods,8.10,Manhwa,7 vols,Jul 2014,Jan 2017,9593,"['Boys Love', 'Slice of Life', 'School']"
590,591,Honzuki no Gekokujou: Shisho ni Naru Tame ni wa Shudan wo Erandeiraremasen - Kizokuin Gaiden,8.10,Light Novel,1 vols,Oct 2018,Oct 2018,557,"['Award Winning', 'Drama', 'Historical', 'Seinen']"
591,592,The Extra's Academy Survival Guide,8.10,Manhwa,unfinished,Dec 2023,unfinished,10349,"['Comedy', 'Sports', 'School', 'Team Sports', 'Shounen']"
592,593,The Knight Only Lives Today,8.10,Manhwa,unfinished,May 2024,unfinished,5334,"['Comedy', 'Romance', 'School', 'Shoujo']"
593,594,"Myst, Might, Mayhem",8.09,Manhwa,unfinished,Mar 2024,unfinished,4624,"['Action', 'Drama', 'Fantasy', 'Supernatural', 'Psychological', 'Super Power', 'Shoujo']"
594,595,Gabai: Saga no Gabai Baachan,8.09,Manga,11 vols,2005,Apr 2010,2282,"['Action', 'Drama', 'Horror', 'Sci-Fi', 'Supernatural', 'Gore', 'Psychological', 'Survival', 'Seinen']"
595,596,Hikaru ga Chikyuu ni Ita Koro......,8.09,Light Novel,10 vols,May 2011,Apr 2014,5404,"['Mystery', 'Supernatural', 'Detective', 'Shounen']"
596,597,K: Memory of Red,8.09,Manga,3 vols,May 2012,Jul 2013,11092,"['Action', 'Adventure', 'Supernatural', 'Shounen']"
597,598,X,8.09,Manga,18 vols,Mar 1992,Mar 2003,27156,"['Action', 'Comedy', 'Fantasy', 'Shounen']"
598,599,Gantz,8.09,Manga,37 vols,Jul 2000,Jun 2013,245610,"['Action', 'Adventure', 'Kids']"
599,600,Majin Tantei Nougami Neuro,8.09,Manga,23 vols,Feb 2005,Apr 2009,20954,"['Action', 'Drama', 'Sci-Fi', 'Martial Arts', 'Shounen']"
600,601,JoJo no Kimyou na Bouken Part 3: Stardust Crusaders,8.09,Manga,16 vols,Mar 1989,Apr 1992,101881,"['Drama', 'Horror', 'Mystery', 'Psychological']"
601,602,Soul Eater,8.09,Manga,25 vols,Jun 2003,Aug 2013,199281,"['Comedy', 'Delinquents', 'School', 'Shoujo']"
602,603,Pocket Monsters Special,8.09,Manga,unfinished,Apr 1997,unfinished,52873,"['Action', 'Sci-Fi', 'Mecha', 'Shounen']"
603,604,Hokuto no Ken,8.09,Manga,27 vols,Sep 1983,Jul 1988,47864,"['Romance', 'Adult Cast', 'Love Status Quo']"
604,605,Higurashi no Naku Koro ni: Onikakushi-hen,8.09,Manga,2 vols,Mar 2005,Mar 2006,27086,"['Drama', 'Fantasy', 'Mahou Shoujo', 'Psychological']"
605,606,Oresama Teacher,8.09,Manga,29 vols,Jul 2007,Feb 2020,39684,"['Award Winning', 'Comedy', 'Romance', 'Love Status Quo', 'School', 'Shounen']"
606,607,Getter Robo Go,8.09,Manga,7 vols,Feb 1991,Jan 1992,3684,"['Comedy', 'Military', 'School', 'Seinen']"
607,608,Kono Subarashii Sekai ni Shukufuku wo! Spin-off: Kono Subarashii Sekai ni Bakuen wo!,8.09,Light Novel,5 vols,Jul 2014,Mar 2019,8166,"['Comedy', 'Slice of Life', 'Historical', 'Seinen']"
608,609,Cheese in the Trap Season 2,8.09,Manhwa,9 vols,Jun 2011,Oct 2012,10655,"['Mystery', 'Romance', 'Supernatural', 'School']"
609,610,Navillera: Like a Butterfly,8.09,Manhwa,5 vols,Jul 2016,Oct 2017,4647,"['Action', 'Supernatural', 'Martial Arts', 'Shoujo']"
610,611,Tsukiatte Agetemo Ii kana,8.09,Manga,unfinished,Aug 2018,unfinished,20040,"['Drama', 'Performing Arts']"
611,612,Jibaku Shounen Hanako-kun 0,8.09,Manga,1 vols,Jun 2014,Aug 2014,12088,['Girls Love']
612,613,"Shangri-La Frontier: Kusoge Hunter, Kamige ni Idoman to su",8.09,Manga,unfinished,Jul 2020,unfinished,22654,"['Supernatural', 'School']"
613,614,"Loop 7-kaime no Akuyaku Reijou wa, Moto Tekikoku de Jiyuu Kimama na Hanayome Seikatsu wo Mankitsu suru",8.09,Light Novel,unfinished,Oct 2020,unfinished,2801,"['Action', 'Adventure', 'Award Winning', 'Fantasy', 'Video Game', 'Shounen']"
614,615,Gekijouban Mahou Shoujo Madoka★Magica: Shinpen - Hangyaku no Monogatari,8.09,Manga,3 vols,Nov 2013,Jan 2014,8045,"['Fantasy', 'Romance', 'Time Travel']"
615,616,Karakai Jouzu no Takagi-san,8.09,Manga,20 vols,Jun 2012,Oct 2023,81429,"['Action', 'Fantasy', 'Martial Arts']"
616,617,Girls & Panzer: Ribbon no Musha,8.09,Manga,16 vols,Sep 2014,Mar 2021,3789,"['Comedy', 'Fantasy']"
617,618,Chi. Chikyuu no Undou ni Tsuite,8.09,Manga,8 vols,Sep 2020,Apr 2022,12022,"['Comedy', 'Mystery', 'Romance', 'Slice of Life', 'School']"
618,619,Killer Crush,8.09,Manhwa,unfinished,Sep 2021,Aug 2024,2458,"['Comedy', 'Romance', 'Slice of Life', 'Iyashikei']"
619,620,Super no Ura de Yani Suu Futari,8.09,Manga,unfinished,Aug 2022,unfinished,46692,"['Drama', 'Showbiz', 'Visual Arts', 'Shounen']"
620,621,Nick to Lever,8.08,Manga,3 vols,Oct 2020,Sep 2023,2902,"['Drama', 'Horror', 'Mystery']"
621,622,Kindaichi Shounen no Jikenbo: File Series,8.08,Manga,27 vols,Oct 1992,Oct 1997,7283,"['Award Winning', 'Drama', 'Mystery', 'Supernatural', 'Detective', 'Shounen']"
622,623,Koukou Debut,8.08,Manga,15 vols,Aug 2003,May 2013,67561,"['Comedy', 'Romance', 'School', 'Shoujo']"
623,624,Shijou Saikyou no Deshi Kenichi,8.08,Manga,61 vols,Aug 2002,Sep 2014,71348,"['Action', 'Comedy', 'Drama', 'Ecchi', 'Martial Arts', 'Shounen']"
624,625,Futatsu no Spica,8.08,Manga,16 vols,Sep 2001,Aug 2009,6739,"['Drama', 'Fantasy', 'Sci-Fi', 'Slice of Life', 'Supernatural', 'Seinen']"
625,626,Tobaku Datenroku Kaiji,8.08,Manga,13 vols,Nov 2004,Apr 2008,13627,"['Drama', 'Adult Cast', 'Psychological', 'Strategy Game', 'Seinen']"
626,627,Donten ni Warau,8.08,Manga,6 vols,Oct 2010,May 2013,23748,"['Award Winning', 'Drama', 'Historical', 'Seinen']"
627,628,Touhou Suzunaan: Forbidden Scrollery.,8.08,Manga,7 vols,Oct 2012,Jul 2017,8580,"['Boys Love', 'Comedy', 'Adult Cast', 'Organized Crime']"
628,629,Higurashi no Naku Koro ni - Dai 1-wa: Onikakushi-hen,8.08,Light Novel,2 vols,Aug 2007,Sep 2007,2305,"['Comedy', 'Gag Humor', 'Seinen']"
629,630,Kekkai Sensen: Back 2 Back,8.08,Manga,10 vols,Jul 2015,Apr 2022,4973,"['Action', 'Supernatural', 'Historical', 'Shoujo']"
630,631,Karakai Jouzu no (Moto) Takagi-san,8.08,Manga,23 vols,Jul 2017,Jul 2024,47283,['Fantasy']
631,632,Runway de Waratte,8.08,Manga,22 vols,May 2017,Jul 2021,17660,"['Boys Love', 'Drama', 'Supernatural']"
632,633,One Room Angel,8.08,Manga,1 vols,Oct 2017,Dec 2018,6829,"['Boys Love', 'Comedy', 'Supernatural', 'Adult Cast', 'Workplace']"
633,634,30-sai made Doutei dato Mahoutsukai ni Nareru Rashii,8.08,Manga,unfinished,Sep 2018,unfinished,8405,"['Adventure', 'Fantasy', 'Slice of Life', 'Psychological']"
634,635,Rojica to Rakkasei,8.07,Manga,3 vols,Nov 2017,Jul 2019,7327,"['Action', 'Supernatural', 'Shounen']"
635,636,Jujutsu Kaisen 0: Tokyo Toritsu Jujutsu Koutou Senmon Gakkou,8.07,Manga,1 vols,Apr 2017,Jul 2017,113592,"['Drama', 'Fantasy', 'Romance']"
636,637,Witch of Mine,8.07,Manhwa,4 vols,Aug 2015,Feb 2018,6450,"['Action', 'Adventure', 'Fantasy', 'Super Power', 'Shounen']"
637,638,One Piece: Episode A,8.07,Manga,2 vols,Sep 2020,Dec 2021,12593,"['Drama', 'Romance', 'Supernatural']"
638,639,Mystical,8.07,Manhwa,5 vols,Feb 2020,Mar 2022,2891,"['Action', 'Adventure', 'Fantasy', 'Martial Arts', 'Shounen']"
639,640,Naruto,8.07,Manga,72 vols,Sep 1999,Nov 2014,428097,"['Comedy', 'Romance', 'School', 'Shoujo']"
640,641,Beauty Pop,8.07,Manga,10 vols,Sep 2003,Feb 2008,28913,"['Drama', 'Fantasy', 'Mystery', 'Romance', 'Sci-Fi', 'Reincarnation', 'Space', 'Shoujo']"
641,642,Boku no Chikyuu wo Mamotte,8.07,Manga,21 vols,1987,1994,12967,"['Girls Love', 'School', 'Seinen']"
642,643,Girl Friends,8.07,Manga,5 vols,Oct 2006,Aug 2010,49181,"['Comedy', 'Slice of Life', 'School', 'Shounen']"
643,644,"Natsu e no Tunnel, Sayonara no Deguchi: Gunjou",8.07,Manga,4 vols,Jul 2020,Oct 2021,4059,"['Fantasy', 'Mahou Shoujo']"
644,645,"Hikaeme ni Ittemo, Kore wa Ai",8.07,Manga,unfinished,Jul 2021,unfinished,13159,"['Drama', 'Romance', 'Sci-Fi', 'Love Polygon', 'School', 'Time Travel']"
645,646,Goukon ni Ittara Onna ga Inakatta Hanashi,8.07,Manga,unfinished,Feb 2021,unfinished,5576,"['Action', 'Fantasy', 'Super Power', 'Urban Fantasy', 'Vampire', 'Shounen']"
646,647,Hitoribocchi no ○○ Seikatsu,8.07,Manga,8 vols,Sep 2013,Apr 2021,25442,"['Drama', 'Fantasy', 'Horror', 'Mahou Shoujo', 'School']"
647,648,Nogi Wakaba wa Yuusha de Aru,8.07,Light Novel,2 vols,Jul 2015,Jan 2017,4899,"['Drama', 'Mystery', 'Sci-Fi']"
648,649,Orange,8.07,Light Novel,3 vols,Jul 2015,Mar 2016,9831,"['Romance', 'Shoujo']"
649,650,Mahou Shoujo Madoka★Magica,8.07,Manga,3 vols,Feb 2011,May 2011,41688,"['Comedy', 'Romance', 'Adult Cast', 'Crossdressing']"
