,Rank,name,rating,Format,Volume Count,Start Date,End Date,Member Count,Genre
0,1,Berserk,9.47,Manga,unfinished,Aug 1989,unfinished,740803,"['Action', 'Adventure', 'Award Winning', 'Drama', 'Fantasy', 'Horror', 'Gore', 'Military', 'Psychological', 'Seinen']"
1,2,JoJo no Kimyou na Bouken Part 7: Steel Ball Run,9.32,Manga,24 vols,Jan 2004,Apr 2011,287531,"['Action', 'Adventure', 'Mystery', 'Supernatural', 'Historical', 'Seinen', 'Shounen']"
2,3,Vagabond,9.26,Manga,37 vols,Sep 1998,May 2015,417041,"['Action', 'Adventure', 'Award Winning', 'Historical', 'Samurai', 'Seinen']"
3,4,One Piece,9.22,Manga,unfinished,Jul 1997,unfinished,653920,"['Action', 'Adventure', 'Fantasy', 'Shounen']"
4,5,Monster,9.16,Manga,18 vols,Dec 1994,Dec 2001,264525,"['Award Winning', 'Drama', 'Mystery', 'Adult Cast', 'Psychological', 'Seinen']"
5,6,Slam Dunk,9.08,Manga,31 vols,Sep 1990,Jun 1996,183607,"['Award Winning', 'Sports', 'School', 'Team Sports', 'Shounen']"
6,7,Vinland Saga,9.08,Manga,unfinished,Apr 2005,unfinished,327368,"['Action', 'Adventure', 'Award Winning', 'Drama', 'Historical', 'Seinen']"
7,8,Fullmetal Alchemist,9.04,Manga,27 vols,Jul 2001,Sep 2010,305613,"['Action', 'Adventure', 'Award Winning', 'Drama', 'Fantasy', 'Military', 'Shounen']"
8,9,Tian Guan Cifu,9.04,Novel,6 vols,Feb 2021,Mar 2022,14578,"['Action', 'Adventure', 'Boys Love', 'Supernatural', 'Historical']"
9,10,Guimi Zhi Zhu,9.03,Novel,18 vols,May 2020,Aug 2023,7977,"['Action', 'Mystery', 'Supernatural', 'Suspense']"
10,11,Grand Blue,9.03,Manga,unfinished,Apr 2014,unfinished,185660,"['Comedy', 'Seinen']"
11,12,Omniscient Reader's Viewpoint,9.02,Novel,20 vols,Jan 2022,Sep 2023,20661,"['Action', 'Adventure', 'Fantasy', 'Urban Fantasy']"
12,13,Kingdom,9.01,Manga,unfinished,Jan 2006,unfinished,183301,"['Action', 'Award Winning', 'Historical', 'Military', 'Seinen']"
13,14,Oyasumi Punpun,8.99,Manga,13 vols,Mar 2007,Nov 2013,478622,"['Drama', 'Slice of Life', 'Psychological', 'Seinen']"
14,15,Houseki no Kuni,8.97,Manga,13 vols,Oct 2012,Apr 2024,149302,"['Action', 'Drama', 'Fantasy', 'Anthropomorphic', 'Seinen']"
15,16,Real,8.95,Manga,unfinished,Oct 1999,unfinished,97258,"['Award Winning', 'Drama', 'Sports', 'Psychological', 'Team Sports', 'Seinen']"
16,17,20th Century Boys,8.94,Manga,22 vols,Sep 1999,Apr 2006,283384,"['Award Winning', 'Drama', 'Mystery', 'Sci-Fi', 'Historical', 'Psychological', 'Seinen']"
17,18,Ashita no Joe,8.94,Manga,20 vols,Jan 1968,May 1973,57009,"['Drama', 'Slice of Life', 'Sports', 'Combat Sports', 'Shounen']"
18,19,Yotsuba to!,8.91,Manga,unfinished,Mar 2003,unfinished,164919,"['Award Winning', 'Comedy', 'Slice of Life', 'Childcare', 'Iyashikei']"
19,20,Monogatari Series: First Season,8.91,Light Novel,6 vols,Nov 2006,Jul 2010,61482,"['Action', 'Comedy', 'Mystery', 'Romance', 'Supernatural', 'Vampire']"
20,21,Mo Dao Zu Shi,8.91,Novel,4 vols,Dec 2016,Dec 2016,9225,"['Action', 'Adventure', 'Boys Love', 'Mystery', 'Supernatural', 'Historical']"
21,22,Monogatari Series: Second Season,8.9,Light Novel,6 vols,Oct 2010,Dec 2011,24237,"['Comedy', 'Drama', 'Mystery', 'Supernatural', 'Vampire']"
22,23,Umineko no Naku Koro ni Chiru - Episode 8: Twilight of the Golden Witch,8.9,Manga,9 vols,Jan 2012,Jun 2015,19024,"['Drama', 'Fantasy', 'Mystery', 'Supernatural', 'Shounen']"
23,24,Kaguya-sama wa Kokurasetai: Tensai-tachi no Renai Zunousen,8.89,Manga,28 vols,May 2015,Nov 2022,284123,"['Award Winning', 'Comedy', 'Romance', 'School', 'Seinen']"
24,25,Mikkakan no Koufuku,8.87,Novel,1 vols,Dec 2013,Dec 2013,34610,['Drama']
25,26,GTO,8.87,Manga,25 vols,Dec 1996,Jan 2002,178087,"['Action', 'Award Winning', 'Comedy', 'Drama', 'Ecchi', 'Delinquents', 'School', 'Workplace', 'Shounen']"
26,27,3-gatsu no Lion,8.86,Manga,unfinished,Jul 2007,unfinished,71950,"['Award Winning', 'Drama', 'Slice of Life', 'Childcare', 'Iyashikei', 'Strategy Game', 'Seinen']"
27,28,Haikyuu!!,8.86,Manga,45 vols,Feb 2012,Jul 2020,228868,"['Award Winning', 'Sports', 'School', 'Team Sports', 'Shounen']"
28,29,Tian Guan Cifu,8.85,Manhua,unfinished,Oct 2019,unfinished,14423,"['Action', 'Adventure', 'Boys Love', 'Drama', 'Supernatural', 'Historical']"
29,30,Koe no Katachi,8.85,Manga,7 vols,Aug 2013,Nov 2014,278550,"['Award Winning', 'Drama', 'Shounen']"
30,31,Monogatari Series: Final Season,8.83,Light Novel,6 vols,Sep 2012,Sep 2014,19797,"['Comedy', 'Mystery', 'Supernatural', 'Vampire']"
31,32,86,8.83,Light Novel,unfinished,Feb 2017,unfinished,44286,"['Action', 'Drama', 'Sci-Fi', 'Military']"
32,33,Sousou no Frieren,8.83,Manga,unfinished,Apr 2020,unfinished,142884,"['Adventure', 'Award Winning', 'Drama', 'Fantasy', 'Shounen']"
33,34,Akatsuki no Yona,8.82,Manga,unfinished,Aug 2009,unfinished,141842,"['Adventure', 'Fantasy', 'Romance', 'Shoujo']"
34,35,Mushoku Tensei: Isekai Ittara Honki Dasu,8.82,Light Novel,26 vols,Jan 2014,Nov 2022,92475,"['Fantasy', 'Isekai', 'Reincarnation']"
35,36,Ookami to Koushinryou,8.82,Light Novel,unfinished,Feb 2006,unfinished,66465,"['Adventure', 'Drama', 'Fantasy', 'Romance', 'Supernatural', 'Adult Cast', 'Historical']"
36,37,Kaze no Tani no Nausicaä,8.81,Manga,7 vols,Oct 1982,Feb 1994,61920,"['Award Winning', 'Drama', 'Romance', 'Adult Cast', 'Love Polygon', 'Music', 'Shoujo']"
37,38,Kokou no Hito,8.81,Manga,17 vols,Nov 2007,Oct 2011,125239,"['Action', 'Adventure', 'Award Winning', 'Fantasy']"
38,39,Re:Zero kara Hajimeru Isekai Seikatsu,8.81,Light Novel,unfinished,Jan 2014,unfinished,75018,"['Award Winning', 'Drama', 'Sports', 'Psychological', 'Seinen']"
39,40,Kaoru Hana wa Rin to Saku,8.81,Manga,unfinished,Oct 2021,unfinished,93777,"['Drama', 'Fantasy', 'Suspense', 'Isekai', 'Psychological', 'Time Travel']"
40,41,The Greatest Estate Developer,8.81,Manhwa,unfinished,Jul 2021,unfinished,40982,"['Drama', 'Romance', 'School']"
41,42,Nana,8.8,Manga,21 vols,May 2000,May 2009,155115,"['Adventure', 'Comedy', 'Fantasy', 'Isekai', 'Reincarnation']"
42,43,Youkoso Jitsuryoku Shijou Shugi no Kyoushitsu e,8.8,Light Novel,14 vols,May 2015,Sep 2019,90597,"['Drama', 'Psychological', 'School']"
43,44,Honzuki no Gekokujou: Shisho ni Naru Tame ni wa Shudan wo Erandeiraremasen,8.78,Light Novel,33 vols,Jan 2015,Dec 2023,17113,"['Drama', 'Psychological', 'School']"
44,45,Kusuriya no Hitorigoto,8.77,Light Novel,unfinished,Aug 2014,unfinished,14723,"['Fantasy', 'Isekai', 'Reincarnation']"
45,46,Youkoso Jitsuryoku Shijou Shugi no Kyoushitsu e: 2-nensei-hen,8.77,Light Novel,15 vols,Jan 2020,Nov 2024,39292,"['Drama', 'Shounen']"
46,47,"Jumyou wo Kaitotte Moratta. Ichinen ni Tsuki, Ichimanen de.",8.77,Manga,3 vols,Aug 2016,Oct 2017,175768,"['Award Winning', 'Comedy', 'Fantasy', 'Gourmet', 'Seinen']"
47,48,Dungeon Meshi,8.76,Manga,14 vols,Feb 2014,Sep 2023,93656,"['Drama', 'Mystery', 'Medical']"
48,49,Hunter x Hunter,8.76,Manga,unfinished,Mar 1998,unfinished,290839,"['Action', 'Adventure', 'Fantasy', 'Shounen']"
49,50,Uchuu Kyoudai,8.75,Manga,unfinished,Dec 2007,unfinished,37464,"['Award Winning', 'Drama', 'Sci-Fi', 'Adult Cast', 'Space', 'Workplace', 'Seinen']"
50,51,Berserk,9.47,Manga,unfinished,Aug 1989,unfinished,740803,"['Action', 'Adventure', 'Award Winning', 'Drama', 'Fantasy', 'Horror', 'Gore', 'Military', 'Psychological', 'Seinen']"
51,52,JoJo no Kimyou na Bouken Part 7: Steel Ball Run,9.32,Manga,24 vols,Jan 2004,Apr 2011,287531,"['Action', 'Adventure', 'Mystery', 'Supernatural', 'Historical', 'Seinen', 'Shounen']"
52,53,Vagabond,9.26,Manga,37 vols,Sep 1998,May 2015,417041,"['Action', 'Adventure', 'Award Winning', 'Historical', 'Samurai', 'Seinen']"
53,54,One Piece,9.22,Manga,unfinished,Jul 1997,unfinished,653920,"['Action', 'Adventure', 'Fantasy', 'Shounen']"
54,55,Monster,9.16,Manga,18 vols,Dec 1994,Dec 2001,264525,"['Award Winning', 'Drama', 'Mystery', 'Adult Cast', 'Psychological', 'Seinen']"
55,56,Slam Dunk,9.08,Manga,31 vols,Sep 1990,Jun 1996,183607,"['Award Winning', 'Sports', 'School', 'Team Sports', 'Shounen']"
56,57,Vinland Saga,9.08,Manga,unfinished,Apr 2005,unfinished,327368,"['Action', 'Adventure', 'Award Winning', 'Drama', 'Historical', 'Seinen']"
57,58,Fullmetal Alchemist,9.04,Manga,27 vols,Jul 2001,Sep 2010,305613,"['Action', 'Adventure', 'Award Winning', 'Drama', 'Fantasy', 'Military', 'Shounen']"
58,59,Tian Guan Cifu,9.04,Novel,6 vols,Feb 2021,Mar 2022,14578,"['Action', 'Adventure', 'Boys Love', 'Supernatural', 'Historical']"
59,60,Guimi Zhi Zhu,9.03,Novel,18 vols,May 2020,Aug 2023,7977,"['Action', 'Mystery', 'Supernatural', 'Suspense']"
60,61,Grand Blue,9.03,Manga,unfinished,Apr 2014,unfinished,185660,"['Comedy', 'Seinen']"
61,62,Omniscient Reader's Viewpoint,9.02,Novel,20 vols,Jan 2022,Sep 2023,20661,"['Action', 'Adventure', 'Fantasy', 'Urban Fantasy']"
62,63,Kingdom,9.01,Manga,unfinished,Jan 2006,unfinished,183301,"['Action', 'Award Winning', 'Historical', 'Military', 'Seinen']"
63,64,Oyasumi Punpun,8.99,Manga,13 vols,Mar 2007,Nov 2013,478622,"['Drama', 'Slice of Life', 'Psychological', 'Seinen']"
64,65,Houseki no Kuni,8.97,Manga,13 vols,Oct 2012,Apr 2024,149302,"['Action', 'Drama', 'Fantasy', 'Anthropomorphic', 'Seinen']"
65,66,Real,8.95,Manga,unfinished,Oct 1999,unfinished,97258,"['Award Winning', 'Drama', 'Sports', 'Psychological', 'Team Sports', 'Seinen']"
66,67,20th Century Boys,8.94,Manga,22 vols,Sep 1999,Apr 2006,283384,"['Award Winning', 'Drama', 'Mystery', 'Sci-Fi', 'Historical', 'Psychological', 'Seinen']"
67,68,Ashita no Joe,8.94,Manga,20 vols,Jan 1968,May 1973,57009,"['Drama', 'Slice of Life', 'Sports', 'Combat Sports', 'Shounen']"
68,69,Yotsuba to!,8.91,Manga,unfinished,Mar 2003,unfinished,164919,"['Award Winning', 'Comedy', 'Slice of Life', 'Childcare', 'Iyashikei']"
69,70,Monogatari Series: First Season,8.91,Light Novel,6 vols,Nov 2006,Jul 2010,61482,"['Action', 'Comedy', 'Mystery', 'Romance', 'Supernatural', 'Vampire']"
70,71,Mo Dao Zu Shi,8.91,Novel,4 vols,Dec 2016,Dec 2016,9225,"['Action', 'Adventure', 'Boys Love', 'Mystery', 'Supernatural', 'Historical']"
71,72,Monogatari Series: Second Season,8.9,Light Novel,6 vols,Oct 2010,Dec 2011,24237,"['Comedy', 'Drama', 'Mystery', 'Supernatural', 'Vampire']"
72,73,Umineko no Naku Koro ni Chiru - Episode 8: Twilight of the Golden Witch,8.9,Manga,9 vols,Jan 2012,Jun 2015,19024,"['Drama', 'Fantasy', 'Mystery', 'Supernatural', 'Shounen']"
73,74,Kaguya-sama wa Kokurasetai: Tensai-tachi no Renai Zunousen,8.89,Manga,28 vols,May 2015,Nov 2022,284123,"['Award Winning', 'Comedy', 'Romance', 'School', 'Seinen']"
74,75,Mikkakan no Koufuku,8.87,Novel,1 vols,Dec 2013,Dec 2013,34610,['Drama']
75,76,GTO,8.87,Manga,25 vols,Dec 1996,Jan 2002,178087,"['Action', 'Award Winning', 'Comedy', 'Drama', 'Ecchi', 'Delinquents', 'School', 'Workplace', 'Shounen']"
76,77,3-gatsu no Lion,8.86,Manga,unfinished,Jul 2007,unfinished,71950,"['Award Winning', 'Drama', 'Slice of Life', 'Childcare', 'Iyashikei', 'Strategy Game', 'Seinen']"
77,78,Haikyuu!!,8.86,Manga,45 vols,Feb 2012,Jul 2020,228868,"['Award Winning', 'Sports', 'School', 'Team Sports', 'Shounen']"
78,79,Tian Guan Cifu,8.85,Manhua,unfinished,Oct 2019,unfinished,14423,"['Action', 'Adventure', 'Boys Love', 'Drama', 'Supernatural', 'Historical']"
79,80,Koe no Katachi,8.85,Manga,7 vols,Aug 2013,Nov 2014,278550,"['Drama', 'Mystery', 'Supernatural', 'Suspense', 'Psychological', 'Shounen']"
80,81,Monogatari Series: Final Season,8.83,Light Novel,6 vols,Sep 2012,Sep 2014,19797,"['Mystery', 'Supernatural']"
81,82,86,8.83,Light Novel,unfinished,Feb 2017,unfinished,44286,"['Action', 'Comedy', 'Fantasy', 'Sci-Fi', 'Supernatural', 'Super Power']"
82,83,Sousou no Frieren,8.83,Manga,unfinished,Apr 2020,unfinished,142884,"['Comedy', 'Drama', 'Romance', 'Slice of Life', 'School']"
83,84,Akatsuki no Yona,8.82,Manga,unfinished,Aug 2009,unfinished,141842,"['Action', 'Adventure', 'Award Winning', 'Historical', 'Seinen']"
84,85,Mushoku Tensei: Isekai Ittara Honki Dasu,8.82,Light Novel,26 vols,Jan 2014,Nov 2022,92475,"['Action', 'Drama', 'Sports']"
85,86,Ookami to Koushinryou,8.82,Light Novel,unfinished,Feb 2006,unfinished,66465,"['Girls Love', 'School']"
86,87,Kaze no Tani no Nausicaä,8.81,Manga,7 vols,Oct 1982,Feb 1994,61920,"['Action', 'Adventure', 'Boys Love', 'Mystery', 'Supernatural', 'Historical']"
87,88,Kokou no Hito,8.81,Manga,17 vols,Nov 2007,Oct 2011,125239,"['Action', 'Comedy', 'Sci-Fi', 'Gag Humor', 'Historical', 'Parody', 'Samurai', 'Shounen']"
88,89,Re:Zero kara Hajimeru Isekai Seikatsu,8.81,Light Novel,unfinished,Jan 2014,unfinished,75018,"['Action', 'Historical', 'Samurai', 'Seinen']"
89,90,Kaoru Hana wa Rin to Saku,8.81,Manga,unfinished,Oct 2021,unfinished,93777,"['Action', 'Adventure', 'Drama', 'Sci-Fi', 'Adult Cast', 'Military', 'Space']"
90,91,The Greatest Estate Developer,8.81,Manhwa,unfinished,Jul 2021,unfinished,40982,"['Adventure', 'Comedy', 'Drama', 'Sci-Fi', 'Slice of Life', 'Iyashikei', 'Shounen']"
91,92,Nana,8.8,Manga,21 vols,May 2000,May 2009,155115,"['Action', 'Award Winning', 'Mystery', 'Sci-Fi', 'Suspense', 'Detective', 'Psychological', 'Seinen']"
92,93,Youkoso Jitsuryoku Shijou Shugi no Kyoushitsu e,8.8,Light Novel,14 vols,May 2015,Sep 2019,90597,"['Action', 'Fantasy', 'Isekai']"
93,94,Honzuki no Gekokujou: Shisho ni Naru Tame ni wa Shudan wo Erandeiraremasen,8.78,Light Novel,33 vols,Jan 2015,Dec 2023,17113,"['Action', 'Award Winning', 'Comedy', 'Supernatural', 'Super Power']"
94,95,Kusuriya no Hitorigoto,8.77,Light Novel,unfinished,Aug 2014,unfinished,14723,"['Drama', 'Romance', 'Supernatural', 'School']"
95,96,Youkoso Jitsuryoku Shijou Shugi no Kyoushitsu e: 2-nensei-hen,8.77,Light Novel,15 vols,Jan 2020,Nov 2024,39292,"['Adventure', 'Mystery', 'School']"
96,97,"Jumyou wo Kaitotte Moratta. Ichinen ni Tsuki, Ichimanen de.",8.77,Manga,3 vols,Aug 2016,Oct 2017,175768,"['Action', 'Adventure', 'Fantasy', 'Urban Fantasy']"
97,98,Dungeon Meshi,8.76,Manga,14 vols,Feb 2014,Sep 2023,93656,"['Award Winning', 'Sports', 'Team Sports', 'Seinen']"
98,99,Hunter x Hunter,8.76,Manga,unfinished,Mar 1998,unfinished,290839,"['Award Winning', 'Drama', 'School', 'Visual Arts', 'Seinen']"
99,100,Uchuu Kyoudai,8.75,Manga,unfinished,Dec 2007,unfinished,37464,"['Adventure', 'Comedy', 'Fantasy', 'Isekai', 'Parody']"
100,101,Berserk,9.47,Manga,unfinished,Aug 1989,unfinished,740803,"['Action', 'Adventure', 'Drama', 'Delinquents', 'Shoujo']"
101,102,JoJo no Kimyou na Bouken Part 7: Steel Ball Run,9.32,Manga,24 vols,Jan 2004,Apr 2011,287531,"['Award Winning', 'Drama', 'School', 'Seinen']"
102,103,Vagabond,9.26,Manga,37 vols,Sep 1998,May 2015,417041,['Romance']
103,104,One Piece,9.22,Manga,unfinished,Jul 1997,unfinished,653920,"['Boys Love', 'Comedy']"
104,105,Monster,9.16,Manga,18 vols,Dec 1994,Dec 2001,264525,"['Romance', 'Love Polygon']"
105,106,Slam Dunk,9.08,Manga,31 vols,Sep 1990,Jun 1996,183607,"['Award Winning', 'Drama', 'Romance', 'Music', 'School', 'Shounen']"
106,107,Vinland Saga,9.08,Manga,unfinished,Apr 2005,unfinished,327368,"['Drama', 'Adult Cast', 'High Stakes Game', 'Psychological', 'Strategy Game', 'Seinen']"
107,108,Fullmetal Alchemist,9.04,Manga,27 vols,Jul 2001,Sep 2010,305613,"['Adventure', 'Drama', 'Fantasy']"
108,109,Tian Guan Cifu,9.04,Novel,6 vols,Feb 2021,Mar 2022,14578,"['Action', 'Drama', 'Mystery', 'Sci-Fi', 'Suspense', 'Mecha', 'Psychological', 'Seinen', 'Shounen']"
109,110,Guimi Zhi Zhu,9.03,Novel,18 vols,May 2020,Aug 2023,7977,"['Action', 'Supernatural', 'Shounen']"
110,111,Grand Blue,9.03,Manga,unfinished,Apr 2014,unfinished,185660,"['Award Winning', 'Drama', 'Love Polygon', 'Strategy Game', 'Josei']"
111,112,Omniscient Reader's Viewpoint,9.02,Novel,20 vols,Jan 2022,Sep 2023,20661,"['Adventure', 'Fantasy', 'Mystery', 'Shounen']"
112,113,Kingdom,9.01,Manga,unfinished,Jan 2006,unfinished,183301,"['Award Winning', 'Romance', 'Historical', 'Seinen']"
113,114,Oyasumi Punpun,8.99,Manga,13 vols,Mar 2007,Nov 2013,478622,"['Sports', 'School', 'Team Sports', 'Shounen']"
114,115,Houseki no Kuni,8.97,Manga,13 vols,Oct 2012,Apr 2024,149302,"['Award Winning', 'Comedy', 'Suspense', 'Adult Cast', 'Organized Crime', 'Seinen']"
115,116,Real,8.95,Manga,unfinished,Oct 1999,unfinished,97258,"['Romance', 'School']"
116,117,20th Century Boys,8.94,Manga,22 vols,Sep 1999,Apr 2006,283384,"['Comedy', 'School']"
117,118,Ashita no Joe,8.94,Manga,20 vols,Jan 1968,May 1973,57009,"['Comedy', 'Drama', 'Romance', 'Love Polygon', 'Showbiz', 'Shoujo']"
118,119,Yotsuba to!,8.91,Manga,unfinished,Mar 2003,unfinished,164919,"['Drama', 'Fantasy', 'Romance', 'Sci-Fi', 'Supernatural', 'Historical', 'Psychological', 'Space', 'Shounen']"
119,120,Monogatari Series: First Season,8.91,Light Novel,6 vols,Nov 2006,Jul 2010,61482,"['Action', 'Fantasy', 'Mystery', 'Psychological', 'Urban Fantasy']"
120,121,Mo Dao Zu Shi,8.91,Novel,4 vols,Dec 2016,Dec 2016,9225,"['Drama', 'Mystery', 'Supernatural', 'Detective', 'Historical', 'Psychological', 'Seinen']"
121,122,Monogatari Series: Second Season,8.9,Light Novel,6 vols,Oct 2010,Dec 2011,24237,"['Action', 'Adventure', 'Fantasy', 'Martial Arts']"
122,123,Umineko no Naku Koro ni Chiru - Episode 8: Twilight of the Golden Witch,8.9,Manga,9 vols,Jan 2012,Jun 2015,19024,"['Action', 'Award Winning', 'Drama', 'Gore', 'Military', 'Survival', 'Shounen']"
123,124,Kaguya-sama wa Kokurasetai: Tensai-tachi no Renai Zunousen,8.89,Manga,28 vols,May 2015,Nov 2022,284123,"['Fantasy', 'Horror', 'Mystery', 'Supernatural', 'Suspense', 'Psychological']"
124,125,Mikkakan no Koufuku,8.87,Novel,1 vols,Dec 2013,Dec 2013,34610,"['Supernatural', 'School', 'Shounen']"
125,126,GTO,8.87,Manga,25 vols,Dec 1996,Jan 2002,178087,"['Comedy', 'Romance', 'Supernatural', 'Harem', 'School', 'Time Travel']"
126,127,3-gatsu no Lion,8.86,Manga,unfinished,Jul 2007,unfinished,71950,"['Action', 'Drama', 'Historical', 'Samurai', 'Shounen']"
127,128,Haikyuu!!,8.86,Manga,45 vols,Feb 2012,Jul 2020,228868,"['Comedy', 'Fantasy', 'Romance', 'Supernatural', 'Mythology', 'Shoujo']"
128,129,Tian Guan Cifu,8.85,Manhua,unfinished,Oct 2019,unfinished,14423,"['Sports', 'Adult Cast', 'Psychological', 'Team Sports', 'Seinen']"
129,130,Koe no Katachi,8.85,Manga,7 vols,Aug 2013,Nov 2014,278550,"['Award Winning', 'Drama', 'Romance', 'Supernatural', 'Love Polygon', 'School', 'Shoujo']"
130,131,Monogatari Series: Final Season,8.83,Light Novel,6 vols,Sep 2012,Sep 2014,19797,[]
131,132,86,8.83,Light Novel,unfinished,Feb 2017,unfinished,44286,"['Comedy', 'Drama', 'Sci-Fi', 'Supernatural', 'School']"
132,133,Sousou no Frieren,8.83,Manga,unfinished,Apr 2020,unfinished,142884,"['Drama', 'Sports', 'Seinen']"
133,134,Akatsuki no Yona,8.82,Manga,unfinished,Aug 2009,unfinished,141842,"['Action', 'Super Power']"
134,135,Mushoku Tensei: Isekai Ittara Honki Dasu,8.82,Light Novel,26 vols,Jan 2014,Nov 2022,92475,"['Fantasy', 'Slice of Life', 'Isekai', 'Reincarnation']"
135,136,Ookami to Koushinryou,8.82,Light Novel,unfinished,Feb 2006,unfinished,66465,"['Slice of Life', 'Seinen']"
136,137,Kaze no Tani no Nausicaä,8.81,Manga,7 vols,Oct 1982,Feb 1994,61920,"['Boys Love', 'Otaku Culture', 'School']"
137,138,Kokou no Hito,8.81,Manga,17 vols,Nov 2007,Oct 2011,125239,"['Comedy', 'Mystery', 'Supernatural', 'Vampire']"
138,139,Re:Zero kara Hajimeru Isekai Seikatsu,8.81,Light Novel,unfinished,Jan 2014,unfinished,75018,"['Fantasy', 'Horror', 'Mystery', 'Supernatural', 'Suspense', 'Psychological']"
139,140,Kaoru Hana wa Rin to Saku,8.81,Manga,unfinished,Oct 2021,unfinished,93777,"['Action', 'Fantasy', 'Horror', 'Gore', 'Psychological', 'Urban Fantasy', 'Seinen']"
140,141,The Greatest Estate Developer,8.81,Manhwa,unfinished,Jul 2021,unfinished,40982,"['Sci-Fi', 'Suspense']"
141,142,Nana,8.8,Manga,21 vols,May 2000,May 2009,155115,"['Drama', 'Fantasy', 'Romance', 'Sci-Fi']"
142,143,Youkoso Jitsuryoku Shijou Shugi no Kyoushitsu e,8.8,Light Novel,14 vols,May 2015,Sep 2019,90597,"['Action', 'Award Winning', 'Drama', 'Sci-Fi', 'Mecha', 'Military', 'Space', 'Shounen']"
143,144,Honzuki no Gekokujou: Shisho ni Naru Tame ni wa Shudan wo Erandeiraremasen,8.78,Light Novel,33 vols,Jan 2015,Dec 2023,17113,"['Action', 'Fantasy', 'Mystery', 'Organized Crime']"
144,145,Kusuriya no Hitorigoto,8.77,Light Novel,unfinished,Aug 2014,unfinished,14723,"['Drama', 'Fantasy', 'Horror', 'Mystery', 'Supernatural', 'Suspense', 'Psychological', 'Shounen']"
145,146,Youkoso Jitsuryoku Shijou Shugi no Kyoushitsu e: 2-nensei-hen,8.77,Light Novel,15 vols,Jan 2020,Nov 2024,39292,"['Award Winning', 'Slice of Life', 'Memoir', 'Otaku Culture', 'Visual Arts', 'Josei']"
146,147,"Jumyou wo Kaitotte Moratta. Ichinen ni Tsuki, Ichimanen de.",8.77,Manga,3 vols,Aug 2016,Oct 2017,175768,"['Boys Love', 'Drama', 'Music', 'School']"
147,148,Dungeon Meshi,8.76,Manga,14 vols,Feb 2014,Sep 2023,93656,"['Action', 'Adventure', 'Fantasy', 'Martial Arts', 'Reincarnation']"
148,149,Hunter x Hunter,8.76,Manga,unfinished,Mar 1998,unfinished,290839,"['Comedy', 'Drama', 'Romance', 'Crossdressing', 'Reverse Harem', 'School', 'Shoujo']"
149,150,Uchuu Kyoudai,8.75,Manga,unfinished,Dec 2007,unfinished,37464,"['Action', 'Fantasy', 'Urban Fantasy']"
150,151,Berserk,9.47,Manga,unfinished,Aug 1989,unfinished,740803,"['Drama', 'Romance', 'Music', 'Psychological', 'Seinen']"
151,152,JoJo no Kimyou na Bouken Part 7: Steel Ball Run,9.32,Manga,24 vols,Jan 2004,Apr 2011,287531,"['Comedy', 'Drama', 'Mystery', 'Supernatural', 'Vampire']"
152,153,Vagabond,9.26,Manga,37 vols,Sep 1998,May 2015,417041,['Seinen']
153,154,One Piece,9.22,Manga,unfinished,Jul 1997,unfinished,653920,"['Drama', 'Romance']"
154,155,Monster,9.16,Manga,18 vols,Dec 1994,Dec 2001,264525,"['Action', 'Mystery', 'Supernatural', 'Detective', 'Seinen']"
155,156,Slam Dunk,9.08,Manga,31 vols,Sep 1990,Jun 1996,183607,"['Award Winning', 'Music', 'Seinen']"
156,157,Vinland Saga,9.08,Manga,unfinished,Apr 2005,unfinished,327368,"['Action', 'Comedy', 'Drama', 'Mystery', 'Romance', 'Supernatural', 'Vampire', 'Shounen']"
157,158,Fullmetal Alchemist,9.04,Manga,27 vols,Jul 2001,Sep 2010,305613,"['Drama', 'Girls Love', 'School']"
158,159,Tian Guan Cifu,9.04,Novel,6 vols,Feb 2021,Mar 2022,14578,"['Action', 'Comedy', 'Childcare', 'Shounen']"
159,160,Guimi Zhi Zhu,9.03,Novel,18 vols,May 2020,Aug 2023,7977,"['Romance', 'Adult Cast', 'Shoujo']"
160,161,Grand Blue,9.03,Manga,unfinished,Apr 2014,unfinished,185660,"['Award Winning', 'Drama', 'Romance', 'Love Polygon', 'Music', 'School', 'Josei']"
161,162,Omniscient Reader's Viewpoint,9.02,Novel,20 vols,Jan 2022,Sep 2023,20661,"['Drama', 'Sports', 'Combat Sports']"
162,163,Kingdom,9.01,Manga,unfinished,Jan 2006,unfinished,183301,"['Drama', 'Horror', 'Mystery', 'Romance', 'Gore', 'Psychological']"
163,164,Oyasumi Punpun,8.99,Manga,13 vols,Mar 2007,Nov 2013,478622,"['Award Winning', 'Sports', 'Team Sports', 'Shounen']"
164,165,Houseki no Kuni,8.97,Manga,13 vols,Oct 2012,Apr 2024,149302,"['Fantasy', 'Isekai', 'Reincarnation']"
165,166,Real,8.95,Manga,unfinished,Oct 1999,unfinished,97258,"['Action', 'Adventure', 'Comedy', 'Drama', 'Romance', 'Supernatural', 'Reincarnation', 'Seinen']"
166,167,20th Century Boys,8.94,Manga,22 vols,Sep 1999,Apr 2006,283384,"['Action', 'Adventure', 'Award Winning', 'Mystery', 'Supernatural', 'Seinen']"
167,168,Ashita no Joe,8.94,Manga,20 vols,Jan 1968,May 1973,57009,"['Comedy', 'Drama', 'Romance', 'Slice of Life']"
168,169,Yotsuba to!,8.91,Manga,unfinished,Mar 2003,unfinished,164919,"['Slice of Life', 'School']"
169,170,Monogatari Series: First Season,8.91,Light Novel,6 vols,Nov 2006,Jul 2010,61482,"['Boys Love', 'Drama', 'Slice of Life', 'School']"
170,171,Mo Dao Zu Shi,8.91,Novel,4 vols,Dec 2016,Dec 2016,9225,"['Drama', 'Fantasy', 'Reincarnation']"
171,172,Monogatari Series: Second Season,8.9,Light Novel,6 vols,Oct 2010,Dec 2011,24237,"['Comedy', 'Romance']"
172,173,Umineko no Naku Koro ni Chiru - Episode 8: Twilight of the Golden Witch,8.9,Manga,9 vols,Jan 2012,Jun 2015,19024,"['Fantasy', 'Historical', 'Urban Fantasy', 'Vampire', 'Shounen']"
173,174,Kaguya-sama wa Kokurasetai: Tensai-tachi no Renai Zunousen,8.89,Manga,28 vols,May 2015,Nov 2022,284123,"['Romance', 'Supernatural', 'Shoujo']"
174,175,Mikkakan no Koufuku,8.87,Novel,1 vols,Dec 2013,Dec 2013,34610,"['Award Winning', 'Comedy', 'Drama', 'Romance', 'Sports', 'School', 'Team Sports', 'Shounen']"
175,176,GTO,8.87,Manga,25 vols,Dec 1996,Jan 2002,178087,"['Sports', 'Team Sports', 'Shounen']"
176,177,3-gatsu no Lion,8.86,Manga,unfinished,Jul 2007,unfinished,71950,"['Comedy', 'Fantasy', 'Romance', 'Supernatural', 'Harem', 'Otaku Culture', 'School', 'Shounen']"
177,178,Haikyuu!!,8.86,Manga,45 vols,Feb 2012,Jul 2020,228868,"['Boys Love', 'Drama', 'Slice of Life']"
178,179,Tian Guan Cifu,8.85,Manhua,unfinished,Oct 2019,unfinished,14423,"['Action', 'Comedy', 'Supernatural', 'Shounen']"
179,180,Koe no Katachi,8.85,Manga,7 vols,Aug 2013,Nov 2014,278550,"['Comedy', 'Supernatural', 'Childcare', 'Organized Crime', 'Seinen']"
180,181,Monogatari Series: Final Season,8.83,Light Novel,6 vols,Sep 2012,Sep 2014,19797,"['Drama', 'Slice of Life', 'Psychological', 'Seinen']"
181,182,86,8.83,Light Novel,unfinished,Feb 2017,unfinished,44286,"['Mystery', 'Suspense', 'Adult Cast', 'Historical', 'Psychological', 'Shounen']"
182,183,Sousou no Frieren,8.83,Manga,unfinished,Apr 2020,unfinished,142884,"['Action', 'Comedy', 'Fantasy', 'Isekai', 'Reincarnation']"
183,184,Akatsuki no Yona,8.82,Manga,unfinished,Aug 2009,unfinished,141842,"['Adventure', 'Drama', 'Fantasy', 'Romance', 'Supernatural', 'Adult Cast', 'Historical', 'Seinen']"
184,185,Mushoku Tensei: Isekai Ittara Honki Dasu,8.82,Light Novel,26 vols,Jan 2014,Nov 2022,92475,"['Action', 'Adventure', 'Drama', 'Fantasy', 'Military']"
185,186,Ookami to Koushinryou,8.82,Light Novel,unfinished,Feb 2006,unfinished,66465,"['Award Winning', 'Drama', 'Delinquents', 'Historical', 'Psychological', 'Seinen']"
186,187,Kaze no Tani no Nausicaä,8.81,Manga,7 vols,Oct 1982,Feb 1994,61920,"['Boys Love', 'Psychological', 'School']"
187,188,Kokou no Hito,8.81,Manga,17 vols,Nov 2007,Oct 2011,125239,"['Action', 'Adventure', 'Drama', 'Historical']"
188,189,Re:Zero kara Hajimeru Isekai Seikatsu,8.81,Light Novel,unfinished,Jan 2014,unfinished,75018,"['Drama', 'Horror', 'Mystery', 'Supernatural', 'Shounen']"
189,190,Kaoru Hana wa Rin to Saku,8.81,Manga,unfinished,Oct 2021,unfinished,93777,"['Action', 'Adventure', 'Fantasy', 'Martial Arts', 'Shounen']"
190,191,The Greatest Estate Developer,8.81,Manhwa,unfinished,Jul 2021,unfinished,40982,"['Adventure', 'Award Winning', 'Comedy', 'Sci-Fi', 'Slice of Life', 'Anthropomorphic', 'School', 'Kids', 'Shounen']"
191,192,Nana,8.8,Manga,21 vols,May 2000,May 2009,155115,"['Drama', 'Romance', 'Performing Arts', 'Showbiz', 'Shoujo']"
192,193,Youkoso Jitsuryoku Shijou Shugi no Kyoushitsu e,8.8,Light Novel,14 vols,May 2015,Sep 2019,90597,"['Action', 'Delinquents', 'Martial Arts', 'Psychological', 'Seinen']"
193,194,Honzuki no Gekokujou: Shisho ni Naru Tame ni wa Shudan wo Erandeiraremasen,8.78,Light Novel,33 vols,Jan 2015,Dec 2023,17113,"['Action', 'Comedy', 'Delinquents', 'School', 'Shounen']"
194,195,Kusuriya no Hitorigoto,8.77,Light Novel,unfinished,Aug 2014,unfinished,14723,"['Comedy', 'Romance', 'Slice of Life']"
195,196,Youkoso Jitsuryoku Shijou Shugi no Kyoushitsu e: 2-nensei-hen,8.77,Light Novel,15 vols,Jan 2020,Nov 2024,39292,"['Boys Love', 'Slice of Life', 'School', 'Josei']"
196,197,"Jumyou wo Kaitotte Moratta. Ichinen ni Tsuki, Ichimanen de.",8.77,Manga,3 vols,Aug 2016,Oct 2017,175768,"['Action', 'Comedy', 'Fantasy', 'Sci-Fi', 'Supernatural', 'Super Power']"
197,198,Dungeon Meshi,8.76,Manga,14 vols,Feb 2014,Sep 2023,93656,"['Girls Love', 'Music']"
198,199,Hunter x Hunter,8.76,Manga,unfinished,Mar 1998,unfinished,290839,"['Award Winning', 'Drama', 'Mystery', 'Sci-Fi', 'Psychological', 'Seinen']"
199,200,Uchuu Kyoudai,8.75,Manga,unfinished,Dec 2007,unfinished,37464,"['Fantasy', 'Isekai']"
200,201,Berserk,9.47,Manga,unfinished,Aug 1989,unfinished,740803,"['Comedy', 'Slice of Life', 'Childcare', 'Iyashikei', 'Visual Arts', 'Shounen']"
201,202,JoJo no Kimyou na Bouken Part 7: Steel Ball Run,9.32,Manga,24 vols,Jan 2004,Apr 2011,287531,"['Comedy', 'Romance', 'Otaku Culture', 'School']"
202,203,Vagabond,9.26,Manga,37 vols,Sep 1998,May 2015,417041,"['Action', 'Adventure', 'Fantasy', 'Adult Cast', 'Urban Fantasy']"
203,204,One Piece,9.22,Manga,unfinished,Jul 1997,unfinished,653920,"['Drama', 'Fantasy', 'Romance', 'Reverse Harem', 'Villainess']"
204,205,Monster,9.16,Manga,18 vols,Dec 1994,Dec 2001,264525,"['Award Winning', 'Drama', 'Adult Cast', 'High Stakes Game', 'Strategy Game', 'Seinen']"
205,206,Slam Dunk,9.08,Manga,31 vols,Sep 1990,Jun 1996,183607,"['Action', 'Mystery', 'Supernatural', 'Detective']"
206,207,Vinland Saga,9.08,Manga,unfinished,Apr 2005,unfinished,327368,"['Drama', 'Mystery', 'Sci-Fi']"
207,208,Fullmetal Alchemist,9.04,Manga,27 vols,Jul 2001,Sep 2010,305613,"['Comedy', 'Fantasy', 'Ecchi', 'Isekai', 'Strategy Game']"
208,209,Tian Guan Cifu,9.04,Novel,6 vols,Feb 2021,Mar 2022,14578,"['Comedy', 'Supernatural', 'Music', 'School', 'Seinen']"
209,210,Guimi Zhi Zhu,9.03,Novel,18 vols,May 2020,Aug 2023,7977,"['Girls Love', 'Slice of Life', 'School']"
210,211,Grand Blue,9.03,Manga,unfinished,Apr 2014,unfinished,185660,"['Action', 'Fantasy', 'Isekai', 'Military', 'Reincarnation']"
211,212,Omniscient Reader's Viewpoint,9.02,Novel,20 vols,Jan 2022,Sep 2023,20661,"['Fantasy', 'Seinen']"
212,213,Kingdom,9.01,Manga,unfinished,Jan 2006,unfinished,183301,"['Romance', 'School', 'Seinen']"
213,214,Oyasumi Punpun,8.99,Manga,13 vols,Mar 2007,Nov 2013,478622,"['Action', 'Adventure', 'Drama', 'Supernatural', 'Historical', 'Martial Arts', 'Samurai', 'Seinen']"
214,215,Houseki no Kuni,8.97,Manga,13 vols,Oct 2012,Apr 2024,149302,"['Action', 'Fantasy', 'Mystery', 'Supernatural', 'Historical', 'Mythology', 'Shounen']"
215,216,Real,8.95,Manga,unfinished,Oct 1999,unfinished,97258,"['Romance', 'School', 'Shounen']"
216,217,20th Century Boys,8.94,Manga,22 vols,Sep 1999,Apr 2006,283384,"['Drama', 'Shounen']"
217,218,Ashita no Joe,8.94,Manga,20 vols,Jan 1968,May 1973,57009,"['Award Winning', 'Drama', 'Historical', 'Seinen']"
218,219,Yotsuba to!,8.91,Manga,unfinished,Mar 2003,unfinished,164919,"['Slice of Life', 'CGDCT', 'Iyashikei']"
219,220,Monogatari Series: First Season,8.91,Light Novel,6 vols,Nov 2006,Jul 2010,61482,"['Award Winning', 'Comedy', 'Romance', 'Slice of Life', 'Adult Cast', 'Music', 'Josei']"
220,221,Mo Dao Zu Shi,8.91,Novel,4 vols,Dec 2016,Dec 2016,9225,"['Adventure', 'Award Winning', 'Drama', 'Fantasy', 'Romance', 'Shoujo']"
221,222,Monogatari Series: Second Season,8.9,Light Novel,6 vols,Oct 2010,Dec 2011,24237,"['Drama', 'Adult Cast', 'High Stakes Game', 'Strategy Game']"
222,223,Umineko no Naku Koro ni Chiru - Episode 8: Twilight of the Golden Witch,8.9,Manga,9 vols,Jan 2012,Jun 2015,19024,"['Drama', 'Psychological', 'School']"
223,224,Kaguya-sama wa Kokurasetai: Tensai-tachi no Renai Zunousen,8.89,Manga,28 vols,May 2015,Nov 2022,284123,"['Action', 'Comedy', 'Drama', 'Martial Arts', 'School']"
224,225,Mikkakan no Koufuku,8.87,Novel,1 vols,Dec 2013,Dec 2013,34610,"['Drama', 'Seinen']"
225,226,GTO,8.87,Manga,25 vols,Dec 1996,Jan 2002,178087,"['Comedy', 'Romance', 'Harem', 'School', 'Showbiz', 'Shounen']"
226,227,3-gatsu no Lion,8.86,Manga,unfinished,Jul 2007,unfinished,71950,['Drama']
227,228,Haikyuu!!,8.86,Manga,45 vols,Feb 2012,Jul 2020,228868,"['Suspense', 'High Stakes Game', 'Psychological', 'Strategy Game', 'Shounen']"
228,229,Tian Guan Cifu,8.85,Manhua,unfinished,Oct 2019,unfinished,14423,"['Adventure', 'Romance', 'Historical', 'Shoujo']"
229,230,Koe no Katachi,8.85,Manga,7 vols,Aug 2013,Nov 2014,278550,"['Action', 'Sci-Fi', 'Seinen']"
230,231,Monogatari Series: Final Season,8.83,Light Novel,6 vols,Sep 2012,Sep 2014,19797,"['Comedy', 'Romance', 'School', 'Shoujo']"
231,232,86,8.83,Light Novel,unfinished,Feb 2017,unfinished,44286,"['Comedy', 'Gag Humor', 'School', 'Shounen']"
232,233,Sousou no Frieren,8.83,Manga,unfinished,Apr 2020,unfinished,142884,"['Drama', 'Slice of Life', 'Childcare', 'Seinen']"
233,234,Akatsuki no Yona,8.82,Manga,unfinished,Aug 2009,unfinished,141842,"['Action', 'Fantasy', 'Sci-Fi', 'Super Power', 'Urban Fantasy']"
234,235,Mushoku Tensei: Isekai Ittara Honki Dasu,8.82,Light Novel,26 vols,Jan 2014,Nov 2022,92475,"['Action', 'Mystery', 'Sci-Fi']"
235,236,Ookami to Koushinryou,8.82,Light Novel,unfinished,Feb 2006,unfinished,66465,"['Action', 'Horror', 'Supernatural', 'Gore', 'High Stakes Game', 'Psychological', 'Survival', 'Shounen']"
236,237,Kaze no Tani no Nausicaä,8.81,Manga,7 vols,Oct 1982,Feb 1994,61920,"['Drama', 'School', 'Shounen']"
237,238,Kokou no Hito,8.81,Manga,17 vols,Nov 2007,Oct 2011,125239,"['Action', 'Drama', 'Girls Love', 'Supernatural', 'Reincarnation', 'Seinen']"
238,239,Re:Zero kara Hajimeru Isekai Seikatsu,8.81,Light Novel,unfinished,Jan 2014,unfinished,75018,"['Comedy', 'Girls Love', 'Slice of Life', 'School']"
239,240,Kaoru Hana wa Rin to Saku,8.81,Manga,unfinished,Oct 2021,unfinished,93777,"['Romance', 'Adult Cast', 'Showbiz']"
240,241,The Greatest Estate Developer,8.81,Manhwa,unfinished,Jul 2021,unfinished,40982,"['Action', 'Comedy', 'Drama', 'Romance', 'Martial Arts', 'School']"
241,242,Nana,8.8,Manga,21 vols,May 2000,May 2009,155115,"['Award Winning', 'Fantasy', 'Isekai', 'Reincarnation', 'Shounen']"
242,243,Youkoso Jitsuryoku Shijou Shugi no Kyoushitsu e,8.8,Light Novel,14 vols,May 2015,Sep 2019,90597,"['Comedy', 'Drama', 'Mystery', 'Supernatural', 'Seinen']"
243,244,Honzuki no Gekokujou: Shisho ni Naru Tame ni wa Shudan wo Erandeiraremasen,8.78,Light Novel,33 vols,Jan 2015,Dec 2023,17113,"['Comedy', 'Slice of Life', 'CGDCT', 'School']"
244,245,Kusuriya no Hitorigoto,8.77,Light Novel,unfinished,Aug 2014,unfinished,14723,"['Adventure', 'Award Winning', 'Comedy', 'Fantasy', 'Romance', 'Mahou Shoujo', 'Shoujo']"
245,246,Youkoso Jitsuryoku Shijou Shugi no Kyoushitsu e: 2-nensei-hen,8.77,Light Novel,15 vols,Jan 2020,Nov 2024,39292,"['Action', 'Award Winning', 'Horror', 'Sci-Fi', 'Gore', 'Psychological', 'Seinen']"
246,247,"Jumyou wo Kaitotte Moratta. Ichinen ni Tsuki, Ichimanen de.",8.77,Manga,3 vols,Aug 2016,Oct 2017,175768,"['Award Winning', 'Comedy', 'Drama', 'School', 'Shounen']"
247,248,Dungeon Meshi,8.76,Manga,14 vols,Feb 2014,Sep 2023,93656,"['Comedy', 'Drama', 'Romance', 'Otaku Culture', 'Shounen']"
248,249,Hunter x Hunter,8.76,Manga,unfinished,Mar 1998,unfinished,290839,"['Drama', 'Romance', 'Historical', 'Military', 'Shoujo']"
249,250,Uchuu Kyoudai,8.75,Manga,unfinished,Dec 2007,unfinished,37464,"['Drama', 'Horror', 'Mystery', 'Psychological', 'Shounen']"
250,251,Berserk,9.47,Manga,unfinished,Aug 1989,unfinished,740803,"['Action', 'Adventure', 'Comedy', 'Fantasy', 'Isekai', 'Reincarnation']"
251,252,JoJo no Kimyou na Bouken Part 7: Steel Ball Run,9.32,Manga,24 vols,Jan 2004,Apr 2011,287531,"['Fantasy', 'Mystery', 'Seinen']"
252,253,Vagabond,9.26,Manga,37 vols,Sep 1998,May 2015,417041,"['Drama', 'Josei']"
253,254,One Piece,9.22,Manga,unfinished,Jul 1997,unfinished,653920,"['Action', 'Adventure', 'Drama', 'Fantasy', 'Mystery']"
254,255,Monster,9.16,Manga,18 vols,Dec 1994,Dec 2001,264525,"['Boys Love', 'Drama']"
255,256,Slam Dunk,9.08,Manga,31 vols,Sep 1990,Jun 1996,183607,"['Action', 'Fantasy', 'Mythology', 'Shounen']"
256,257,Vinland Saga,9.08,Manga,unfinished,Apr 2005,unfinished,327368,"['Mystery', 'Supernatural', 'Psychological', 'Time Travel', 'Seinen']"
257,258,Fullmetal Alchemist,9.04,Manga,27 vols,Jul 2001,Sep 2010,305613,"['Comedy', 'Drama', 'Romance', 'Sports', 'Performing Arts', 'School', 'Shounen']"
258,259,Tian Guan Cifu,9.04,Novel,6 vols,Feb 2021,Mar 2022,14578,"['Comedy', 'Romance', 'Adult Cast', 'Otaku Culture', 'Workplace']"
259,260,Guimi Zhi Zhu,9.03,Novel,18 vols,May 2020,Aug 2023,7977,"['Action', 'Supernatural', 'Super Power']"
260,261,Grand Blue,9.03,Manga,unfinished,Apr 2014,unfinished,185660,"['Action', 'Adventure', 'Award Winning', 'Comedy', 'Supernatural', 'Shounen']"
261,262,Omniscient Reader's Viewpoint,9.02,Novel,20 vols,Jan 2022,Sep 2023,20661,"['Drama', 'Horror', 'Mystery', 'Supernatural', 'Psychological', 'Seinen']"
262,263,Kingdom,9.01,Manga,unfinished,Jan 2006,unfinished,183301,"['Drama', 'Historical', 'Shounen']"
263,264,Oyasumi Punpun,8.99,Manga,13 vols,Mar 2007,Nov 2013,478622,"['Comedy', 'Fantasy', 'Girls Love', 'School', 'Villainess']"
264,265,Houseki no Kuni,8.97,Manga,13 vols,Oct 2012,Apr 2024,149302,"['Action', 'Fantasy', 'Supernatural']"
265,266,Real,8.95,Manga,unfinished,Oct 1999,unfinished,97258,['Drama']
266,267,20th Century Boys,8.94,Manga,22 vols,Sep 1999,Apr 2006,283384,"['Award Winning', 'Boys Love', 'Comedy', 'Romance', 'School', 'Shoujo']"
267,268,Ashita no Joe,8.94,Manga,20 vols,Jan 1968,May 1973,57009,"['Drama', 'Slice of Life', 'Sports', 'Seinen']"
268,269,Yotsuba to!,8.91,Manga,unfinished,Mar 2003,unfinished,164919,"['Boys Love', 'Drama']"
269,270,Monogatari Series: First Season,8.91,Light Novel,6 vols,Nov 2006,Jul 2010,61482,"['Drama', 'Girls Love', 'Historical']"
270,271,Mo Dao Zu Shi,8.91,Novel,4 vols,Dec 2016,Dec 2016,9225,"['Comedy', 'Fantasy', 'Shounen']"
271,272,Monogatari Series: Second Season,8.9,Light Novel,6 vols,Oct 2010,Dec 2011,24237,"['Award Winning', 'Comedy', 'Drama', 'School', 'Shounen']"
272,273,Umineko no Naku Koro ni Chiru - Episode 8: Twilight of the Golden Witch,8.9,Manga,9 vols,Jan 2012,Jun 2015,19024,"['Comedy', 'CGDCT', 'Iyashikei', 'Workplace']"
273,274,Kaguya-sama wa Kokurasetai: Tensai-tachi no Renai Zunousen,8.89,Manga,28 vols,May 2015,Nov 2022,284123,"['Adventure', 'Award Winning', 'Fantasy', 'Romance', 'Isekai', 'Mythology', 'Shoujo']"
274,275,Mikkakan no Koufuku,8.87,Novel,1 vols,Dec 2013,Dec 2013,34610,"['Drama', 'Adult Cast', 'Strategy Game']"
275,276,GTO,8.87,Manga,25 vols,Dec 1996,Jan 2002,178087,"['Drama', 'Psychological']"
276,277,3-gatsu no Lion,8.86,Manga,unfinished,Jul 2007,unfinished,71950,"['Action', 'Adventure', 'Fantasy', 'Martial Arts', 'Shounen']"
277,278,Haikyuu!!,8.86,Manga,45 vols,Feb 2012,Jul 2020,228868,"['Drama', 'Fantasy']"
278,279,Tian Guan Cifu,8.85,Manhua,unfinished,Oct 2019,unfinished,14423,"['Award Winning', 'Drama', 'Music', 'Seinen']"
279,280,Koe no Katachi,8.85,Manga,7 vols,Aug 2013,Nov 2014,278550,"['Drama', 'Fantasy', 'Romance', 'Mythology', 'Urban Fantasy', 'Shounen']"
280,281,Monogatari Series: Final Season,8.83,Light Novel,6 vols,Sep 2012,Sep 2014,19797,"['Award Winning', 'Romance', 'School', 'Shoujo']"
281,282,86,8.83,Light Novel,unfinished,Feb 2017,unfinished,44286,"['Fantasy', 'Mystery', 'Supernatural', 'Historical', 'Iyashikei', 'Seinen']"
282,283,Sousou no Frieren,8.83,Manga,unfinished,Apr 2020,unfinished,142884,"['Fantasy', 'Shounen']"
283,284,Akatsuki no Yona,8.82,Manga,unfinished,Aug 2009,unfinished,141842,"['Action', 'Fantasy', 'Isekai', 'Military', 'Reincarnation']"
284,285,Mushoku Tensei: Isekai Ittara Honki Dasu,8.82,Light Novel,26 vols,Jan 2014,Nov 2022,92475,"['Action', 'Adventure', 'Supernatural', 'Seinen']"
285,286,Ookami to Koushinryou,8.82,Light Novel,unfinished,Feb 2006,unfinished,66465,"['Drama', 'Girls Love', 'School']"
286,287,Kaze no Tani no Nausicaä,8.81,Manga,7 vols,Oct 1982,Feb 1994,61920,"['Fantasy', 'Time Travel']"
287,288,Kokou no Hito,8.81,Manga,17 vols,Nov 2007,Oct 2011,125239,"['Award Winning', 'Comedy', 'Drama', 'Romance', 'School', 'Shoujo']"
288,289,Re:Zero kara Hajimeru Isekai Seikatsu,8.81,Light Novel,unfinished,Jan 2014,unfinished,75018,"['Comedy', 'Drama', 'Romance', 'Love Polygon', 'School', 'Super Power', 'Shoujo']"
289,290,Kaoru Hana wa Rin to Saku,8.81,Manga,unfinished,Oct 2021,unfinished,93777,"['Action', 'Romance', 'Mecha', 'Military', 'Shounen']"
290,291,The Greatest Estate Developer,8.81,Manhwa,unfinished,Jul 2021,unfinished,40982,"['Action', 'Drama', 'Romance', 'Supernatural']"
291,292,Nana,8.8,Manga,21 vols,May 2000,May 2009,155115,"['Drama', 'Romance', 'Historical']"
292,293,Youkoso Jitsuryoku Shijou Shugi no Kyoushitsu e,8.8,Light Novel,14 vols,May 2015,Sep 2019,90597,"['Comedy', 'Drama', 'Romance', 'Psychological']"
293,294,Honzuki no Gekokujou: Shisho ni Naru Tame ni wa Shudan wo Erandeiraremasen,8.78,Light Novel,33 vols,Jan 2015,Dec 2023,17113,"['Action', 'Comedy', 'Fantasy', 'Supernatural']"
294,295,Kusuriya no Hitorigoto,8.77,Light Novel,unfinished,Aug 2014,unfinished,14723,['Fantasy']
295,296,Youkoso Jitsuryoku Shijou Shugi no Kyoushitsu e: 2-nensei-hen,8.77,Light Novel,15 vols,Jan 2020,Nov 2024,39292,"['Music', 'Seinen']"
296,297,"Jumyou wo Kaitotte Moratta. Ichinen ni Tsuki, Ichimanen de.",8.77,Manga,3 vols,Aug 2016,Oct 2017,175768,"['Drama', 'Romance', 'Psychological', 'Shoujo']"
297,298,Dungeon Meshi,8.76,Manga,14 vols,Feb 2014,Sep 2023,93656,"['Action', 'Adventure', 'Drama', 'Fantasy', 'Supernatural', 'Historical', 'Seinen']"
298,299,Hunter x Hunter,8.76,Manga,unfinished,Mar 1998,unfinished,290839,"['Award Winning', 'Comedy', 'Drama', 'Romance', 'Sports', 'Love Polygon', 'School', 'Team Sports', 'Shounen']"
299,300,Uchuu Kyoudai,8.75,Manga,unfinished,Dec 2007,unfinished,37464,"['Award Winning', 'Drama', 'Medical', 'Shounen']"
300,301,Berserk,9.47,Manga,unfinished,Aug 1989,unfinished,740803,"['Action', 'Comedy', 'Drama', 'Suspense', 'Delinquents', 'Psychological', 'Seinen']"
301,302,JoJo no Kimyou na Bouken Part 7: Steel Ball Run,9.32,Manga,24 vols,Jan 2004,Apr 2011,287531,"['Action', 'Supernatural', 'Suspense', 'Psychological', 'Seinen']"
302,303,Vagabond,9.26,Manga,37 vols,Sep 1998,May 2015,417041,"['Action', 'Fantasy', 'Military', 'Shounen']"
303,304,One Piece,9.22,Manga,unfinished,Jul 1997,unfinished,653920,"['Comedy', 'Supernatural', 'Gag Humor', 'School', 'Super Power', 'Shounen']"
304,305,Monster,9.16,Manga,18 vols,Dec 1994,Dec 2001,264525,"['Drama', 'Fantasy', 'Romance', 'Slice of Life', 'Childcare', 'Seinen']"
305,306,Slam Dunk,9.08,Manga,31 vols,Sep 1990,Jun 1996,183607,"['Comedy', 'CGDCT', 'Music']"
306,307,Vinland Saga,9.08,Manga,unfinished,Apr 2005,unfinished,327368,"['Boys Love', 'Drama', 'Slice of Life']"
307,308,Fullmetal Alchemist,9.04,Manga,27 vols,Jul 2001,Sep 2010,305613,"['Boys Love', 'Slice of Life']"
308,309,Tian Guan Cifu,9.04,Novel,6 vols,Feb 2021,Mar 2022,14578,"['Action', 'Fantasy', 'Horror', 'Gore', 'Psychological', 'Urban Fantasy', 'Seinen']"
309,310,Guimi Zhi Zhu,9.03,Novel,18 vols,May 2020,Aug 2023,7977,"['Award Winning', 'Romance', 'Slice of Life', 'School', 'Shoujo']"
310,311,Grand Blue,9.03,Manga,unfinished,Apr 2014,unfinished,185660,['Mystery']
311,312,Omniscient Reader's Viewpoint,9.02,Novel,20 vols,Jan 2022,Sep 2023,20661,"['Boys Love', 'Slice of Life', 'School']"
312,313,Kingdom,9.01,Manga,unfinished,Jan 2006,unfinished,183301,"['Adventure', 'Comedy', 'Fantasy', 'Sci-Fi', 'Slice of Life', 'Kids']"
313,314,Oyasumi Punpun,8.99,Manga,13 vols,Mar 2007,Nov 2013,478622,"['Award Winning', 'Slice of Life', 'Historical', 'Martial Arts', 'Samurai', 'Seinen']"
314,315,Houseki no Kuni,8.97,Manga,13 vols,Oct 2012,Apr 2024,149302,"['Action', 'Adventure', 'Drama', 'Fantasy', 'Shounen']"
315,316,Real,8.95,Manga,unfinished,Oct 1999,unfinished,97258,"['Award Winning', 'Comedy', 'Drama', 'Romance', 'Slice of Life', 'Love Polygon', 'School', 'Showbiz', 'Shoujo']"
316,317,20th Century Boys,8.94,Manga,22 vols,Sep 1999,Apr 2006,283384,"['Drama', 'Romance', 'School', 'Visual Arts', 'Josei']"
317,318,Ashita no Joe,8.94,Manga,20 vols,Jan 1968,May 1973,57009,"['Action', 'Drama', 'Horror', 'Sci-Fi', 'Psychological', 'Seinen']"
318,319,Yotsuba to!,8.91,Manga,unfinished,Mar 2003,unfinished,164919,"['Action', 'Drama', 'Adult Cast', 'Military', 'Organized Crime', 'Seinen']"
319,320,Monogatari Series: First Season,8.91,Light Novel,6 vols,Nov 2006,Jul 2010,61482,"['Romance', 'Childcare', 'Shoujo']"
320,321,Mo Dao Zu Shi,8.91,Novel,4 vols,Dec 2016,Dec 2016,9225,"['Drama', 'Horror', 'Mystery', 'Mythology', 'Psychological']"
321,322,Monogatari Series: Second Season,8.9,Light Novel,6 vols,Oct 2010,Dec 2011,24237,"['Comedy', 'Slice of Life', 'Childcare', 'Iyashikei', 'School', 'Shoujo']"
322,323,Umineko no Naku Koro ni Chiru - Episode 8: Twilight of the Golden Witch,8.9,Manga,9 vols,Jan 2012,Jun 2015,19024,"['Slice of Life', 'Pets']"
323,324,Kaguya-sama wa Kokurasetai: Tensai-tachi no Renai Zunousen,8.89,Manga,28 vols,May 2015,Nov 2022,284123,"['Award Winning', 'Drama', 'Adult Cast', 'Love Polygon', 'Performing Arts', 'Josei']"
324,325,Mikkakan no Koufuku,8.87,Novel,1 vols,Dec 2013,Dec 2013,34610,"['Comedy', 'Slice of Life', 'Childcare']"
325,326,GTO,8.87,Manga,25 vols,Dec 1996,Jan 2002,178087,"['Action', 'Adventure', 'Fantasy', 'Urban Fantasy', 'Shounen']"
326,327,3-gatsu no Lion,8.86,Manga,unfinished,Jul 2007,unfinished,71950,"['Action', 'Adventure', 'Award Winning', 'Drama', 'Fantasy', 'Romance', 'Supernatural', 'Historical', 'Time Travel', 'Shoujo']"
327,328,Haikyuu!!,8.86,Manga,45 vols,Feb 2012,Jul 2020,228868,"['Action', 'Horror', 'Supernatural', 'Adult Cast', 'Gore', 'Historical', 'Vampire', 'Seinen']"
328,329,Tian Guan Cifu,8.85,Manhua,unfinished,Oct 2019,unfinished,14423,"['Action', 'Adventure', 'Fantasy', 'Horror', 'Gore', 'Shounen']"
329,330,Koe no Katachi,8.85,Manga,7 vols,Aug 2013,Nov 2014,278550,"['Action', 'Comedy', 'Drama', 'Romance', 'Crossdressing', 'Organized Crime', 'Shoujo']"
330,331,Monogatari Series: Final Season,8.83,Light Novel,6 vols,Sep 2012,Sep 2014,19797,"['Action', 'Comedy', 'Romance', 'Delinquents', 'Martial Arts', 'School', 'Shounen']"
331,332,86,8.83,Light Novel,unfinished,Feb 2017,unfinished,44286,"['Adventure', 'Award Winning', 'Comedy', 'Mystery', 'Detective', 'Shounen']"
332,333,Sousou no Frieren,8.83,Manga,unfinished,Apr 2020,unfinished,142884,"['Drama', 'Supernatural', 'Historical']"
333,334,Akatsuki no Yona,8.82,Manga,unfinished,Aug 2009,unfinished,141842,"['Drama', 'Horror', 'Mystery', 'Psychological', 'Shounen']"
334,335,Mushoku Tensei: Isekai Ittara Honki Dasu,8.82,Light Novel,26 vols,Jan 2014,Nov 2022,92475,"['Drama', 'Horror', 'Mystery', 'Psychological']"
335,336,Ookami to Koushinryou,8.82,Light Novel,unfinished,Feb 2006,unfinished,66465,"['Boys Love', 'Comedy', 'Drama', 'Shoujo']"
336,337,Kaze no Tani no Nausicaä,8.81,Manga,7 vols,Oct 1982,Feb 1994,61920,"['Fantasy', 'Romance', 'Historical', 'Mythology', 'Shoujo']"
337,338,Kokou no Hito,8.81,Manga,17 vols,Nov 2007,Oct 2011,125239,"['Drama', 'Horror', 'Mystery', 'Psychological']"
338,339,Re:Zero kara Hajimeru Isekai Seikatsu,8.81,Light Novel,unfinished,Jan 2014,unfinished,75018,"['Drama', 'Mystery', 'Romance', 'Psychological', 'School', 'Seinen']"
339,340,Kaoru Hana wa Rin to Saku,8.81,Manga,unfinished,Oct 2021,unfinished,93777,"['Drama', 'Romance', 'Sci-Fi', 'Love Polygon', 'School', 'Time Travel', 'Shoujo']"
340,341,The Greatest Estate Developer,8.81,Manhwa,unfinished,Jul 2021,unfinished,40982,"['Adventure', 'Award Winning', 'Drama', 'Supernatural', 'Shounen']"
341,342,Nana,8.8,Manga,21 vols,May 2000,May 2009,155115,"['Drama', 'School', 'Seinen']"
342,343,Youkoso Jitsuryoku Shijou Shugi no Kyoushitsu e,8.8,Light Novel,14 vols,May 2015,Sep 2019,90597,"['Comedy', 'Romance', 'School']"
343,344,Honzuki no Gekokujou: Shisho ni Naru Tame ni wa Shudan wo Erandeiraremasen,8.78,Light Novel,33 vols,Jan 2015,Dec 2023,17113,"['Action', 'Adventure', 'Fantasy', 'Time Travel']"
344,345,Kusuriya no Hitorigoto,8.77,Light Novel,unfinished,Aug 2014,unfinished,14723,"['Action', 'Fantasy', 'Survival']"
345,346,Youkoso Jitsuryoku Shijou Shugi no Kyoushitsu e: 2-nensei-hen,8.77,Light Novel,15 vols,Jan 2020,Nov 2024,39292,"['Drama', 'Villainess']"
346,347,"Jumyou wo Kaitotte Moratta. Ichinen ni Tsuki, Ichimanen de.",8.77,Manga,3 vols,Aug 2016,Oct 2017,175768,"['Fantasy', 'Isekai', 'Seinen']"
347,348,Dungeon Meshi,8.76,Manga,14 vols,Feb 2014,Sep 2023,93656,"['Action', 'Drama', 'Horror', 'Suspense', 'Gore']"
348,349,Hunter x Hunter,8.76,Manga,unfinished,Mar 1998,unfinished,290839,"['Comedy', 'Drama', 'Romance', 'Crossdressing', 'Love Polygon', 'School', 'Shoujo']"
349,350,Uchuu Kyoudai,8.75,Manga,unfinished,Dec 2007,unfinished,37464,"['Action', 'Adventure', 'Award Winning', 'Comedy', 'Drama', 'Sci-Fi', 'Adult Cast', 'Seinen']"
350,351,Berserk,9.47,Manga,unfinished,Aug 1989,unfinished,740803,"['Action', 'Adventure', 'Shounen']"
351,352,JoJo no Kimyou na Bouken Part 7: Steel Ball Run,9.32,Manga,24 vols,Jan 2004,Apr 2011,287531,"['Action', 'Adventure', 'Comedy', 'Romance', 'Samurai']"
352,353,Vagabond,9.26,Manga,37 vols,Sep 1998,May 2015,417041,"['Drama', 'Romance', 'Slice of Life', 'Historical', 'Music', 'Josei']"
353,354,One Piece,9.22,Manga,unfinished,Jul 1997,unfinished,653920,"['Drama', 'Psychological', 'School', 'Seinen']"
354,355,Monster,9.16,Manga,18 vols,Dec 1994,Dec 2001,264525,"['Romance', 'Love Status Quo', 'School', 'Seinen']"
355,356,Slam Dunk,9.08,Manga,31 vols,Sep 1990,Jun 1996,183607,"['Action', 'Martial Arts']"
356,357,Vinland Saga,9.08,Manga,unfinished,Apr 2005,unfinished,327368,"['Comedy', 'Drama', 'Romance', 'Shoujo']"
357,358,Fullmetal Alchemist,9.04,Manga,27 vols,Jul 2001,Sep 2010,305613,"['Adventure', 'Award Winning', 'Fantasy', 'Shounen']"
358,359,Tian Guan Cifu,9.04,Novel,6 vols,Feb 2021,Mar 2022,14578,"['Comedy', 'Slice of Life', 'Supernatural']"
359,360,Guimi Zhi Zhu,9.03,Novel,18 vols,May 2020,Aug 2023,7977,"['Action', 'Supernatural', 'School', 'Shounen']"
360,361,Grand Blue,9.03,Manga,unfinished,Apr 2014,unfinished,185660,"['Boys Love', 'Drama', 'School']"
361,362,Omniscient Reader's Viewpoint,9.02,Novel,20 vols,Jan 2022,Sep 2023,20661,"['Romance', 'Sports', 'School', 'Team Sports', 'Shounen']"
362,363,Kingdom,9.01,Manga,unfinished,Jan 2006,unfinished,183301,"['Comedy', 'Romance', 'School', 'Shounen']"
363,364,Oyasumi Punpun,8.99,Manga,13 vols,Mar 2007,Nov 2013,478622,"['Action', 'Comedy', 'Fantasy', 'Isekai', 'Reincarnation']"
364,365,Houseki no Kuni,8.97,Manga,13 vols,Oct 2012,Apr 2024,149302,"['Adventure', 'Fantasy', 'Mystery', 'Suspense', 'Isekai', 'Survival']"
365,366,Real,8.95,Manga,unfinished,Oct 1999,unfinished,97258,['Boys Love']
366,367,20th Century Boys,8.94,Manga,22 vols,Sep 1999,Apr 2006,283384,"['Award Winning', 'Comedy', 'Crossdressing', 'Visual Arts', 'Josei']"
367,368,Ashita no Joe,8.94,Manga,20 vols,Jan 1968,May 1973,57009,"['Award Winning', 'Drama', 'Seinen']"
368,369,Yotsuba to!,8.91,Manga,unfinished,Mar 2003,unfinished,164919,"['Action', 'Comedy', 'School', 'Shounen']"
369,370,Monogatari Series: First Season,8.91,Light Novel,6 vols,Nov 2006,Jul 2010,61482,"['Action', 'Adventure', 'Fantasy', 'Romance', 'Video Game']"
370,371,Mo Dao Zu Shi,8.91,Novel,4 vols,Dec 2016,Dec 2016,9225,"['Action', 'Fantasy', 'Supernatural', 'Historical', 'Martial Arts', 'Seinen']"
371,372,Monogatari Series: Second Season,8.9,Light Novel,6 vols,Oct 2010,Dec 2011,24237,"['Action', 'Comedy', 'Romance', 'School', 'Shounen']"
372,373,Umineko no Naku Koro ni Chiru - Episode 8: Twilight of the Golden Witch,8.9,Manga,9 vols,Jan 2012,Jun 2015,19024,"['Award Winning', 'Comedy', 'Drama', 'Romance', 'Slice of Life', 'Love Polygon', 'Visual Arts', 'Josei']"
373,374,Kaguya-sama wa Kokurasetai: Tensai-tachi no Renai Zunousen,8.89,Manga,28 vols,May 2015,Nov 2022,284123,"['Action', 'Adventure', 'Fantasy']"
374,375,Mikkakan no Koufuku,8.87,Novel,1 vols,Dec 2013,Dec 2013,34610,"['Drama', 'High Stakes Game', 'Psychological', 'Strategy Game', 'Seinen']"
375,376,GTO,8.87,Manga,25 vols,Dec 1996,Jan 2002,178087,"['Award Winning', 'Drama', 'Slice of Life', 'Childcare', 'Psychological', 'Josei']"
376,377,3-gatsu no Lion,8.86,Manga,unfinished,Jul 2007,unfinished,71950,"['Action', 'Comedy', 'Sci-Fi', 'Super Power']"
377,378,Haikyuu!!,8.86,Manga,45 vols,Feb 2012,Jul 2020,228868,"['Action', 'Drama', 'Racing', 'Seinen']"
378,379,Tian Guan Cifu,8.85,Manhua,unfinished,Oct 2019,unfinished,14423,"['Award Winning', 'Drama', 'Sci-Fi', 'Slice of Life', 'Adult Cast', 'Psychological', 'Space', 'Workplace', 'Seinen']"
379,380,Koe no Katachi,8.85,Manga,7 vols,Aug 2013,Nov 2014,278550,"['Action', 'Adventure', 'Shounen']"
380,381,Monogatari Series: Final Season,8.83,Light Novel,6 vols,Sep 2012,Sep 2014,19797,"['Action', 'Fantasy', 'Isekai', 'Video Game']"
381,382,86,8.83,Light Novel,unfinished,Feb 2017,unfinished,44286,"['Boys Love', 'Slice of Life']"
382,383,Sousou no Frieren,8.83,Manga,unfinished,Apr 2020,unfinished,142884,"['Boys Love', 'Drama', 'Slice of Life', 'School']"
383,384,Akatsuki no Yona,8.82,Manga,unfinished,Aug 2009,unfinished,141842,"['Comedy', 'Romance', 'Slice of Life', 'Historical', 'Shounen']"
384,385,Mushoku Tensei: Isekai Ittara Honki Dasu,8.82,Light Novel,26 vols,Jan 2014,Nov 2022,92475,"['Action', 'Fantasy', 'Supernatural', 'Historical', 'Martial Arts']"
385,386,Ookami to Koushinryou,8.82,Light Novel,unfinished,Feb 2006,unfinished,66465,"['Action', 'Drama', 'Mystery', 'Sci-Fi', 'Shoujo']"
386,387,Kaze no Tani no Nausicaä,8.81,Manga,7 vols,Oct 1982,Feb 1994,61920,"['Adventure', 'Sci-Fi', 'Seinen']"
387,388,Kokou no Hito,8.81,Manga,17 vols,Nov 2007,Oct 2011,125239,"['Comedy', 'Fantasy', 'Horror', 'Mystery', 'Supernatural', 'Josei']"
388,389,Re:Zero kara Hajimeru Isekai Seikatsu,8.81,Light Novel,unfinished,Jan 2014,unfinished,75018,"['Action', 'Comedy', 'Drama', 'Romance', 'Delinquents', 'School', 'Shounen']"
389,390,Kaoru Hana wa Rin to Saku,8.81,Manga,unfinished,Oct 2021,unfinished,93777,"['Comedy', 'Drama', 'Slice of Life', 'Sports', 'Delinquents', 'School', 'Team Sports', 'Shounen']"
390,391,The Greatest Estate Developer,8.81,Manhwa,unfinished,Jul 2021,unfinished,40982,"['Drama', 'Fantasy', 'Romance', 'Shoujo']"
391,392,Nana,8.8,Manga,21 vols,May 2000,May 2009,155115,"['Adventure', 'Award Winning', 'Drama', 'Mystery', 'Sports', 'Seinen']"
392,393,Youkoso Jitsuryoku Shijou Shugi no Kyoushitsu e,8.8,Light Novel,14 vols,May 2015,Sep 2019,90597,"['Award Winning', 'Sports', 'School', 'Team Sports', 'Shounen']"
393,394,Honzuki no Gekokujou: Shisho ni Naru Tame ni wa Shudan wo Erandeiraremasen,8.78,Light Novel,33 vols,Jan 2015,Dec 2023,17113,"['Comedy', 'Girls Love', 'CGDCT', 'Gag Humor', 'School']"
394,395,Kusuriya no Hitorigoto,8.77,Light Novel,unfinished,Aug 2014,unfinished,14723,"['Award Winning', 'Drama', 'Slice of Life', 'Anthropomorphic', 'Psychological', 'Shounen']"
395,396,Youkoso Jitsuryoku Shijou Shugi no Kyoushitsu e: 2-nensei-hen,8.77,Light Novel,15 vols,Jan 2020,Nov 2024,39292,"['Comedy', 'Romance', 'School', 'Shoujo']"
396,397,"Jumyou wo Kaitotte Moratta. Ichinen ni Tsuki, Ichimanen de.",8.77,Manga,3 vols,Aug 2016,Oct 2017,175768,"['Action', 'Adventure', 'Fantasy']"
397,398,Dungeon Meshi,8.76,Manga,14 vols,Feb 2014,Sep 2023,93656,"['Action', 'Adventure', 'Drama', 'Fantasy', 'Isekai']"
398,399,Hunter x Hunter,8.76,Manga,unfinished,Mar 1998,unfinished,290839,"['Drama', 'Performing Arts', 'Showbiz', 'Shounen']"
399,400,Uchuu Kyoudai,8.75,Manga,unfinished,Dec 2007,unfinished,37464,"['Boys Love', 'Drama', 'Fantasy']"
400,401,Berserk,9.47,Manga,unfinished,Aug 1989,unfinished,740803,"['Boys Love', 'Drama', 'Supernatural', 'Historical', 'Isekai', 'Mythology', 'Reincarnation']"
401,402,JoJo no Kimyou na Bouken Part 7: Steel Ball Run,9.32,Manga,24 vols,Jan 2004,Apr 2011,287531,"['Mystery', 'Supernatural', 'Suspense', 'Time Travel', 'Shounen']"
402,403,Vagabond,9.26,Manga,37 vols,Sep 1998,May 2015,417041,"['Action', 'Fantasy', 'Historical', 'Shounen']"
403,404,One Piece,9.22,Manga,unfinished,Jul 1997,unfinished,653920,"['Comedy', 'Gag Humor', 'School']"
404,405,Monster,9.16,Manga,18 vols,Dec 1994,Dec 2001,264525,"['Horror', 'Mystery', 'Supernatural']"
405,406,Slam Dunk,9.08,Manga,31 vols,Sep 1990,Jun 1996,183607,['Boys Love']
406,407,Vinland Saga,9.08,Manga,unfinished,Apr 2005,unfinished,327368,"['Comedy', 'Slice of Life', 'School', 'Shounen']"
407,408,Fullmetal Alchemist,9.04,Manga,27 vols,Jul 2001,Sep 2010,305613,"['Drama', 'Horror', 'Mystery', 'Romance', 'Supernatural', 'Psychological', 'Shoujo']"
408,409,Tian Guan Cifu,9.04,Novel,6 vols,Feb 2021,Mar 2022,14578,"['Horror', 'Mystery', 'Psychological']"
409,410,Guimi Zhi Zhu,9.03,Novel,18 vols,May 2020,Aug 2023,7977,"['Drama', 'Suspense', 'Detective', 'Organized Crime', 'Seinen']"
410,411,Grand Blue,9.03,Manga,unfinished,Apr 2014,unfinished,185660,"['Drama', 'Romance', 'Love Polygon', 'Showbiz', 'Shoujo']"
411,412,Omniscient Reader's Viewpoint,9.02,Novel,20 vols,Jan 2022,Sep 2023,20661,"['Action', 'Comedy', 'Drama', 'Ecchi', 'Delinquents', 'Shounen']"
412,413,Kingdom,9.01,Manga,unfinished,Jan 2006,unfinished,183301,"['Action', 'Drama', 'Shoujo']"
413,414,Oyasumi Punpun,8.99,Manga,13 vols,Mar 2007,Nov 2013,478622,"['Comedy', 'Drama', 'Slice of Life', 'Otaku Culture', 'School', 'Seinen']"
414,415,Houseki no Kuni,8.97,Manga,13 vols,Oct 2012,Apr 2024,149302,"['Drama', 'Romance', 'School', 'Seinen']"
415,416,Real,8.95,Manga,unfinished,Oct 1999,unfinished,97258,"['Action', 'Drama', 'Sci-Fi', 'Suspense', 'Gore', 'Psychological', 'Seinen']"
416,417,20th Century Boys,8.94,Manga,22 vols,Sep 1999,Apr 2006,283384,"['Action', 'Adventure', 'Award Winning', 'Drama', 'Horror', 'Mystery', 'Romance', 'Sci-Fi', 'Suspense', 'Psychological', 'Survival', 'Shoujo']"
417,418,Ashita no Joe,8.94,Manga,20 vols,Jan 1968,May 1973,57009,"['Adventure', 'Boys Love', 'Fantasy', 'Isekai', 'Shoujo']"
418,419,Yotsuba to!,8.91,Manga,unfinished,Mar 2003,unfinished,164919,"['Action', 'Adventure', 'Historical', 'Military']"
419,420,Monogatari Series: First Season,8.91,Light Novel,6 vols,Nov 2006,Jul 2010,61482,"['Drama', 'Slice of Life', 'Seinen']"
420,421,Mo Dao Zu Shi,8.91,Novel,4 vols,Dec 2016,Dec 2016,9225,"['Action', 'Delinquents', 'School', 'Shounen']"
421,422,Monogatari Series: Second Season,8.9,Light Novel,6 vols,Oct 2010,Dec 2011,24237,"['Slice of Life', 'CGDCT', 'Iyashikei', 'School', 'Seinen']"
422,423,Umineko no Naku Koro ni Chiru - Episode 8: Twilight of the Golden Witch,8.9,Manga,9 vols,Jan 2012,Jun 2015,19024,"['Drama', 'Fantasy', 'Romance', 'Time Travel']"
423,424,Kaguya-sama wa Kokurasetai: Tensai-tachi no Renai Zunousen,8.89,Manga,28 vols,May 2015,Nov 2022,284123,"['Boys Love', 'Drama', 'Memoir']"
424,425,Mikkakan no Koufuku,8.87,Novel,1 vols,Dec 2013,Dec 2013,34610,"['Romance', 'Slice of Life']"
425,426,GTO,8.87,Manga,25 vols,Dec 1996,Jan 2002,178087,['Drama']
426,427,3-gatsu no Lion,8.86,Manga,unfinished,Jul 2007,unfinished,71950,"['Comedy', 'Romance', 'School', 'Shounen']"
427,428,Haikyuu!!,8.86,Manga,45 vols,Feb 2012,Jul 2020,228868,"['Boys Love', 'Slice of Life', 'Childcare']"
428,429,Tian Guan Cifu,8.85,Manhua,unfinished,Oct 2019,unfinished,14423,"['Action', 'Fantasy', 'Seinen']"
429,430,Koe no Katachi,8.85,Manga,7 vols,Aug 2013,Nov 2014,278550,"['Drama', 'Mystery', 'Sci-Fi', 'Seinen']"
430,431,Monogatari Series: Final Season,8.83,Light Novel,6 vols,Sep 2012,Sep 2014,19797,"['Action', 'Fantasy', 'Sci-Fi']"
431,432,86,8.83,Light Novel,unfinished,Feb 2017,unfinished,44286,"['Comedy', 'Slice of Life', 'Mahou Shoujo']"
432,433,Sousou no Frieren,8.83,Manga,unfinished,Apr 2020,unfinished,142884,"['Adventure', 'Fantasy']"
433,434,Akatsuki no Yona,8.82,Manga,unfinished,Aug 2009,unfinished,141842,"['Action', 'Mecha', 'Shounen']"
434,435,Mushoku Tensei: Isekai Ittara Honki Dasu,8.82,Light Novel,26 vols,Jan 2014,Nov 2022,92475,"['Drama', 'Romance', 'Psychological', 'School', 'Shounen']"
435,436,Ookami to Koushinryou,8.82,Light Novel,unfinished,Feb 2006,unfinished,66465,"['Award Winning', 'Drama', 'Romance', 'Shoujo']"
436,437,Kaze no Tani no Nausicaä,8.81,Manga,7 vols,Oct 1982,Feb 1994,61920,"['Fantasy', 'Romance', 'Sci-Fi', 'Harem', 'School', 'Urban Fantasy']"
437,438,Kokou no Hito,8.81,Manga,17 vols,Nov 2007,Oct 2011,125239,"['Action', 'Adventure', 'Comedy', 'Drama', 'Fantasy', 'Josei']"
438,439,Re:Zero kara Hajimeru Isekai Seikatsu,8.81,Light Novel,unfinished,Jan 2014,unfinished,75018,"['Drama', 'Romance', 'Love Polygon', 'School']"
439,440,Kaoru Hana wa Rin to Saku,8.81,Manga,unfinished,Oct 2021,unfinished,93777,"['Horror', 'Mystery', 'Romance', 'Supernatural', 'School', 'Shounen']"
440,441,The Greatest Estate Developer,8.81,Manhwa,unfinished,Jul 2021,unfinished,40982,"['Award Winning', 'Drama', 'Sci-Fi', 'School', 'Seinen']"
441,442,Nana,8.8,Manga,21 vols,May 2000,May 2009,155115,"['Romance', 'Reincarnation']"
442,443,Youkoso Jitsuryoku Shijou Shugi no Kyoushitsu e,8.8,Light Novel,14 vols,May 2015,Sep 2019,90597,"['Drama', 'Fantasy', 'Isekai', 'Psychological', 'Villainess']"
443,444,Honzuki no Gekokujou: Shisho ni Naru Tame ni wa Shudan wo Erandeiraremasen,8.78,Light Novel,33 vols,Jan 2015,Dec 2023,17113,"['Fantasy', 'Organized Crime', 'Shounen']"
444,445,Kusuriya no Hitorigoto,8.77,Light Novel,unfinished,Aug 2014,unfinished,14723,"['Comedy', 'Romance', 'School']"
445,446,Youkoso Jitsuryoku Shijou Shugi no Kyoushitsu e: 2-nensei-hen,8.77,Light Novel,15 vols,Jan 2020,Nov 2024,39292,"['Comedy', 'Mystery', 'Romance', 'Slice of Life', 'School']"
446,447,"Jumyou wo Kaitotte Moratta. Ichinen ni Tsuki, Ichimanen de.",8.77,Manga,3 vols,Aug 2016,Oct 2017,175768,"['Fantasy', 'Romance', 'Isekai', 'Reincarnation']"
447,448,Dungeon Meshi,8.76,Manga,14 vols,Feb 2014,Sep 2023,93656,"['Drama', 'Supernatural', 'Reincarnation', 'Showbiz', 'Seinen']"
448,449,Hunter x Hunter,8.76,Manga,unfinished,Mar 1998,unfinished,290839,"['Adventure', 'Award Winning', 'Sci-Fi', 'Suspense', 'Survival', 'Shounen']"
449,450,Uchuu Kyoudai,8.75,Manga,unfinished,Dec 2007,unfinished,37464,"['Boys Love', 'Fantasy']"
450,451,Berserk,9.47,Manga,unfinished,Aug 1989,unfinished,740803,"['Drama', 'Idols (Male)', 'Psychological', 'Reincarnation', 'Time Travel']"
451,452,JoJo no Kimyou na Bouken Part 7: Steel Ball Run,9.32,Manga,24 vols,Jan 2004,Apr 2011,287531,"['Award Winning', 'Drama', 'Fantasy', 'Romance', 'Mahou Shoujo', 'Shoujo']"
452,453,Vagabond,9.26,Manga,37 vols,Sep 1998,May 2015,417041,"['Action', 'Adventure', 'Drama', 'Fantasy', 'Romance', 'Shoujo']"
453,454,One Piece,9.22,Manga,unfinished,Jul 1997,unfinished,653920,"['Action', 'Adventure', 'Award Winning', 'Historical', 'Seinen']"
454,455,Monster,9.16,Manga,18 vols,Dec 1994,Dec 2001,264525,"['Drama', 'Historical', 'Seinen']"
455,456,Slam Dunk,9.08,Manga,31 vols,Sep 1990,Jun 1996,183607,"['Action', 'Adventure', 'Fantasy', 'Mystery']"
456,457,Vinland Saga,9.08,Manga,unfinished,Apr 2005,unfinished,327368,"['Drama', 'Mystery', 'Suspense', 'Psychological', 'Seinen']"
457,458,Fullmetal Alchemist,9.04,Manga,27 vols,Jul 2001,Sep 2010,305613,"['Drama', 'Fantasy', 'Suspense', 'Isekai', 'Psychological', 'Time Travel', 'Seinen']"
458,459,Tian Guan Cifu,9.04,Novel,6 vols,Feb 2021,Mar 2022,14578,"['Drama', 'Girls Love', 'School']"
459,460,Guimi Zhi Zhu,9.03,Novel,18 vols,May 2020,Aug 2023,7977,"['Romance', 'Love Polygon', 'School', 'Shoujo']"
460,461,Grand Blue,9.03,Manga,unfinished,Apr 2014,unfinished,185660,"['Action', 'Comedy', 'Fantasy', 'Isekai', 'Mythology']"
461,462,Omniscient Reader's Viewpoint,9.02,Novel,20 vols,Jan 2022,Sep 2023,20661,"['Drama', 'Mystery', 'Supernatural', 'Seinen']"
462,463,Kingdom,9.01,Manga,unfinished,Jan 2006,unfinished,183301,"['Action', 'Award Winning', 'Comedy', 'Drama', 'Supernatural', 'Shounen']"
463,464,Oyasumi Punpun,8.99,Manga,13 vols,Mar 2007,Nov 2013,478622,"['Comedy', 'Drama', 'Romance', 'Sports', 'School', 'Team Sports', 'Shounen']"
464,465,Houseki no Kuni,8.97,Manga,13 vols,Oct 2012,Apr 2024,149302,"['Action', 'Drama', 'Adult Cast', 'Organized Crime', 'Psychological', 'Strategy Game']"
465,466,Real,8.95,Manga,unfinished,Oct 1999,unfinished,97258,"['Boys Love', 'Fantasy', 'Supernatural', 'Shoujo']"
466,467,20th Century Boys,8.94,Manga,22 vols,Sep 1999,Apr 2006,283384,"['Action', 'Adventure', 'Organized Crime', 'Shounen']"
467,468,Ashita no Joe,8.94,Manga,20 vols,Jan 1968,May 1973,57009,"['Adventure', 'Fantasy']"
468,469,Yotsuba to!,8.91,Manga,unfinished,Mar 2003,unfinished,164919,"['Drama', 'Horror', 'Mystery', 'Psychological']"
469,470,Monogatari Series: First Season,8.91,Light Novel,6 vols,Nov 2006,Jul 2010,61482,"['Boys Love', 'Slice of Life', 'Childcare']"
470,471,Mo Dao Zu Shi,8.91,Novel,4 vols,Dec 2016,Dec 2016,9225,"['Comedy', 'Mystery', 'Romance', 'Slice of Life', 'School']"
471,472,Monogatari Series: Second Season,8.9,Light Novel,6 vols,Oct 2010,Dec 2011,24237,"['Comedy', 'Slice of Life', 'Pets']"
472,473,Umineko no Naku Koro ni Chiru - Episode 8: Twilight of the Golden Witch,8.9,Manga,9 vols,Jan 2012,Jun 2015,19024,"['Fantasy', 'Girls Love', 'School']"
473,474,Kaguya-sama wa Kokurasetai: Tensai-tachi no Renai Zunousen,8.89,Manga,28 vols,May 2015,Nov 2022,284123,"['Award Winning', 'Romance', 'Supernatural', 'Vampire', 'Shounen']"
474,475,Mikkakan no Koufuku,8.87,Novel,1 vols,Dec 2013,Dec 2013,34610,"['Drama', 'Fantasy', 'Romance']"
475,476,GTO,8.87,Manga,25 vols,Dec 1996,Jan 2002,178087,"['Action', 'Comedy', 'Shounen']"
476,477,3-gatsu no Lion,8.86,Manga,unfinished,Jul 2007,unfinished,71950,"['Comedy', 'Romance', 'School']"
477,478,Haikyuu!!,8.86,Manga,45 vols,Feb 2012,Jul 2020,228868,"['Drama', 'Romance', 'Psychological', 'Showbiz', 'Shoujo']"
478,479,Tian Guan Cifu,8.85,Manhua,unfinished,Oct 2019,unfinished,14423,"['Comedy', 'Fantasy', 'Romance', 'Supernatural', 'Ecchi', 'Harem', 'Mythology', 'School']"
479,480,Koe no Katachi,8.85,Manga,7 vols,Aug 2013,Nov 2014,278550,"['Comedy', 'Romance', 'Shoujo']"
480,481,Monogatari Series: Final Season,8.83,Light Novel,6 vols,Sep 2012,Sep 2014,19797,"['Girls Love', 'Slice of Life', 'Josei']"
481,482,86,8.83,Light Novel,unfinished,Feb 2017,unfinished,44286,"['Mystery', 'Romance', 'Supernatural', 'Time Travel']"
482,483,Sousou no Frieren,8.83,Manga,unfinished,Apr 2020,unfinished,142884,"['Action', 'Adventure', 'Fantasy', 'Sci-Fi', 'Martial Arts']"
483,484,Akatsuki no Yona,8.82,Manga,unfinished,Aug 2009,unfinished,141842,"['Boys Love', 'Suspense', 'Historical']"
484,485,Mushoku Tensei: Isekai Ittara Honki Dasu,8.82,Light Novel,26 vols,Jan 2014,Nov 2022,92475,"['Boys Love', 'Comedy', 'Adult Cast', 'Video Game']"
485,486,Ookami to Koushinryou,8.82,Light Novel,unfinished,Feb 2006,unfinished,66465,"['Action', 'Shoujo']"
486,487,Kaze no Tani no Nausicaä,8.81,Manga,7 vols,Oct 1982,Feb 1994,61920,"['Comedy', 'Supernatural']"
487,488,Kokou no Hito,8.81,Manga,17 vols,Nov 2007,Oct 2011,125239,"['Award Winning', 'Slice of Life']"
488,489,Re:Zero kara Hajimeru Isekai Seikatsu,8.81,Light Novel,unfinished,Jan 2014,unfinished,75018,"['Drama', 'Romance', 'Seinen']"
489,490,Kaoru Hana wa Rin to Saku,8.81,Manga,unfinished,Oct 2021,unfinished,93777,"['Action', 'Adventure', 'Super Power', 'Shounen']"
490,491,The Greatest Estate Developer,8.81,Manhwa,unfinished,Jul 2021,unfinished,40982,"['Action', 'Fantasy', 'Supernatural', 'Historical', 'Martial Arts']"
491,492,Nana,8.8,Manga,21 vols,May 2000,May 2009,155115,"['Comedy', 'Slice of Life', 'Pets', 'Shoujo']"
492,493,Youkoso Jitsuryoku Shijou Shugi no Kyoushitsu e,8.8,Light Novel,14 vols,May 2015,Sep 2019,90597,"['Comedy', 'Romance', 'Shounen']"
493,494,Honzuki no Gekokujou: Shisho ni Naru Tame ni wa Shudan wo Erandeiraremasen,8.78,Light Novel,33 vols,Jan 2015,Dec 2023,17113,"['Action', 'Mystery', 'Supernatural', 'Detective']"
494,495,Kusuriya no Hitorigoto,8.77,Light Novel,unfinished,Aug 2014,unfinished,14723,"['Romance', 'Video Game']"
495,496,Youkoso Jitsuryoku Shijou Shugi no Kyoushitsu e: 2-nensei-hen,8.77,Light Novel,15 vols,Jan 2020,Nov 2024,39292,"['Drama', 'Horror', 'Supernatural', 'Seinen']"
496,497,"Jumyou wo Kaitotte Moratta. Ichinen ni Tsuki, Ichimanen de.",8.77,Manga,3 vols,Aug 2016,Oct 2017,175768,"['Adventure', 'Drama', 'Fantasy', 'Romance', 'Historical', 'Isekai', 'Magical Sex Shift', 'Shoujo']"
497,498,Dungeon Meshi,8.76,Manga,14 vols,Feb 2014,Sep 2023,93656,"['Award Winning', 'Comedy', 'Sports', 'Team Sports', 'Seinen']"
498,499,Hunter x Hunter,8.76,Manga,unfinished,Mar 1998,unfinished,290839,"['Action', 'Drama', 'Fantasy', 'Shoujo']"
499,500,Uchuu Kyoudai,8.75,Manga,unfinished,Dec 2007,unfinished,37464,"['Award Winning', 'Comedy', 'Gag Humor', 'Parody', 'School', 'Shounen']"
500,501,Berserk,9.47,Manga,unfinished,Aug 1989,unfinished,740803,"['Action', 'Horror', 'Romance', 'Supernatural', 'Vampire']"
501,502,JoJo no Kimyou na Bouken Part 7: Steel Ball Run,9.32,Manga,24 vols,Jan 2004,Apr 2011,287531,"['Award Winning', 'Slice of Life', 'Seinen']"
502,503,Vagabond,9.26,Manga,37 vols,Sep 1998,May 2015,417041,"['Comedy', 'Drama', 'Romance', 'Sci-Fi', 'Ecchi', 'School', 'Shounen']"
503,504,One Piece,9.22,Manga,unfinished,Jul 1997,unfinished,653920,"['Award Winning', 'Boys Love', 'Drama', 'Psychological', 'Shoujo']"
504,505,Monster,9.16,Manga,18 vols,Dec 1994,Dec 2001,264525,"['Romance', 'School']"
505,506,Slam Dunk,9.08,Manga,31 vols,Sep 1990,Jun 1996,183607,['Boys Love']
506,507,Vinland Saga,9.08,Manga,unfinished,Apr 2005,unfinished,327368,"['Award Winning', 'Mystery', 'Josei']"
507,508,Fullmetal Alchemist,9.04,Manga,27 vols,Jul 2001,Sep 2010,305613,"['Comedy', 'Fantasy', 'Romance', 'Supernatural', 'Ecchi', 'Harem', 'Mythology', 'School']"
508,509,Tian Guan Cifu,9.04,Novel,6 vols,Feb 2021,Mar 2022,14578,"['Comedy', 'Romance', 'Workplace', 'Seinen']"
509,510,Guimi Zhi Zhu,9.03,Novel,18 vols,May 2020,Aug 2023,7977,"['Girls Love', 'School']"
510,511,Grand Blue,9.03,Manga,unfinished,Apr 2014,unfinished,185660,"['Action', 'Fantasy']"
511,512,Omniscient Reader's Viewpoint,9.02,Novel,20 vols,Jan 2022,Sep 2023,20661,"['Comedy', 'Romance', 'Love Polygon', 'School', 'Seinen']"
512,513,Kingdom,9.01,Manga,unfinished,Jan 2006,unfinished,183301,"['Boys Love', 'Slice of Life', 'School']"
513,514,Oyasumi Punpun,8.99,Manga,13 vols,Mar 2007,Nov 2013,478622,"['Action', 'Fantasy', 'Romance', 'Sci-Fi', 'School', 'Urban Fantasy']"
514,515,Houseki no Kuni,8.97,Manga,13 vols,Oct 2012,Apr 2024,149302,"['Drama', 'Shounen']"
515,516,Real,8.95,Manga,unfinished,Oct 1999,unfinished,97258,"['Comedy', 'Supernatural', 'Mythology', 'Shounen']"
516,517,20th Century Boys,8.94,Manga,22 vols,Sep 1999,Apr 2006,283384,"['Slice of Life', 'Pets', 'Seinen']"
517,518,Ashita no Joe,8.94,Manga,20 vols,Jan 1968,May 1973,57009,"['Romance', 'School', 'Shoujo']"
518,519,Yotsuba to!,8.91,Manga,unfinished,Mar 2003,unfinished,164919,"['Action', 'Comedy', 'Fantasy', 'Mahou Shoujo']"
519,520,Monogatari Series: First Season,8.91,Light Novel,6 vols,Nov 2006,Jul 2010,61482,"['Drama', 'Horror', 'Mahou Shoujo', 'School', 'Seinen']"
520,521,Mo Dao Zu Shi,8.91,Novel,4 vols,Dec 2016,Dec 2016,9225,"['Action', 'Drama', 'Mystery', 'Sci-Fi', 'Josei']"
521,522,Monogatari Series: Second Season,8.9,Light Novel,6 vols,Oct 2010,Dec 2011,24237,"['Comedy', 'Drama', 'Romance', 'School', 'Shoujo']"
522,523,Umineko no Naku Koro ni Chiru - Episode 8: Twilight of the Golden Witch,8.9,Manga,9 vols,Jan 2012,Jun 2015,19024,"['Comedy', 'Drama', 'Romance', 'Adult Cast', 'Seinen']"
523,524,Kaguya-sama wa Kokurasetai: Tensai-tachi no Renai Zunousen,8.89,Manga,28 vols,May 2015,Nov 2022,284123,"['Award Winning', 'Romance', 'Slice of Life', 'Historical', 'Seinen']"
524,525,Mikkakan no Koufuku,8.87,Novel,1 vols,Dec 2013,Dec 2013,34610,"['Action', 'Drama', 'Sci-Fi', 'Martial Arts', 'Seinen']"
525,526,GTO,8.87,Manga,25 vols,Dec 1996,Jan 2002,178087,"['Comedy', 'Romance', 'Slice of Life', 'Shoujo']"
526,527,3-gatsu no Lion,8.86,Manga,unfinished,Jul 2007,unfinished,71950,"['Award Winning', 'Drama', 'Medical', 'Psychological', 'Seinen']"
527,528,Haikyuu!!,8.86,Manga,45 vols,Feb 2012,Jul 2020,228868,"['Action', 'Adventure', 'Historical', 'Vampire', 'Shounen']"
528,529,Tian Guan Cifu,8.85,Manhua,unfinished,Oct 2019,unfinished,14423,"['Award Winning', 'Drama', 'Historical', 'Military']"
529,530,Koe no Katachi,8.85,Manga,7 vols,Aug 2013,Nov 2014,278550,"['Action', 'Adventure', 'Fantasy', 'Historical', 'Mythology', 'Shounen']"
530,531,Monogatari Series: Final Season,8.83,Light Novel,6 vols,Sep 2012,Sep 2014,19797,"['Comedy', 'Drama', 'Romance', 'Slice of Life', 'School', 'Shounen']"
531,532,86,8.83,Light Novel,unfinished,Feb 2017,unfinished,44286,"['Action', 'Drama', 'Psychological', 'School', 'Seinen']"
532,533,Sousou no Frieren,8.83,Manga,unfinished,Apr 2020,unfinished,142884,"['Supernatural', 'Detective', 'Shoujo']"
533,534,Akatsuki no Yona,8.82,Manga,unfinished,Aug 2009,unfinished,141842,"['Action', 'Fantasy', 'Historical', 'Shounen']"
534,535,Mushoku Tensei: Isekai Ittara Honki Dasu,8.82,Light Novel,26 vols,Jan 2014,Nov 2022,92475,"['Award Winning', 'Mystery', 'Suspense', 'Psychological', 'Survival', 'Shounen']"
535,536,Ookami to Koushinryou,8.82,Light Novel,unfinished,Feb 2006,unfinished,66465,"['Boys Love', 'School']"
536,537,Kaze no Tani no Nausicaä,8.81,Manga,7 vols,Oct 1982,Feb 1994,61920,"['Comedy', 'Slice of Life', 'Seinen']"
537,538,Kokou no Hito,8.81,Manga,17 vols,Nov 2007,Oct 2011,125239,"['Adventure', 'Drama', 'Mystery', 'School']"
538,539,Re:Zero kara Hajimeru Isekai Seikatsu,8.81,Light Novel,unfinished,Jan 2014,unfinished,75018,"['Award Winning', 'Comedy', 'Slice of Life', 'Shoujo']"
539,540,Kaoru Hana wa Rin to Saku,8.81,Manga,unfinished,Oct 2021,unfinished,93777,"['Action', 'Adventure', 'Fantasy']"
540,541,The Greatest Estate Developer,8.81,Manhwa,unfinished,Jul 2021,unfinished,40982,"['Romance', 'Slice of Life', 'School', 'Seinen']"
541,542,Nana,8.8,Manga,21 vols,May 2000,May 2009,155115,"['Romance', 'Suspense', 'Psychological']"
542,543,Youkoso Jitsuryoku Shijou Shugi no Kyoushitsu e,8.8,Light Novel,14 vols,May 2015,Sep 2019,90597,"['Comedy', 'Gourmet', 'Slice of Life', 'Childcare', 'Iyashikei', 'Seinen']"
543,544,Honzuki no Gekokujou: Shisho ni Naru Tame ni wa Shudan wo Erandeiraremasen,8.78,Light Novel,33 vols,Jan 2015,Dec 2023,17113,"['Adventure', 'Comedy', 'Detective', 'Shounen']"
544,545,Kusuriya no Hitorigoto,8.77,Light Novel,unfinished,Aug 2014,unfinished,14723,"['Award Winning', 'Comedy', 'Drama', 'Racing', 'Shounen']"
545,546,Youkoso Jitsuryoku Shijou Shugi no Kyoushitsu e: 2-nensei-hen,8.77,Light Novel,15 vols,Jan 2020,Nov 2024,39292,"['Award Winning', 'Comedy', 'Drama', 'Sports', 'Team Sports', 'Shounen']"
546,547,"Jumyou wo Kaitotte Moratta. Ichinen ni Tsuki, Ichimanen de.",8.77,Manga,3 vols,Aug 2016,Oct 2017,175768,"['Comedy', 'Drama', 'Romance', 'Otaku Culture', 'Psychological', 'Shounen']"
547,548,Dungeon Meshi,8.76,Manga,14 vols,Feb 2014,Sep 2023,93656,"['Boys Love', 'Horror', 'Mystery', 'Supernatural', 'Historical', 'Shoujo']"
548,549,Hunter x Hunter,8.76,Manga,unfinished,Mar 1998,unfinished,290839,"['Action', 'Adventure', 'Drama']"
549,550,Uchuu Kyoudai,8.75,Manga,unfinished,Dec 2007,unfinished,37464,"['Comedy', 'Drama', 'Romance', 'Supernatural', 'Historical', 'Reincarnation', 'Shoujo']"
550,551,Berserk,9.47,Manga,unfinished,Aug 1989,unfinished,740803,"['Action', 'Adventure', 'Gore', 'Martial Arts']"
551,552,JoJo no Kimyou na Bouken Part 7: Steel Ball Run,9.32,Manga,24 vols,Jan 2004,Apr 2011,287531,"['Action', 'Comedy', 'Supernatural', 'Childcare', 'Delinquents', 'Mythology', 'School', 'Shounen']"
552,553,Vagabond,9.26,Manga,37 vols,Sep 1998,May 2015,417041,"['Action', 'Comedy', 'Drama', 'Romance', 'Sci-Fi', 'Love Polygon', 'Mecha', 'Military', 'School']"
553,554,One Piece,9.22,Manga,unfinished,Jul 1997,unfinished,653920,"['Romance', 'School', 'Shoujo']"
554,555,Monster,9.16,Manga,18 vols,Dec 1994,Dec 2001,264525,"['Adventure', 'Mystery', 'Sci-Fi', 'Seinen']"
555,556,Slam Dunk,9.08,Manga,31 vols,Sep 1990,Jun 1996,183607,"['Drama', 'Fantasy', 'Slice of Life', 'Childcare']"
556,557,Vinland Saga,9.08,Manga,unfinished,Apr 2005,unfinished,327368,"['Fantasy', 'Slice of Life', 'Iyashikei', 'Seinen']"
557,558,Fullmetal Alchemist,9.04,Manga,27 vols,Jul 2001,Sep 2010,305613,"['Fantasy', 'Supernatural']"
558,559,Tian Guan Cifu,9.04,Novel,6 vols,Feb 2021,Mar 2022,14578,"['Slice of Life', 'Memoir']"
559,560,Guimi Zhi Zhu,9.03,Novel,18 vols,May 2020,Aug 2023,7977,"['Slice of Life', 'Memoir']"
560,561,Grand Blue,9.03,Manga,unfinished,Apr 2014,unfinished,185660,"['Drama', 'Fantasy', 'Romance', 'Psychological', 'Villainess']"
561,562,Omniscient Reader's Viewpoint,9.02,Novel,20 vols,Jan 2022,Sep 2023,20661,"['Action', 'Supernatural', 'Shounen']"
562,563,Kingdom,9.01,Manga,unfinished,Jan 2006,unfinished,183301,"['Comedy', 'Romance', 'Adult Cast', 'Workplace', 'Seinen']"
563,564,Oyasumi Punpun,8.99,Manga,13 vols,Mar 2007,Nov 2013,478622,"['Fantasy', 'Slice of Life']"
564,565,Houseki no Kuni,8.97,Manga,13 vols,Oct 2012,Apr 2024,149302,"['Award Winning', 'Comedy', 'Romance', 'Shoujo']"
565,566,Real,8.95,Manga,unfinished,Oct 1999,unfinished,97258,"['Award Winning', 'Comedy', 'Drama', 'Supernatural', 'Strategy Game', 'Shounen']"
566,567,20th Century Boys,8.94,Manga,22 vols,Sep 1999,Apr 2006,283384,"['Action', 'Adventure', 'Drama', 'Fantasy', 'Romance', 'Sci-Fi', 'Supernatural', 'Shounen']"
567,568,Ashita no Joe,8.94,Manga,20 vols,Jan 1968,May 1973,57009,"['Boys Love', 'Drama', 'Delinquents', 'Psychological', 'School']"
568,569,Yotsuba to!,8.91,Manga,unfinished,Mar 2003,unfinished,164919,"['Action', 'Drama', 'Suspense', 'Detective', 'Psychological', 'Shounen']"
569,570,Monogatari Series: First Season,8.91,Light Novel,6 vols,Nov 2006,Jul 2010,61482,"['Award Winning', 'Boys Love', 'Drama', 'Historical', 'Shoujo']"
570,571,Mo Dao Zu Shi,8.91,Novel,4 vols,Dec 2016,Dec 2016,9225,"['Action', 'Comedy', 'Fantasy', 'Romance', 'Supernatural', 'Ecchi', 'Harem', 'School', 'Vampire', 'Shounen']"
571,572,Monogatari Series: Second Season,8.9,Light Novel,6 vols,Oct 2010,Dec 2011,24237,"['Award Winning', 'Drama', 'Historical', 'Samurai', 'Shoujo']"
572,573,Umineko no Naku Koro ni Chiru - Episode 8: Twilight of the Golden Witch,8.9,Manga,9 vols,Jan 2012,Jun 2015,19024,"['Award Winning', 'Anthropomorphic', 'Shounen']"
573,574,Kaguya-sama wa Kokurasetai: Tensai-tachi no Renai Zunousen,8.89,Manga,28 vols,May 2015,Nov 2022,284123,"['Award Winning', 'Sports', 'School', 'Shounen']"
574,575,Mikkakan no Koufuku,8.87,Novel,1 vols,Dec 2013,Dec 2013,34610,"['Drama', 'Fantasy', 'Suspense', 'Isekai', 'Psychological', 'Time Travel', 'Seinen']"
575,576,GTO,8.87,Manga,25 vols,Dec 1996,Jan 2002,178087,"['Boys Love', 'Slice of Life', 'School']"
576,577,3-gatsu no Lion,8.86,Manga,unfinished,Jul 2007,unfinished,71950,"['Comedy', 'Adult Cast', 'Organized Crime']"
577,578,Haikyuu!!,8.86,Manga,45 vols,Feb 2012,Jul 2020,228868,"['Fantasy', 'Isekai', 'Reincarnation', 'Seinen']"
578,579,Tian Guan Cifu,8.85,Manhua,unfinished,Oct 2019,unfinished,14423,"['Comedy', 'Drama', 'Romance', 'Crossdressing', 'Harem', 'School', 'Shoujo']"
579,580,Koe no Katachi,8.85,Manga,7 vols,Aug 2013,Nov 2014,278550,"['Action', 'Adventure', 'Comedy', 'Supernatural', 'School']"
580,581,Monogatari Series: Final Season,8.83,Light Novel,6 vols,Sep 2012,Sep 2014,19797,"['Action', 'Adventure', 'Fantasy', 'Shounen']"
581,582,86,8.83,Light Novel,unfinished,Feb 2017,unfinished,44286,"['Romance', 'Historical']"
582,583,Sousou no Frieren,8.83,Manga,unfinished,Apr 2020,unfinished,142884,"['Action', 'Fantasy', 'Isekai', 'School']"
583,584,Akatsuki no Yona,8.82,Manga,unfinished,Aug 2009,unfinished,141842,"['Action', 'Fantasy', 'Time Travel']"
584,585,Mushoku Tensei: Isekai Ittara Honki Dasu,8.82,Light Novel,26 vols,Jan 2014,Nov 2022,92475,"['Fantasy', 'Horror', 'Mystery', 'Romance']"
585,586,Ookami to Koushinryou,8.82,Light Novel,unfinished,Feb 2006,unfinished,66465,['Fantasy']
586,587,Kaze no Tani no Nausicaä,8.81,Manga,7 vols,Oct 1982,Feb 1994,61920,"['Action', 'Comedy', 'Organized Crime', 'School', 'Super Power', 'Shounen']"
587,588,Kokou no Hito,8.81,Manga,17 vols,Nov 2007,Oct 2011,125239,"['Award Winning', 'Comedy', 'Delinquents', 'Gag Humor', 'Shounen']"
588,589,Re:Zero kara Hajimeru Isekai Seikatsu,8.81,Light Novel,unfinished,Jan 2014,unfinished,75018,"['Drama', 'Horror', 'Mystery', 'Psychological', 'Shounen']"
589,590,Kaoru Hana wa Rin to Saku,8.81,Manga,unfinished,Oct 2021,unfinished,93777,"['Boys Love', 'Slice of Life', 'School']"
590,591,The Greatest Estate Developer,8.81,Manhwa,unfinished,Jul 2021,unfinished,40982,"['Award Winning', 'Drama', 'Historical', 'Seinen']"
591,592,Nana,8.8,Manga,21 vols,May 2000,May 2009,155115,"['Comedy', 'Sports', 'School', 'Team Sports', 'Shounen']"
592,593,Youkoso Jitsuryoku Shijou Shugi no Kyoushitsu e,8.8,Light Novel,14 vols,May 2015,Sep 2019,90597,"['Comedy', 'Romance', 'School', 'Shoujo']"
593,594,Honzuki no Gekokujou: Shisho ni Naru Tame ni wa Shudan wo Erandeiraremasen,8.78,Light Novel,33 vols,Jan 2015,Dec 2023,17113,"['Action', 'Drama', 'Fantasy', 'Supernatural', 'Psychological', 'Super Power', 'Shoujo']"
594,595,Kusuriya no Hitorigoto,8.77,Light Novel,unfinished,Aug 2014,unfinished,14723,"['Action', 'Drama', 'Horror', 'Sci-Fi', 'Supernatural', 'Gore', 'Psychological', 'Survival', 'Seinen']"
595,596,Youkoso Jitsuryoku Shijou Shugi no Kyoushitsu e: 2-nensei-hen,8.77,Light Novel,15 vols,Jan 2020,Nov 2024,39292,"['Mystery', 'Supernatural', 'Detective', 'Shounen']"
596,597,"Jumyou wo Kaitotte Moratta. Ichinen ni Tsuki, Ichimanen de.",8.77,Manga,3 vols,Aug 2016,Oct 2017,175768,"['Action', 'Adventure', 'Supernatural', 'Shounen']"
597,598,Dungeon Meshi,8.76,Manga,14 vols,Feb 2014,Sep 2023,93656,"['Action', 'Comedy', 'Fantasy', 'Shounen']"
598,599,Hunter x Hunter,8.76,Manga,unfinished,Mar 1998,unfinished,290839,"['Action', 'Adventure', 'Kids']"
599,600,Uchuu Kyoudai,8.75,Manga,unfinished,Dec 2007,unfinished,37464,"['Action', 'Drama', 'Sci-Fi', 'Martial Arts', 'Shounen']"
600,601,Berserk,9.47,Manga,unfinished,Aug 1989,unfinished,740803,"['Drama', 'Horror', 'Mystery', 'Psychological']"
601,602,JoJo no Kimyou na Bouken Part 7: Steel Ball Run,9.32,Manga,24 vols,Jan 2004,Apr 2011,287531,"['Comedy', 'Delinquents', 'School', 'Shoujo']"
602,603,Vagabond,9.26,Manga,37 vols,Sep 1998,May 2015,417041,"['Action', 'Sci-Fi', 'Mecha', 'Shounen']"
603,604,One Piece,9.22,Manga,unfinished,Jul 1997,unfinished,653920,"['Romance', 'Adult Cast', 'Love Status Quo']"
604,605,Monster,9.16,Manga,18 vols,Dec 1994,Dec 2001,264525,"['Drama', 'Fantasy', 'Mahou Shoujo', 'Psychological']"
605,606,Slam Dunk,9.08,Manga,31 vols,Sep 1990,Jun 1996,183607,"['Award Winning', 'Comedy', 'Romance', 'Love Status Quo', 'School', 'Shounen']"
606,607,Vinland Saga,9.08,Manga,unfinished,Apr 2005,unfinished,327368,"['Comedy', 'Military', 'School', 'Seinen']"
607,608,Fullmetal Alchemist,9.04,Manga,27 vols,Jul 2001,Sep 2010,305613,"['Comedy', 'Slice of Life', 'Historical', 'Seinen']"
608,609,Tian Guan Cifu,9.04,Novel,6 vols,Feb 2021,Mar 2022,14578,"['Mystery', 'Romance', 'Supernatural', 'School']"
609,610,Guimi Zhi Zhu,9.03,Novel,18 vols,May 2020,Aug 2023,7977,"['Action', 'Supernatural', 'Martial Arts', 'Shoujo']"
610,611,Grand Blue,9.03,Manga,unfinished,Apr 2014,unfinished,185660,"['Drama', 'Performing Arts']"
611,612,Omniscient Reader's Viewpoint,9.02,Novel,20 vols,Jan 2022,Sep 2023,20661,['Girls Love']
612,613,Kingdom,9.01,Manga,unfinished,Jan 2006,unfinished,183301,"['Supernatural', 'School']"
613,614,Oyasumi Punpun,8.99,Manga,13 vols,Mar 2007,Nov 2013,478622,"['Action', 'Adventure', 'Award Winning', 'Fantasy', 'Video Game', 'Shounen']"
614,615,Houseki no Kuni,8.97,Manga,13 vols,Oct 2012,Apr 2024,149302,"['Fantasy', 'Romance', 'Time Travel']"
615,616,Real,8.95,Manga,unfinished,Oct 1999,unfinished,97258,"['Action', 'Fantasy', 'Martial Arts']"
616,617,20th Century Boys,8.94,Manga,22 vols,Sep 1999,Apr 2006,283384,"['Comedy', 'Fantasy']"
617,618,Ashita no Joe,8.94,Manga,20 vols,Jan 1968,May 1973,57009,"['Comedy', 'Mystery', 'Romance', 'Slice of Life', 'School']"
618,619,Yotsuba to!,8.91,Manga,unfinished,Mar 2003,unfinished,164919,"['Comedy', 'Romance', 'Slice of Life', 'Iyashikei']"
619,620,Monogatari Series: First Season,8.91,Light Novel,6 vols,Nov 2006,Jul 2010,61482,"['Drama', 'Showbiz', 'Visual Arts', 'Shounen']"
620,621,Mo Dao Zu Shi,8.91,Novel,4 vols,Dec 2016,Dec 2016,9225,"['Drama', 'Horror', 'Mystery']"
621,622,Monogatari Series: Second Season,8.9,Light Novel,6 vols,Oct 2010,Dec 2011,24237,"['Award Winning', 'Drama', 'Mystery', 'Supernatural', 'Detective', 'Shounen']"
622,623,Umineko no Naku Koro ni Chiru - Episode 8: Twilight of the Golden Witch,8.9,Manga,9 vols,Jan 2012,Jun 2015,19024,"['Comedy', 'Romance', 'School', 'Shoujo']"
623,624,Kaguya-sama wa Kokurasetai: Tensai-tachi no Renai Zunousen,8.89,Manga,28 vols,May 2015,Nov 2022,284123,"['Action', 'Comedy', 'Drama', 'Ecchi', 'Martial Arts', 'Shounen']"
624,625,Mikkakan no Koufuku,8.87,Novel,1 vols,Dec 2013,Dec 2013,34610,"['Drama', 'Fantasy', 'Sci-Fi', 'Slice of Life', 'Supernatural', 'Seinen']"
625,626,GTO,8.87,Manga,25 vols,Dec 1996,Jan 2002,178087,"['Drama', 'Adult Cast', 'Psychological', 'Strategy Game', 'Seinen']"
626,627,3-gatsu no Lion,8.86,Manga,unfinished,Jul 2007,unfinished,71950,"['Award Winning', 'Drama', 'Historical', 'Seinen']"
627,628,Haikyuu!!,8.86,Manga,45 vols,Feb 2012,Jul 2020,228868,"['Boys Love', 'Comedy', 'Adult Cast', 'Organized Crime']"
628,629,Tian Guan Cifu,8.85,Manhua,unfinished,Oct 2019,unfinished,14423,"['Comedy', 'Gag Humor', 'Seinen']"
629,630,Koe no Katachi,8.85,Manga,7 vols,Aug 2013,Nov 2014,278550,"['Action', 'Supernatural', 'Historical', 'Shoujo']"
630,631,Monogatari Series: Final Season,8.83,Light Novel,6 vols,Sep 2012,Sep 2014,19797,['Fantasy']
631,632,86,8.83,Light Novel,unfinished,Feb 2017,unfinished,44286,"['Boys Love', 'Drama', 'Supernatural']"
632,633,Sousou no Frieren,8.83,Manga,unfinished,Apr 2020,unfinished,142884,"['Boys Love', 'Comedy', 'Supernatural', 'Adult Cast', 'Workplace']"
633,634,Akatsuki no Yona,8.82,Manga,unfinished,Aug 2009,unfinished,141842,"['Adventure', 'Fantasy', 'Slice of Life', 'Psychological']"
634,635,Mushoku Tensei: Isekai Ittara Honki Dasu,8.82,Light Novel,26 vols,Jan 2014,Nov 2022,92475,"['Action', 'Supernatural', 'Shounen']"
635,636,Ookami to Koushinryou,8.82,Light Novel,unfinished,Feb 2006,unfinished,66465,"['Drama', 'Fantasy', 'Romance']"
636,637,Kaze no Tani no Nausicaä,8.81,Manga,7 vols,Oct 1982,Feb 1994,61920,"['Action', 'Adventure', 'Fantasy', 'Super Power', 'Shounen']"
637,638,Kokou no Hito,8.81,Manga,17 vols,Nov 2007,Oct 2011,125239,"['Drama', 'Romance', 'Supernatural']"
638,639,Re:Zero kara Hajimeru Isekai Seikatsu,8.81,Light Novel,unfinished,Jan 2014,unfinished,75018,"['Action', 'Adventure', 'Fantasy', 'Martial Arts', 'Shounen']"
639,640,Kaoru Hana wa Rin to Saku,8.81,Manga,unfinished,Oct 2021,unfinished,93777,"['Comedy', 'Romance', 'School', 'Shoujo']"
640,641,The Greatest Estate Developer,8.81,Manhwa,unfinished,Jul 2021,unfinished,40982,"['Drama', 'Fantasy', 'Mystery', 'Romance', 'Sci-Fi', 'Reincarnation', 'Space', 'Shoujo']"
641,642,Nana,8.8,Manga,21 vols,May 2000,May 2009,155115,"['Girls Love', 'School', 'Seinen']"
642,643,Youkoso Jitsuryoku Shijou Shugi no Kyoushitsu e,8.8,Light Novel,14 vols,May 2015,Sep 2019,90597,"['Comedy', 'Slice of Life', 'School', 'Shounen']"
643,644,Honzuki no Gekokujou: Shisho ni Naru Tame ni wa Shudan wo Erandeiraremasen,8.78,Light Novel,33 vols,Jan 2015,Dec 2023,17113,"['Fantasy', 'Mahou Shoujo']"
644,645,Kusuriya no Hitorigoto,8.77,Light Novel,unfinished,Aug 2014,unfinished,14723,"['Drama', 'Romance', 'Sci-Fi', 'Love Polygon', 'School', 'Time Travel']"
645,646,Youkoso Jitsuryoku Shijou Shugi no Kyoushitsu e: 2-nensei-hen,8.77,Light Novel,15 vols,Jan 2020,Nov 2024,39292,"['Action', 'Fantasy', 'Super Power', 'Urban Fantasy', 'Vampire', 'Shounen']"
646,647,"Jumyou wo Kaitotte Moratta. Ichinen ni Tsuki, Ichimanen de.",8.77,Manga,3 vols,Aug 2016,Oct 2017,175768,"['Drama', 'Fantasy', 'Horror', 'Mahou Shoujo', 'School']"
647,648,Dungeon Meshi,8.76,Manga,14 vols,Feb 2014,Sep 2023,93656,"['Drama', 'Mystery', 'Sci-Fi']"
648,649,Hunter x Hunter,8.76,Manga,unfinished,Mar 1998,unfinished,290839,"['Romance', 'Shoujo']"
649,650,Uchuu Kyoudai,8.75,Manga,unfinished,Dec 2007,unfinished,37464,"['Comedy', 'Romance', 'Adult Cast', 'Crossdressing']"
