,Rank,name,rating,Format,Volume Count,Start Date,End Date,Member Count
0,1,Berserk,9.47,Manga,unfinished,Aug 1989,unfinished,740803
1,2,JoJo no Kimyou na Bouken Part 7: Steel Ball Run,9.32,Manga,24 vols,Jan 2004,Apr 2011,287531
2,3,Vagabond,9.26,Manga,37 vols,Sep 1998,May 2015,417041
3,4,One Piece,9.22,Manga,unfinished,Jul 1997,unfinished,653920
4,5,Monster,9.16,Manga,18 vols,Dec 1994,Dec 2001,264525
5,6,Slam Dunk,9.08,Manga,31 vols,Sep 1990,Jun 1996,183607
6,7,Vinland Saga,9.08,Manga,unfinished,Apr 2005,unfinished,327368
7,8,Fullmetal Alchemist,9.04,Manga,27 vols,Jul 2001,Sep 2010,305613
8,9,Tian Guan Cifu,9.04,Novel,6 vols,Feb 2021,Mar 2022,14578
9,10,Guimi Zhi Zhu,9.03,Novel,18 vols,May 2020,Aug 2023,7977
10,11,Grand Blue,9.03,Manga,unfinished,Apr 2014,unfinished,185660
11,12,Omniscient Reader's Viewpoint,9.02,Novel,20 vols,Jan 2022,Sep 2023,20661
12,13,Kingdom,9.01,Manga,unfinished,Jan 2006,unfinished,183301
13,14,Oyasumi Punpun,8.99,Manga,13 vols,Mar 2007,Nov 2013,478622
14,15,Houseki no Kuni,8.97,Manga,13 vols,Oct 2012,Apr 2024,149302
15,16,Real,8.95,Manga,unfinished,Oct 1999,unfinished,97258
16,17,20th Century Boys,8.94,Manga,22 vols,Sep 1999,Apr 2006,283384
17,18,Ashita no Joe,8.94,Manga,20 vols,Jan 1968,May 1973,57009
18,19,Yotsuba to!,8.91,Manga,unfinished,Mar 2003,unfinished,164919
19,20,Monogatari Series: First Season,8.91,Light Novel,6 vols,Nov 2006,Jul 2010,61482
20,21,Mo Dao Zu Shi,8.91,Novel,4 vols,Dec 2016,Dec 2016,9225
21,22,Monogatari Series: Second Season,8.90,Light Novel,6 vols,Oct 2010,Dec 2011,24237
22,23,Umineko no Naku Koro ni Chiru - Episode 8: Twilight of the Golden Witch,8.90,Manga,9 vols,Jan 2012,Jun 2015,19024
23,24,Kaguya-sama wa Kokurasetai: Tensai-tachi no Renai Zunousen,8.89,Manga,28 vols,May 2015,Nov 2022,284123
24,25,Mikkakan no Koufuku,8.87,Novel,1 vols,Dec 2013,Dec 2013,34610
25,26,GTO,8.87,Manga,25 vols,Dec 1996,Jan 2002,178087
26,27,3-gatsu no Lion,8.86,Manga,unfinished,Jul 2007,unfinished,71950
27,28,Haikyuu!!,8.86,Manga,45 vols,Feb 2012,Jul 2020,228868
28,29,Tian Guan Cifu,8.85,Manhua,unfinished,Oct 2019,unfinished,14423
29,30,Koe no Katachi,8.85,Manga,7 vols,Aug 2013,Nov 2014,278550
30,31,Monogatari Series: Final Season,8.83,Light Novel,6 vols,Sep 2012,Sep 2014,19797
31,32,86,8.83,Light Novel,unfinished,Feb 2017,unfinished,44286
32,33,Sousou no Frieren,8.83,Manga,unfinished,Apr 2020,unfinished,142884
33,34,Akatsuki no Yona,8.82,Manga,unfinished,Aug 2009,unfinished,141842
34,35,Mushoku Tensei: Isekai Ittara Honki Dasu,8.82,Light Novel,26 vols,Jan 2014,Nov 2022,92475
35,36,Ookami to Koushinryou,8.82,Light Novel,unfinished,Feb 2006,unfinished,66465
36,37,Kaze no Tani no Nausicaä,8.81,Manga,7 vols,Oct 1982,Feb 1994,61920
37,38,Kokou no Hito,8.81,Manga,17 vols,Nov 2007,Oct 2011,125239
38,39,Re:Zero kara Hajimeru Isekai Seikatsu,8.81,Light Novel,unfinished,Jan 2014,unfinished,75018
39,40,Kaoru Hana wa Rin to Saku,8.81,Manga,unfinished,Oct 2021,unfinished,93777
40,41,The Greatest Estate Developer,8.81,Manhwa,unfinished,Jul 2021,unfinished,40982
41,42,Nana,8.80,Manga,21 vols,May 2000,May 2009,155115
42,43,Youkoso Jitsuryoku Shijou Shugi no Kyoushitsu e,8.80,Light Novel,14 vols,May 2015,Sep 2019,90597
43,44,Honzuki no Gekokujou: Shisho ni Naru Tame ni wa Shudan wo Erandeiraremasen,8.78,Light Novel,33 vols,Jan 2015,Dec 2023,17113
44,45,Kusuriya no Hitorigoto,8.77,Light Novel,unfinished,Aug 2014,unfinished,14723
45,46,Youkoso Jitsuryoku Shijou Shugi no Kyoushitsu e: 2-nensei-hen,8.77,Light Novel,15 vols,Jan 2020,Nov 2024,39292
46,47,"Jumyou wo Kaitotte Moratta. Ichinen ni Tsuki, Ichimanen de.",8.77,Manga,3 vols,Aug 2016,Oct 2017,175768
47,48,Dungeon Meshi,8.76,Manga,14 vols,Feb 2014,Sep 2023,93656
48,49,Hunter x Hunter,8.76,Manga,unfinished,Mar 1998,unfinished,290839
49,50,Uchuu Kyoudai,8.75,Manga,unfinished,Dec 2007,unfinished,37464
50,51,Berserk,9.47,Manga,unfinished,Aug 1989,unfinished,740803
51,52,JoJo no Kimyou na Bouken Part 7: Steel Ball Run,9.32,Manga,24 vols,Jan 2004,Apr 2011,287531
52,53,Vagabond,9.26,Manga,37 vols,Sep 1998,May 2015,417041
53,54,One Piece,9.22,Manga,unfinished,Jul 1997,unfinished,653920
54,55,Monster,9.16,Manga,18 vols,Dec 1994,Dec 2001,264525
55,56,Slam Dunk,9.08,Manga,31 vols,Sep 1990,Jun 1996,183607
56,57,Vinland Saga,9.08,Manga,unfinished,Apr 2005,unfinished,327368
57,58,Fullmetal Alchemist,9.04,Manga,27 vols,Jul 2001,Sep 2010,305613
58,59,Tian Guan Cifu,9.04,Novel,6 vols,Feb 2021,Mar 2022,14578
59,60,Guimi Zhi Zhu,9.03,Novel,18 vols,May 2020,Aug 2023,7977
60,61,Grand Blue,9.03,Manga,unfinished,Apr 2014,unfinished,185660
61,62,Omniscient Reader's Viewpoint,9.02,Novel,20 vols,Jan 2022,Sep 2023,20661
62,63,Kingdom,9.01,Manga,unfinished,Jan 2006,unfinished,183301
63,64,Oyasumi Punpun,8.99,Manga,13 vols,Mar 2007,Nov 2013,478622
64,65,Houseki no Kuni,8.97,Manga,13 vols,Oct 2012,Apr 2024,149302
65,66,Real,8.95,Manga,unfinished,Oct 1999,unfinished,97258
66,67,20th Century Boys,8.94,Manga,22 vols,Sep 1999,Apr 2006,283384
67,68,Ashita no Joe,8.94,Manga,20 vols,Jan 1968,May 1973,57009
68,69,Yotsuba to!,8.91,Manga,unfinished,Mar 2003,unfinished,164919
69,70,Monogatari Series: First Season,8.91,Light Novel,6 vols,Nov 2006,Jul 2010,61482
70,71,Mo Dao Zu Shi,8.91,Novel,4 vols,Dec 2016,Dec 2016,9225
71,72,Monogatari Series: Second Season,8.90,Light Novel,6 vols,Oct 2010,Dec 2011,24237
72,73,Umineko no Naku Koro ni Chiru - Episode 8: Twilight of the Golden Witch,8.90,Manga,9 vols,Jan 2012,Jun 2015,19024
73,74,Kaguya-sama wa Kokurasetai: Tensai-tachi no Renai Zunousen,8.89,Manga,28 vols,May 2015,Nov 2022,284123
74,75,Mikkakan no Koufuku,8.87,Novel,1 vols,Dec 2013,Dec 2013,34610
75,76,GTO,8.87,Manga,25 vols,Dec 1996,Jan 2002,178087
76,77,3-gatsu no Lion,8.86,Manga,unfinished,Jul 2007,unfinished,71950
77,78,Haikyuu!!,8.86,Manga,45 vols,Feb 2012,Jul 2020,228868
78,79,Tian Guan Cifu,8.85,Manhua,unfinished,Oct 2019,unfinished,14423
79,80,Koe no Katachi,8.85,Manga,7 vols,Aug 2013,Nov 2014,278550
80,81,Monogatari Series: Final Season,8.83,Light Novel,6 vols,Sep 2012,Sep 2014,19797
81,82,86,8.83,Light Novel,unfinished,Feb 2017,unfinished,44286
82,83,Sousou no Frieren,8.83,Manga,unfinished,Apr 2020,unfinished,142884
83,84,Akatsuki no Yona,8.82,Manga,unfinished,Aug 2009,unfinished,141842
84,85,Mushoku Tensei: Isekai Ittara Honki Dasu,8.82,Light Novel,26 vols,Jan 2014,Nov 2022,92475
85,86,Ookami to Koushinryou,8.82,Light Novel,unfinished,Feb 2006,unfinished,66465
86,87,Kaze no Tani no Nausicaä,8.81,Manga,7 vols,Oct 1982,Feb 1994,61920
87,88,Kokou no Hito,8.81,Manga,17 vols,Nov 2007,Oct 2011,125239
88,89,Re:Zero kara Hajimeru Isekai Seikatsu,8.81,Light Novel,unfinished,Jan 2014,unfinished,75018
89,90,Kaoru Hana wa Rin to Saku,8.81,Manga,unfinished,Oct 2021,unfinished,93777
90,91,The Greatest Estate Developer,8.81,Manhwa,unfinished,Jul 2021,unfinished,40982
91,92,Nana,8.80,Manga,21 vols,May 2000,May 2009,155115
92,93,Youkoso Jitsuryoku Shijou Shugi no Kyoushitsu e,8.80,Light Novel,14 vols,May 2015,Sep 2019,90597
93,94,Honzuki no Gekokujou: Shisho ni Naru Tame ni wa Shudan wo Erandeiraremasen,8.78,Light Novel,33 vols,Jan 2015,Dec 2023,17113
94,95,Kusuriya no Hitorigoto,8.77,Light Novel,unfinished,Aug 2014,unfinished,14723
95,96,Youkoso Jitsuryoku Shijou Shugi no Kyoushitsu e: 2-nensei-hen,8.77,Light Novel,15 vols,Jan 2020,Nov 2024,39292
96,97,"Jumyou wo Kaitotte Moratta. Ichinen ni Tsuki, Ichimanen de.",8.77,Manga,3 vols,Aug 2016,Oct 2017,175768
97,98,Dungeon Meshi,8.76,Manga,14 vols,Feb 2014,Sep 2023,93656
98,99,Hunter x Hunter,8.76,Manga,unfinished,Mar 1998,unfinished,290839
99,100,Uchuu Kyoudai,8.75,Manga,unfinished,Dec 2007,unfinished,37464
100,101,Berserk,9.47,Manga,unfinished,Aug 1989,unfinished,740803
101,102,JoJo no Kimyou na Bouken Part 7: Steel Ball Run,9.32,Manga,24 vols,Jan 2004,Apr 2011,287531
102,103,Vagabond,9.26,Manga,37 vols,Sep 1998,May 2015,417041
103,104,One Piece,9.22,Manga,unfinished,Jul 1997,unfinished,653920
104,105,Monster,9.16,Manga,18 vols,Dec 1994,Dec 2001,264525
105,106,Slam Dunk,9.08,Manga,31 vols,Sep 1990,Jun 1996,183607
106,107,Vinland Saga,9.08,Manga,unfinished,Apr 2005,unfinished,327368
107,108,Fullmetal Alchemist,9.04,Manga,27 vols,Jul 2001,Sep 2010,305613
108,109,Tian Guan Cifu,9.04,Novel,6 vols,Feb 2021,Mar 2022,14578
109,110,Guimi Zhi Zhu,9.03,Novel,18 vols,May 2020,Aug 2023,7977
110,111,Grand Blue,9.03,Manga,unfinished,Apr 2014,unfinished,185660
111,112,Omniscient Reader's Viewpoint,9.02,Novel,20 vols,Jan 2022,Sep 2023,20661
112,113,Kingdom,9.01,Manga,unfinished,Jan 2006,unfinished,183301
113,114,Oyasumi Punpun,8.99,Manga,13 vols,Mar 2007,Nov 2013,478622
114,115,Houseki no Kuni,8.97,Manga,13 vols,Oct 2012,Apr 2024,149302
115,116,Real,8.95,Manga,unfinished,Oct 1999,unfinished,97258
116,117,20th Century Boys,8.94,Manga,22 vols,Sep 1999,Apr 2006,283384
117,118,Ashita no Joe,8.94,Manga,20 vols,Jan 1968,May 1973,57009
118,119,Yotsuba to!,8.91,Manga,unfinished,Mar 2003,unfinished,164919
119,120,Monogatari Series: First Season,8.91,Light Novel,6 vols,Nov 2006,Jul 2010,61482
120,121,Mo Dao Zu Shi,8.91,Novel,4 vols,Dec 2016,Dec 2016,9225
121,122,Monogatari Series: Second Season,8.90,Light Novel,6 vols,Oct 2010,Dec 2011,24237
122,123,Umineko no Naku Koro ni Chiru - Episode 8: Twilight of the Golden Witch,8.90,Manga,9 vols,Jan 2012,Jun 2015,19024
123,124,Kaguya-sama wa Kokurasetai: Tensai-tachi no Renai Zunousen,8.89,Manga,28 vols,May 2015,Nov 2022,284123
124,125,Mikkakan no Koufuku,8.87,Novel,1 vols,Dec 2013,Dec 2013,34610
125,126,GTO,8.87,Manga,25 vols,Dec 1996,Jan 2002,178087
126,127,3-gatsu no Lion,8.86,Manga,unfinished,Jul 2007,unfinished,71950
127,128,Haikyuu!!,8.86,Manga,45 vols,Feb 2012,Jul 2020,228868
128,129,Tian Guan Cifu,8.85,Manhua,unfinished,Oct 2019,unfinished,14423
129,130,Koe no Katachi,8.85,Manga,7 vols,Aug 2013,Nov 2014,278550
130,131,Monogatari Series: Final Season,8.83,Light Novel,6 vols,Sep 2012,Sep 2014,19797
131,132,86,8.83,Light Novel,unfinished,Feb 2017,unfinished,44286
132,133,Sousou no Frieren,8.83,Manga,unfinished,Apr 2020,unfinished,142884
133,134,Akatsuki no Yona,8.82,Manga,unfinished,Aug 2009,unfinished,141842
134,135,Mushoku Tensei: Isekai Ittara Honki Dasu,8.82,Light Novel,26 vols,Jan 2014,Nov 2022,92475
135,136,Ookami to Koushinryou,8.82,Light Novel,unfinished,Feb 2006,unfinished,66465
136,137,Kaze no Tani no Nausicaä,8.81,Manga,7 vols,Oct 1982,Feb 1994,61920
137,138,Kokou no Hito,8.81,Manga,17 vols,Nov 2007,Oct 2011,125239
138,139,Re:Zero kara Hajimeru Isekai Seikatsu,8.81,Light Novel,unfinished,Jan 2014,unfinished,75018
139,140,Kaoru Hana wa Rin to Saku,8.81,Manga,unfinished,Oct 2021,unfinished,93777
140,141,The Greatest Estate Developer,8.81,Manhwa,unfinished,Jul 2021,unfinished,40982
141,142,Nana,8.80,Manga,21 vols,May 2000,May 2009,155115
142,143,Youkoso Jitsuryoku Shijou Shugi no Kyoushitsu e,8.80,Light Novel,14 vols,May 2015,Sep 2019,90597
143,144,Honzuki no Gekokujou: Shisho ni Naru Tame ni wa Shudan wo Erandeiraremasen,8.78,Light Novel,33 vols,Jan 2015,Dec 2023,17113
144,145,Kusuriya no Hitorigoto,8.77,Light Novel,unfinished,Aug 2014,unfinished,14723
145,146,Youkoso Jitsuryoku Shijou Shugi no Kyoushitsu e: 2-nensei-hen,8.77,Light Novel,15 vols,Jan 2020,Nov 2024,39292
146,147,"Jumyou wo Kaitotte Moratta. Ichinen ni Tsuki, Ichimanen de.",8.77,Manga,3 vols,Aug 2016,Oct 2017,175768
147,148,Dungeon Meshi,8.76,Manga,14 vols,Feb 2014,Sep 2023,93656
148,149,Hunter x Hunter,8.76,Manga,unfinished,Mar 1998,unfinished,290839
149,150,Uchuu Kyoudai,8.75,Manga,unfinished,Dec 2007,unfinished,37464
150,151,Berserk,9.47,Manga,unfinished,Aug 1989,unfinished,740803
151,152,JoJo no Kimyou na Bouken Part 7: Steel Ball Run,9.32,Manga,24 vols,Jan 2004,Apr 2011,287531
152,153,Vagabond,9.26,Manga,37 vols,Sep 1998,May 2015,417041
153,154,One Piece,9.22,Manga,unfinished,Jul 1997,unfinished,653920
154,155,Monster,9.16,Manga,18 vols,Dec 1994,Dec 2001,264525
155,156,Slam Dunk,9.08,Manga,31 vols,Sep 1990,Jun 1996,183607
156,157,Vinland Saga,9.08,Manga,unfinished,Apr 2005,unfinished,327368
157,158,Fullmetal Alchemist,9.04,Manga,27 vols,Jul 2001,Sep 2010,305613
158,159,Tian Guan Cifu,9.04,Novel,6 vols,Feb 2021,Mar 2022,14578
159,160,Guimi Zhi Zhu,9.03,Novel,18 vols,May 2020,Aug 2023,7977
160,161,Grand Blue,9.03,Manga,unfinished,Apr 2014,unfinished,185660
161,162,Omniscient Reader's Viewpoint,9.02,Novel,20 vols,Jan 2022,Sep 2023,20661
162,163,Kingdom,9.01,Manga,unfinished,Jan 2006,unfinished,183301
163,164,Oyasumi Punpun,8.99,Manga,13 vols,Mar 2007,Nov 2013,478622
164,165,Houseki no Kuni,8.97,Manga,13 vols,Oct 2012,Apr 2024,149302
165,166,Real,8.95,Manga,unfinished,Oct 1999,unfinished,97258
166,167,20th Century Boys,8.94,Manga,22 vols,Sep 1999,Apr 2006,283384
167,168,Ashita no Joe,8.94,Manga,20 vols,Jan 1968,May 1973,57009
168,169,Yotsuba to!,8.91,Manga,unfinished,Mar 2003,unfinished,164919
169,170,Monogatari Series: First Season,8.91,Light Novel,6 vols,Nov 2006,Jul 2010,61482
170,171,Mo Dao Zu Shi,8.91,Novel,4 vols,Dec 2016,Dec 2016,9225
171,172,Monogatari Series: Second Season,8.90,Light Novel,6 vols,Oct 2010,Dec 2011,24237
172,173,Umineko no Naku Koro ni Chiru - Episode 8: Twilight of the Golden Witch,8.90,Manga,9 vols,Jan 2012,Jun 2015,19024
173,174,Kaguya-sama wa Kokurasetai: Tensai-tachi no Renai Zunousen,8.89,Manga,28 vols,May 2015,Nov 2022,284123
174,175,Mikkakan no Koufuku,8.87,Novel,1 vols,Dec 2013,Dec 2013,34610
175,176,GTO,8.87,Manga,25 vols,Dec 1996,Jan 2002,178087
176,177,3-gatsu no Lion,8.86,Manga,unfinished,Jul 2007,unfinished,71950
177,178,Haikyuu!!,8.86,Manga,45 vols,Feb 2012,Jul 2020,228868
178,179,Tian Guan Cifu,8.85,Manhua,unfinished,Oct 2019,unfinished,14423
179,180,Koe no Katachi,8.85,Manga,7 vols,Aug 2013,Nov 2014,278550
180,181,Monogatari Series: Final Season,8.83,Light Novel,6 vols,Sep 2012,Sep 2014,19797
181,182,86,8.83,Light Novel,unfinished,Feb 2017,unfinished,44286
182,183,Sousou no Frieren,8.83,Manga,unfinished,Apr 2020,unfinished,142884
183,184,Akatsuki no Yona,8.82,Manga,unfinished,Aug 2009,unfinished,141842
184,185,Mushoku Tensei: Isekai Ittara Honki Dasu,8.82,Light Novel,26 vols,Jan 2014,Nov 2022,92475
185,186,Ookami to Koushinryou,8.82,Light Novel,unfinished,Feb 2006,unfinished,66465
186,187,Kaze no Tani no Nausicaä,8.81,Manga,7 vols,Oct 1982,Feb 1994,61920
187,188,Kokou no Hito,8.81,Manga,17 vols,Nov 2007,Oct 2011,125239
188,189,Re:Zero kara Hajimeru Isekai Seikatsu,8.81,Light Novel,unfinished,Jan 2014,unfinished,75018
189,190,Kaoru Hana wa Rin to Saku,8.81,Manga,unfinished,Oct 2021,unfinished,93777
190,191,The Greatest Estate Developer,8.81,Manhwa,unfinished,Jul 2021,unfinished,40982
191,192,Nana,8.80,Manga,21 vols,May 2000,May 2009,155115
192,193,Youkoso Jitsuryoku Shijou Shugi no Kyoushitsu e,8.80,Light Novel,14 vols,May 2015,Sep 2019,90597
193,194,Honzuki no Gekokujou: Shisho ni Naru Tame ni wa Shudan wo Erandeiraremasen,8.78,Light Novel,33 vols,Jan 2015,Dec 2023,17113
194,195,Kusuriya no Hitorigoto,8.77,Light Novel,unfinished,Aug 2014,unfinished,14723
195,196,Youkoso Jitsuryoku Shijou Shugi no Kyoushitsu e: 2-nensei-hen,8.77,Light Novel,15 vols,Jan 2020,Nov 2024,39292
196,197,"Jumyou wo Kaitotte Moratta. Ichinen ni Tsuki, Ichimanen de.",8.77,Manga,3 vols,Aug 2016,Oct 2017,175768
197,198,Dungeon Meshi,8.76,Manga,14 vols,Feb 2014,Sep 2023,93656
198,199,Hunter x Hunter,8.76,Manga,unfinished,Mar 1998,unfinished,290839
199,200,Uchuu Kyoudai,8.75,Manga,unfinished,Dec 2007,unfinished,37464
200,201,Berserk,9.47,Manga,unfinished,Aug 1989,unfinished,740803
201,202,JoJo no Kimyou na Bouken Part 7: Steel Ball Run,9.32,Manga,24 vols,Jan 2004,Apr 2011,287531
202,203,Vagabond,9.26,Manga,37 vols,Sep 1998,May 2015,417041
203,204,One Piece,9.22,Manga,unfinished,Jul 1997,unfinished,653920
204,205,Monster,9.16,Manga,18 vols,Dec 1994,Dec 2001,264525
205,206,Slam Dunk,9.08,Manga,31 vols,Sep 1990,Jun 1996,183607
206,207,Vinland Saga,9.08,Manga,unfinished,Apr 2005,unfinished,327368
207,208,Fullmetal Alchemist,9.04,Manga,27 vols,Jul 2001,Sep 2010,305613
208,209,Tian Guan Cifu,9.04,Novel,6 vols,Feb 2021,Mar 2022,14578
209,210,Guimi Zhi Zhu,9.03,Novel,18 vols,May 2020,Aug 2023,7977
210,211,Grand Blue,9.03,Manga,unfinished,Apr 2014,unfinished,185660
211,212,Omniscient Reader's Viewpoint,9.02,Novel,20 vols,Jan 2022,Sep 2023,20661
212,213,Kingdom,9.01,Manga,unfinished,Jan 2006,unfinished,183301
213,214,Oyasumi Punpun,8.99,Manga,13 vols,Mar 2007,Nov 2013,478622
214,215,Houseki no Kuni,8.97,Manga,13 vols,Oct 2012,Apr 2024,149302
215,216,Real,8.95,Manga,unfinished,Oct 1999,unfinished,97258
216,217,20th Century Boys,8.94,Manga,22 vols,Sep 1999,Apr 2006,283384
217,218,Ashita no Joe,8.94,Manga,20 vols,Jan 1968,May 1973,57009
218,219,Yotsuba to!,8.91,Manga,unfinished,Mar 2003,unfinished,164919
219,220,Monogatari Series: First Season,8.91,Light Novel,6 vols,Nov 2006,Jul 2010,61482
220,221,Mo Dao Zu Shi,8.91,Novel,4 vols,Dec 2016,Dec 2016,9225
221,222,Monogatari Series: Second Season,8.90,Light Novel,6 vols,Oct 2010,Dec 2011,24237
222,223,Umineko no Naku Koro ni Chiru - Episode 8: Twilight of the Golden Witch,8.90,Manga,9 vols,Jan 2012,Jun 2015,19024
223,224,Kaguya-sama wa Kokurasetai: Tensai-tachi no Renai Zunousen,8.89,Manga,28 vols,May 2015,Nov 2022,284123
224,225,Mikkakan no Koufuku,8.87,Novel,1 vols,Dec 2013,Dec 2013,34610
225,226,GTO,8.87,Manga,25 vols,Dec 1996,Jan 2002,178087
226,227,3-gatsu no Lion,8.86,Manga,unfinished,Jul 2007,unfinished,71950
227,228,Haikyuu!!,8.86,Manga,45 vols,Feb 2012,Jul 2020,228868
228,229,Tian Guan Cifu,8.85,Manhua,unfinished,Oct 2019,unfinished,14423
229,230,Koe no Katachi,8.85,Manga,7 vols,Aug 2013,Nov 2014,278550
230,231,Monogatari Series: Final Season,8.83,Light Novel,6 vols,Sep 2012,Sep 2014,19797
231,232,86,8.83,Light Novel,unfinished,Feb 2017,unfinished,44286
232,233,Sousou no Frieren,8.83,Manga,unfinished,Apr 2020,unfinished,142884
233,234,Akatsuki no Yona,8.82,Manga,unfinished,Aug 2009,unfinished,141842
234,235,Mushoku Tensei: Isekai Ittara Honki Dasu,8.82,Light Novel,26 vols,Jan 2014,Nov 2022,92475
235,236,Ookami to Koushinryou,8.82,Light Novel,unfinished,Feb 2006,unfinished,66465
236,237,Kaze no Tani no Nausicaä,8.81,Manga,7 vols,Oct 1982,Feb 1994,61920
237,238,Kokou no Hito,8.81,Manga,17 vols,Nov 2007,Oct 2011,125239
238,239,Re:Zero kara Hajimeru Isekai Seikatsu,8.81,Light Novel,unfinished,Jan 2014,unfinished,75018
239,240,Kaoru Hana wa Rin to Saku,8.81,Manga,unfinished,Oct 2021,unfinished,93777
240,241,The Greatest Estate Developer,8.81,Manhwa,unfinished,Jul 2021,unfinished,40982
241,242,Nana,8.80,Manga,21 vols,May 2000,May 2009,155115
242,243,Youkoso Jitsuryoku Shijou Shugi no Kyoushitsu e,8.80,Light Novel,14 vols,May 2015,Sep 2019,90597
243,244,Honzuki no Gekokujou: Shisho ni Naru Tame ni wa Shudan wo Erandeiraremasen,8.78,Light Novel,33 vols,Jan 2015,Dec 2023,17113
244,245,Kusuriya no Hitorigoto,8.77,Light Novel,unfinished,Aug 2014,unfinished,14723
245,246,Youkoso Jitsuryoku Shijou Shugi no Kyoushitsu e: 2-nensei-hen,8.77,Light Novel,15 vols,Jan 2020,Nov 2024,39292
246,247,"Jumyou wo Kaitotte Moratta. Ichinen ni Tsuki, Ichimanen de.",8.77,Manga,3 vols,Aug 2016,Oct 2017,175768
247,248,Dungeon Meshi,8.76,Manga,14 vols,Feb 2014,Sep 2023,93656
248,249,Hunter x Hunter,8.76,Manga,unfinished,Mar 1998,unfinished,290839
249,250,Uchuu Kyoudai,8.75,Manga,unfinished,Dec 2007,unfinished,37464
250,251,Berserk,9.47,Manga,unfinished,Aug 1989,unfinished,740803
251,252,JoJo no Kimyou na Bouken Part 7: Steel Ball Run,9.32,Manga,24 vols,Jan 2004,Apr 2011,287531
252,253,Vagabond,9.26,Manga,37 vols,Sep 1998,May 2015,417041
253,254,One Piece,9.22,Manga,unfinished,Jul 1997,unfinished,653920
254,255,Monster,9.16,Manga,18 vols,Dec 1994,Dec 2001,264525
255,256,Slam Dunk,9.08,Manga,31 vols,Sep 1990,Jun 1996,183607
256,257,Vinland Saga,9.08,Manga,unfinished,Apr 2005,unfinished,327368
257,258,Fullmetal Alchemist,9.04,Manga,27 vols,Jul 2001,Sep 2010,305613
258,259,Tian Guan Cifu,9.04,Novel,6 vols,Feb 2021,Mar 2022,14578
259,260,Guimi Zhi Zhu,9.03,Novel,18 vols,May 2020,Aug 2023,7977
260,261,Grand Blue,9.03,Manga,unfinished,Apr 2014,unfinished,185660
261,262,Omniscient Reader's Viewpoint,9.02,Novel,20 vols,Jan 2022,Sep 2023,20661
262,263,Kingdom,9.01,Manga,unfinished,Jan 2006,unfinished,183301
263,264,Oyasumi Punpun,8.99,Manga,13 vols,Mar 2007,Nov 2013,478622
264,265,Houseki no Kuni,8.97,Manga,13 vols,Oct 2012,Apr 2024,149302
265,266,Real,8.95,Manga,unfinished,Oct 1999,unfinished,97258
266,267,20th Century Boys,8.94,Manga,22 vols,Sep 1999,Apr 2006,283384
267,268,Ashita no Joe,8.94,Manga,20 vols,Jan 1968,May 1973,57009
268,269,Yotsuba to!,8.91,Manga,unfinished,Mar 2003,unfinished,164919
269,270,Monogatari Series: First Season,8.91,Light Novel,6 vols,Nov 2006,Jul 2010,61482
270,271,Mo Dao Zu Shi,8.91,Novel,4 vols,Dec 2016,Dec 2016,9225
271,272,Monogatari Series: Second Season,8.90,Light Novel,6 vols,Oct 2010,Dec 2011,24237
272,273,Umineko no Naku Koro ni Chiru - Episode 8: Twilight of the Golden Witch,8.90,Manga,9 vols,Jan 2012,Jun 2015,19024
273,274,Kaguya-sama wa Kokurasetai: Tensai-tachi no Renai Zunousen,8.89,Manga,28 vols,May 2015,Nov 2022,284123
274,275,Mikkakan no Koufuku,8.87,Novel,1 vols,Dec 2013,Dec 2013,34610
275,276,GTO,8.87,Manga,25 vols,Dec 1996,Jan 2002,178087
276,277,3-gatsu no Lion,8.86,Manga,unfinished,Jul 2007,unfinished,71950
277,278,Haikyuu!!,8.86,Manga,45 vols,Feb 2012,Jul 2020,228868
278,279,Tian Guan Cifu,8.85,Manhua,unfinished,Oct 2019,unfinished,14423
279,280,Koe no Katachi,8.85,Manga,7 vols,Aug 2013,Nov 2014,278550
280,281,Monogatari Series: Final Season,8.83,Light Novel,6 vols,Sep 2012,Sep 2014,19797
281,282,86,8.83,Light Novel,unfinished,Feb 2017,unfinished,44286
282,283,Sousou no Frieren,8.83,Manga,unfinished,Apr 2020,unfinished,142884
283,284,Akatsuki no Yona,8.82,Manga,unfinished,Aug 2009,unfinished,141842
284,285,Mushoku Tensei: Isekai Ittara Honki Dasu,8.82,Light Novel,26 vols,Jan 2014,Nov 2022,92475
285,286,Ookami to Koushinryou,8.82,Light Novel,unfinished,Feb 2006,unfinished,66465
286,287,Kaze no Tani no Nausicaä,8.81,Manga,7 vols,Oct 1982,Feb 1994,61920
287,288,Kokou no Hito,8.81,Manga,17 vols,Nov 2007,Oct 2011,125239
288,289,Re:Zero kara Hajimeru Isekai Seikatsu,8.81,Light Novel,unfinished,Jan 2014,unfinished,75018
289,290,Kaoru Hana wa Rin to Saku,8.81,Manga,unfinished,Oct 2021,unfinished,93777
290,291,The Greatest Estate Developer,8.81,Manhwa,unfinished,Jul 2021,unfinished,40982
291,292,Nana,8.80,Manga,21 vols,May 2000,May 2009,155115
292,293,Youkoso Jitsuryoku Shijou Shugi no Kyoushitsu e,8.80,Light Novel,14 vols,May 2015,Sep 2019,90597
293,294,Honzuki no Gekokujou: Shisho ni Naru Tame ni wa Shudan wo Erandeiraremasen,8.78,Light Novel,33 vols,Jan 2015,Dec 2023,17113
294,295,Kusuriya no Hitorigoto,8.77,Light Novel,unfinished,Aug 2014,unfinished,14723
295,296,Youkoso Jitsuryoku Shijou Shugi no Kyoushitsu e: 2-nensei-hen,8.77,Light Novel,15 vols,Jan 2020,Nov 2024,39292
296,297,"Jumyou wo Kaitotte Moratta. Ichinen ni Tsuki, Ichimanen de.",8.77,Manga,3 vols,Aug 2016,Oct 2017,175768
297,298,Dungeon Meshi,8.76,Manga,14 vols,Feb 2014,Sep 2023,93656
298,299,Hunter x Hunter,8.76,Manga,unfinished,Mar 1998,unfinished,290839
299,300,Uchuu Kyoudai,8.75,Manga,unfinished,Dec 2007,unfinished,37464
300,301,Berserk,9.47,Manga,unfinished,Aug 1989,unfinished,740803
301,302,JoJo no Kimyou na Bouken Part 7: Steel Ball Run,9.32,Manga,24 vols,Jan 2004,Apr 2011,287531
302,303,Vagabond,9.26,Manga,37 vols,Sep 1998,May 2015,417041
303,304,One Piece,9.22,Manga,unfinished,Jul 1997,unfinished,653920
304,305,Monster,9.16,Manga,18 vols,Dec 1994,Dec 2001,264525
305,306,Slam Dunk,9.08,Manga,31 vols,Sep 1990,Jun 1996,183607
306,307,Vinland Saga,9.08,Manga,unfinished,Apr 2005,unfinished,327368
307,308,Fullmetal Alchemist,9.04,Manga,27 vols,Jul 2001,Sep 2010,305613
308,309,Tian Guan Cifu,9.04,Novel,6 vols,Feb 2021,Mar 2022,14578
309,310,Guimi Zhi Zhu,9.03,Novel,18 vols,May 2020,Aug 2023,7977
310,311,Grand Blue,9.03,Manga,unfinished,Apr 2014,unfinished,185660
311,312,Omniscient Reader's Viewpoint,9.02,Novel,20 vols,Jan 2022,Sep 2023,20661
312,313,Kingdom,9.01,Manga,unfinished,Jan 2006,unfinished,183301
313,314,Oyasumi Punpun,8.99,Manga,13 vols,Mar 2007,Nov 2013,478622
314,315,Houseki no Kuni,8.97,Manga,13 vols,Oct 2012,Apr 2024,149302
315,316,Real,8.95,Manga,unfinished,Oct 1999,unfinished,97258
316,317,20th Century Boys,8.94,Manga,22 vols,Sep 1999,Apr 2006,283384
317,318,Ashita no Joe,8.94,Manga,20 vols,Jan 1968,May 1973,57009
318,319,Yotsuba to!,8.91,Manga,unfinished,Mar 2003,unfinished,164919
319,320,Monogatari Series: First Season,8.91,Light Novel,6 vols,Nov 2006,Jul 2010,61482
320,321,Mo Dao Zu Shi,8.91,Novel,4 vols,Dec 2016,Dec 2016,9225
321,322,Monogatari Series: Second Season,8.90,Light Novel,6 vols,Oct 2010,Dec 2011,24237
322,323,Umineko no Naku Koro ni Chiru - Episode 8: Twilight of the Golden Witch,8.90,Manga,9 vols,Jan 2012,Jun 2015,19024
323,324,Kaguya-sama wa Kokurasetai: Tensai-tachi no Renai Zunousen,8.89,Manga,28 vols,May 2015,Nov 2022,284123
324,325,Mikkakan no Koufuku,8.87,Novel,1 vols,Dec 2013,Dec 2013,34610
325,326,GTO,8.87,Manga,25 vols,Dec 1996,Jan 2002,178087
326,327,3-gatsu no Lion,8.86,Manga,unfinished,Jul 2007,unfinished,71950
327,328,Haikyuu!!,8.86,Manga,45 vols,Feb 2012,Jul 2020,228868
328,329,Tian Guan Cifu,8.85,Manhua,unfinished,Oct 2019,unfinished,14423
329,330,Koe no Katachi,8.85,Manga,7 vols,Aug 2013,Nov 2014,278550
330,331,Monogatari Series: Final Season,8.83,Light Novel,6 vols,Sep 2012,Sep 2014,19797
331,332,86,8.83,Light Novel,unfinished,Feb 2017,unfinished,44286
332,333,Sousou no Frieren,8.83,Manga,unfinished,Apr 2020,unfinished,142884
333,334,Akatsuki no Yona,8.82,Manga,unfinished,Aug 2009,unfinished,141842
334,335,Mushoku Tensei: Isekai Ittara Honki Dasu,8.82,Light Novel,26 vols,Jan 2014,Nov 2022,92475
335,336,Ookami to Koushinryou,8.82,Light Novel,unfinished,Feb 2006,unfinished,66465
336,337,Kaze no Tani no Nausicaä,8.81,Manga,7 vols,Oct 1982,Feb 1994,61920
337,338,Kokou no Hito,8.81,Manga,17 vols,Nov 2007,Oct 2011,125239
338,339,Re:Zero kara Hajimeru Isekai Seikatsu,8.81,Light Novel,unfinished,Jan 2014,unfinished,75018
339,340,Kaoru Hana wa Rin to Saku,8.81,Manga,unfinished,Oct 2021,unfinished,93777
340,341,The Greatest Estate Developer,8.81,Manhwa,unfinished,Jul 2021,unfinished,40982
341,342,Nana,8.80,Manga,21 vols,May 2000,May 2009,155115
342,343,Youkoso Jitsuryoku Shijou Shugi no Kyoushitsu e,8.80,Light Novel,14 vols,May 2015,Sep 2019,90597
343,344,Honzuki no Gekokujou: Shisho ni Naru Tame ni wa Shudan wo Erandeiraremasen,8.78,Light Novel,33 vols,Jan 2015,Dec 2023,17113
344,345,Kusuriya no Hitorigoto,8.77,Light Novel,unfinished,Aug 2014,unfinished,14723
345,346,Youkoso Jitsuryoku Shijou Shugi no Kyoushitsu e: 2-nensei-hen,8.77,Light Novel,15 vols,Jan 2020,Nov 2024,39292
346,347,"Jumyou wo Kaitotte Moratta. Ichinen ni Tsuki, Ichimanen de.",8.77,Manga,3 vols,Aug 2016,Oct 2017,175768
347,348,Dungeon Meshi,8.76,Manga,14 vols,Feb 2014,Sep 2023,93656
348,349,Hunter x Hunter,8.76,Manga,unfinished,Mar 1998,unfinished,290839
349,350,Uchuu Kyoudai,8.75,Manga,unfinished,Dec 2007,unfinished,37464
350,351,Berserk,9.47,Manga,unfinished,Aug 1989,unfinished,740803
351,352,JoJo no Kimyou na Bouken Part 7: Steel Ball Run,9.32,Manga,24 vols,Jan 2004,Apr 2011,287531
352,353,Vagabond,9.26,Manga,37 vols,Sep 1998,May 2015,417041
353,354,One Piece,9.22,Manga,unfinished,Jul 1997,unfinished,653920
354,355,Monster,9.16,Manga,18 vols,Dec 1994,Dec 2001,264525
355,356,Slam Dunk,9.08,Manga,31 vols,Sep 1990,Jun 1996,183607
356,357,Vinland Saga,9.08,Manga,unfinished,Apr 2005,unfinished,327368
357,358,Fullmetal Alchemist,9.04,Manga,27 vols,Jul 2001,Sep 2010,305613
358,359,Tian Guan Cifu,9.04,Novel,6 vols,Feb 2021,Mar 2022,14578
359,360,Guimi Zhi Zhu,9.03,Novel,18 vols,May 2020,Aug 2023,7977
360,361,Grand Blue,9.03,Manga,unfinished,Apr 2014,unfinished,185660
361,362,Omniscient Reader's Viewpoint,9.02,Novel,20 vols,Jan 2022,Sep 2023,20661
362,363,Kingdom,9.01,Manga,unfinished,Jan 2006,unfinished,183301
363,364,Oyasumi Punpun,8.99,Manga,13 vols,Mar 2007,Nov 2013,478622
364,365,Houseki no Kuni,8.97,Manga,13 vols,Oct 2012,Apr 2024,149302
365,366,Real,8.95,Manga,unfinished,Oct 1999,unfinished,97258
366,367,20th Century Boys,8.94,Manga,22 vols,Sep 1999,Apr 2006,283384
367,368,Ashita no Joe,8.94,Manga,20 vols,Jan 1968,May 1973,57009
368,369,Yotsuba to!,8.91,Manga,unfinished,Mar 2003,unfinished,164919
369,370,Monogatari Series: First Season,8.91,Light Novel,6 vols,Nov 2006,Jul 2010,61482
370,371,Mo Dao Zu Shi,8.91,Novel,4 vols,Dec 2016,Dec 2016,9225
371,372,Monogatari Series: Second Season,8.90,Light Novel,6 vols,Oct 2010,Dec 2011,24237
372,373,Umineko no Naku Koro ni Chiru - Episode 8: Twilight of the Golden Witch,8.90,Manga,9 vols,Jan 2012,Jun 2015,19024
373,374,Kaguya-sama wa Kokurasetai: Tensai-tachi no Renai Zunousen,8.89,Manga,28 vols,May 2015,Nov 2022,284123
374,375,Mikkakan no Koufuku,8.87,Novel,1 vols,Dec 2013,Dec 2013,34610
375,376,GTO,8.87,Manga,25 vols,Dec 1996,Jan 2002,178087
376,377,3-gatsu no Lion,8.86,Manga,unfinished,Jul 2007,unfinished,71950
377,378,Haikyuu!!,8.86,Manga,45 vols,Feb 2012,Jul 2020,228868
378,379,Tian Guan Cifu,8.85,Manhua,unfinished,Oct 2019,unfinished,14423
379,380,Koe no Katachi,8.85,Manga,7 vols,Aug 2013,Nov 2014,278550
380,381,Monogatari Series: Final Season,8.83,Light Novel,6 vols,Sep 2012,Sep 2014,19797
381,382,86,8.83,Light Novel,unfinished,Feb 2017,unfinished,44286
382,383,Sousou no Frieren,8.83,Manga,unfinished,Apr 2020,unfinished,142884
383,384,Akatsuki no Yona,8.82,Manga,unfinished,Aug 2009,unfinished,141842
384,385,Mushoku Tensei: Isekai Ittara Honki Dasu,8.82,Light Novel,26 vols,Jan 2014,Nov 2022,92475
385,386,Ookami to Koushinryou,8.82,Light Novel,unfinished,Feb 2006,unfinished,66465
386,387,Kaze no Tani no Nausicaä,8.81,Manga,7 vols,Oct 1982,Feb 1994,61920
387,388,Kokou no Hito,8.81,Manga,17 vols,Nov 2007,Oct 2011,125239
388,389,Re:Zero kara Hajimeru Isekai Seikatsu,8.81,Light Novel,unfinished,Jan 2014,unfinished,75018
389,390,Kaoru Hana wa Rin to Saku,8.81,Manga,unfinished,Oct 2021,unfinished,93777
390,391,The Greatest Estate Developer,8.81,Manhwa,unfinished,Jul 2021,unfinished,40982
391,392,Nana,8.80,Manga,21 vols,May 2000,May 2009,155115
392,393,Youkoso Jitsuryoku Shijou Shugi no Kyoushitsu e,8.80,Light Novel,14 vols,May 2015,Sep 2019,90597
393,394,Honzuki no Gekokujou: Shisho ni Naru Tame ni wa Shudan wo Erandeiraremasen,8.78,Light Novel,33 vols,Jan 2015,Dec 2023,17113
394,395,Kusuriya no Hitorigoto,8.77,Light Novel,unfinished,Aug 2014,unfinished,14723
395,396,Youkoso Jitsuryoku Shijou Shugi no Kyoushitsu e: 2-nensei-hen,8.77,Light Novel,15 vols,Jan 2020,Nov 2024,39292
396,397,"Jumyou wo Kaitotte Moratta. Ichinen ni Tsuki, Ichimanen de.",8.77,Manga,3 vols,Aug 2016,Oct 2017,175768
397,398,Dungeon Meshi,8.76,Manga,14 vols,Feb 2014,Sep 2023,93656
398,399,Hunter x Hunter,8.76,Manga,unfinished,Mar 1998,unfinished,290839
399,400,Uchuu Kyoudai,8.75,Manga,unfinished,Dec 2007,unfinished,37464
400,401,Berserk,9.47,Manga,unfinished,Aug 1989,unfinished,740803
401,402,JoJo no Kimyou na Bouken Part 7: Steel Ball Run,9.32,Manga,24 vols,Jan 2004,Apr 2011,287531
402,403,Vagabond,9.26,Manga,37 vols,Sep 1998,May 2015,417041
403,404,One Piece,9.22,Manga,unfinished,Jul 1997,unfinished,653920
404,405,Monster,9.16,Manga,18 vols,Dec 1994,Dec 2001,264525
405,406,Slam Dunk,9.08,Manga,31 vols,Sep 1990,Jun 1996,183607
406,407,Vinland Saga,9.08,Manga,unfinished,Apr 2005,unfinished,327368
407,408,Fullmetal Alchemist,9.04,Manga,27 vols,Jul 2001,Sep 2010,305613
408,409,Tian Guan Cifu,9.04,Novel,6 vols,Feb 2021,Mar 2022,14578
409,410,Guimi Zhi Zhu,9.03,Novel,18 vols,May 2020,Aug 2023,7977
410,411,Grand Blue,9.03,Manga,unfinished,Apr 2014,unfinished,185660
411,412,Omniscient Reader's Viewpoint,9.02,Novel,20 vols,Jan 2022,Sep 2023,20661
412,413,Kingdom,9.01,Manga,unfinished,Jan 2006,unfinished,183301
413,414,Oyasumi Punpun,8.99,Manga,13 vols,Mar 2007,Nov 2013,478622
414,415,Houseki no Kuni,8.97,Manga,13 vols,Oct 2012,Apr 2024,149302
415,416,Real,8.95,Manga,unfinished,Oct 1999,unfinished,97258
416,417,20th Century Boys,8.94,Manga,22 vols,Sep 1999,Apr 2006,283384
417,418,Ashita no Joe,8.94,Manga,20 vols,Jan 1968,May 1973,57009
418,419,Yotsuba to!,8.91,Manga,unfinished,Mar 2003,unfinished,164919
419,420,Monogatari Series: First Season,8.91,Light Novel,6 vols,Nov 2006,Jul 2010,61482
420,421,Mo Dao Zu Shi,8.91,Novel,4 vols,Dec 2016,Dec 2016,9225
421,422,Monogatari Series: Second Season,8.90,Light Novel,6 vols,Oct 2010,Dec 2011,24237
422,423,Umineko no Naku Koro ni Chiru - Episode 8: Twilight of the Golden Witch,8.90,Manga,9 vols,Jan 2012,Jun 2015,19024
423,424,Kaguya-sama wa Kokurasetai: Tensai-tachi no Renai Zunousen,8.89,Manga,28 vols,May 2015,Nov 2022,284123
424,425,Mikkakan no Koufuku,8.87,Novel,1 vols,Dec 2013,Dec 2013,34610
425,426,GTO,8.87,Manga,25 vols,Dec 1996,Jan 2002,178087
426,427,3-gatsu no Lion,8.86,Manga,unfinished,Jul 2007,unfinished,71950
427,428,Haikyuu!!,8.86,Manga,45 vols,Feb 2012,Jul 2020,228868
428,429,Tian Guan Cifu,8.85,Manhua,unfinished,Oct 2019,unfinished,14423
429,430,Koe no Katachi,8.85,Manga,7 vols,Aug 2013,Nov 2014,278550
430,431,Monogatari Series: Final Season,8.83,Light Novel,6 vols,Sep 2012,Sep 2014,19797
431,432,86,8.83,Light Novel,unfinished,Feb 2017,unfinished,44286
432,433,Sousou no Frieren,8.83,Manga,unfinished,Apr 2020,unfinished,142884
433,434,Akatsuki no Yona,8.82,Manga,unfinished,Aug 2009,unfinished,141842
434,435,Mushoku Tensei: Isekai Ittara Honki Dasu,8.82,Light Novel,26 vols,Jan 2014,Nov 2022,92475
435,436,Ookami to Koushinryou,8.82,Light Novel,unfinished,Feb 2006,unfinished,66465
436,437,Kaze no Tani no Nausicaä,8.81,Manga,7 vols,Oct 1982,Feb 1994,61920
437,438,Kokou no Hito,8.81,Manga,17 vols,Nov 2007,Oct 2011,125239
438,439,Re:Zero kara Hajimeru Isekai Seikatsu,8.81,Light Novel,unfinished,Jan 2014,unfinished,75018
439,440,Kaoru Hana wa Rin to Saku,8.81,Manga,unfinished,Oct 2021,unfinished,93777
440,441,The Greatest Estate Developer,8.81,Manhwa,unfinished,Jul 2021,unfinished,40982
441,442,Nana,8.80,Manga,21 vols,May 2000,May 2009,155115
442,443,Youkoso Jitsuryoku Shijou Shugi no Kyoushitsu e,8.80,Light Novel,14 vols,May 2015,Sep 2019,90597
443,444,Honzuki no Gekokujou: Shisho ni Naru Tame ni wa Shudan wo Erandeiraremasen,8.78,Light Novel,33 vols,Jan 2015,Dec 2023,17113
444,445,Kusuriya no Hitorigoto,8.77,Light Novel,unfinished,Aug 2014,unfinished,14723
445,446,Youkoso Jitsuryoku Shijou Shugi no Kyoushitsu e: 2-nensei-hen,8.77,Light Novel,15 vols,Jan 2020,Nov 2024,39292
446,447,"Jumyou wo Kaitotte Moratta. Ichinen ni Tsuki, Ichimanen de.",8.77,Manga,3 vols,Aug 2016,Oct 2017,175768
447,448,Dungeon Meshi,8.76,Manga,14 vols,Feb 2014,Sep 2023,93656
448,449,Hunter x Hunter,8.76,Manga,unfinished,Mar 1998,unfinished,290839
449,450,Uchuu Kyoudai,8.75,Manga,unfinished,Dec 2007,unfinished,37464
450,451,Berserk,9.47,Manga,unfinished,Aug 1989,unfinished,740803
451,452,JoJo no Kimyou na Bouken Part 7: Steel Ball Run,9.32,Manga,24 vols,Jan 2004,Apr 2011,287531
452,453,Vagabond,9.26,Manga,37 vols,Sep 1998,May 2015,417041
453,454,One Piece,9.22,Manga,unfinished,Jul 1997,unfinished,653920
454,455,Monster,9.16,Manga,18 vols,Dec 1994,Dec 2001,264525
455,456,Slam Dunk,9.08,Manga,31 vols,Sep 1990,Jun 1996,183607
456,457,Vinland Saga,9.08,Manga,unfinished,Apr 2005,unfinished,327368
457,458,Fullmetal Alchemist,9.04,Manga,27 vols,Jul 2001,Sep 2010,305613
458,459,Tian Guan Cifu,9.04,Novel,6 vols,Feb 2021,Mar 2022,14578
459,460,Guimi Zhi Zhu,9.03,Novel,18 vols,May 2020,Aug 2023,7977
460,461,Grand Blue,9.03,Manga,unfinished,Apr 2014,unfinished,185660
461,462,Omniscient Reader's Viewpoint,9.02,Novel,20 vols,Jan 2022,Sep 2023,20661
462,463,Kingdom,9.01,Manga,unfinished,Jan 2006,unfinished,183301
463,464,Oyasumi Punpun,8.99,Manga,13 vols,Mar 2007,Nov 2013,478622
464,465,Houseki no Kuni,8.97,Manga,13 vols,Oct 2012,Apr 2024,149302
465,466,Real,8.95,Manga,unfinished,Oct 1999,unfinished,97258
466,467,20th Century Boys,8.94,Manga,22 vols,Sep 1999,Apr 2006,283384
467,468,Ashita no Joe,8.94,Manga,20 vols,Jan 1968,May 1973,57009
468,469,Yotsuba to!,8.91,Manga,unfinished,Mar 2003,unfinished,164919
469,470,Monogatari Series: First Season,8.91,Light Novel,6 vols,Nov 2006,Jul 2010,61482
470,471,Mo Dao Zu Shi,8.91,Novel,4 vols,Dec 2016,Dec 2016,9225
471,472,Monogatari Series: Second Season,8.90,Light Novel,6 vols,Oct 2010,Dec 2011,24237
472,473,Umineko no Naku Koro ni Chiru - Episode 8: Twilight of the Golden Witch,8.90,Manga,9 vols,Jan 2012,Jun 2015,19024
473,474,Kaguya-sama wa Kokurasetai: Tensai-tachi no Renai Zunousen,8.89,Manga,28 vols,May 2015,Nov 2022,284123
474,475,Mikkakan no Koufuku,8.87,Novel,1 vols,Dec 2013,Dec 2013,34610
475,476,GTO,8.87,Manga,25 vols,Dec 1996,Jan 2002,178087
476,477,3-gatsu no Lion,8.86,Manga,unfinished,Jul 2007,unfinished,71950
477,478,Haikyuu!!,8.86,Manga,45 vols,Feb 2012,Jul 2020,228868
478,479,Tian Guan Cifu,8.85,Manhua,unfinished,Oct 2019,unfinished,14423
479,480,Koe no Katachi,8.85,Manga,7 vols,Aug 2013,Nov 2014,278550
480,481,Monogatari Series: Final Season,8.83,Light Novel,6 vols,Sep 2012,Sep 2014,19797
481,482,86,8.83,Light Novel,unfinished,Feb 2017,unfinished,44286
482,483,Sousou no Frieren,8.83,Manga,unfinished,Apr 2020,unfinished,142884
483,484,Akatsuki no Yona,8.82,Manga,unfinished,Aug 2009,unfinished,141842
484,485,Mushoku Tensei: Isekai Ittara Honki Dasu,8.82,Light Novel,26 vols,Jan 2014,Nov 2022,92475
485,486,Ookami to Koushinryou,8.82,Light Novel,unfinished,Feb 2006,unfinished,66465
486,487,Kaze no Tani no Nausicaä,8.81,Manga,7 vols,Oct 1982,Feb 1994,61920
487,488,Kokou no Hito,8.81,Manga,17 vols,Nov 2007,Oct 2011,125239
488,489,Re:Zero kara Hajimeru Isekai Seikatsu,8.81,Light Novel,unfinished,Jan 2014,unfinished,75018
489,490,Kaoru Hana wa Rin to Saku,8.81,Manga,unfinished,Oct 2021,unfinished,93777
490,491,The Greatest Estate Developer,8.81,Manhwa,unfinished,Jul 2021,unfinished,40982
491,492,Nana,8.80,Manga,21 vols,May 2000,May 2009,155115
492,493,Youkoso Jitsuryoku Shijou Shugi no Kyoushitsu e,8.80,Light Novel,14 vols,May 2015,Sep 2019,90597
493,494,Honzuki no Gekokujou: Shisho ni Naru Tame ni wa Shudan wo Erandeiraremasen,8.78,Light Novel,33 vols,Jan 2015,Dec 2023,17113
494,495,Kusuriya no Hitorigoto,8.77,Light Novel,unfinished,Aug 2014,unfinished,14723
495,496,Youkoso Jitsuryoku Shijou Shugi no Kyoushitsu e: 2-nensei-hen,8.77,Light Novel,15 vols,Jan 2020,Nov 2024,39292
496,497,"Jumyou wo Kaitotte Moratta. Ichinen ni Tsuki, Ichimanen de.",8.77,Manga,3 vols,Aug 2016,Oct 2017,175768
497,498,Dungeon Meshi,8.76,Manga,14 vols,Feb 2014,Sep 2023,93656
498,499,Hunter x Hunter,8.76,Manga,unfinished,Mar 1998,unfinished,290839
499,500,Uchuu Kyoudai,8.75,Manga,unfinished,Dec 2007,unfinished,37464
500,501,Berserk,9.47,Manga,unfinished,Aug 1989,unfinished,740803
501,502,JoJo no Kimyou na Bouken Part 7: Steel Ball Run,9.32,Manga,24 vols,Jan 2004,Apr 2011,287531
502,503,Vagabond,9.26,Manga,37 vols,Sep 1998,May 2015,417041
503,504,One Piece,9.22,Manga,unfinished,Jul 1997,unfinished,653920
504,505,Monster,9.16,Manga,18 vols,Dec 1994,Dec 2001,264525
505,506,Slam Dunk,9.08,Manga,31 vols,Sep 1990,Jun 1996,183607
506,507,Vinland Saga,9.08,Manga,unfinished,Apr 2005,unfinished,327368
507,508,Fullmetal Alchemist,9.04,Manga,27 vols,Jul 2001,Sep 2010,305613
508,509,Tian Guan Cifu,9.04,Novel,6 vols,Feb 2021,Mar 2022,14578
509,510,Guimi Zhi Zhu,9.03,Novel,18 vols,May 2020,Aug 2023,7977
510,511,Grand Blue,9.03,Manga,unfinished,Apr 2014,unfinished,185660
511,512,Omniscient Reader's Viewpoint,9.02,Novel,20 vols,Jan 2022,Sep 2023,20661
512,513,Kingdom,9.01,Manga,unfinished,Jan 2006,unfinished,183301
513,514,Oyasumi Punpun,8.99,Manga,13 vols,Mar 2007,Nov 2013,478622
514,515,Houseki no Kuni,8.97,Manga,13 vols,Oct 2012,Apr 2024,149302
515,516,Real,8.95,Manga,unfinished,Oct 1999,unfinished,97258
516,517,20th Century Boys,8.94,Manga,22 vols,Sep 1999,Apr 2006,283384
517,518,Ashita no Joe,8.94,Manga,20 vols,Jan 1968,May 1973,57009
518,519,Yotsuba to!,8.91,Manga,unfinished,Mar 2003,unfinished,164919
519,520,Monogatari Series: First Season,8.91,Light Novel,6 vols,Nov 2006,Jul 2010,61482
520,521,Mo Dao Zu Shi,8.91,Novel,4 vols,Dec 2016,Dec 2016,9225
521,522,Monogatari Series: Second Season,8.90,Light Novel,6 vols,Oct 2010,Dec 2011,24237
522,523,Umineko no Naku Koro ni Chiru - Episode 8: Twilight of the Golden Witch,8.90,Manga,9 vols,Jan 2012,Jun 2015,19024
523,524,Kaguya-sama wa Kokurasetai: Tensai-tachi no Renai Zunousen,8.89,Manga,28 vols,May 2015,Nov 2022,284123
524,525,Mikkakan no Koufuku,8.87,Novel,1 vols,Dec 2013,Dec 2013,34610
525,526,GTO,8.87,Manga,25 vols,Dec 1996,Jan 2002,178087
526,527,3-gatsu no Lion,8.86,Manga,unfinished,Jul 2007,unfinished,71950
527,528,Haikyuu!!,8.86,Manga,45 vols,Feb 2012,Jul 2020,228868
528,529,Tian Guan Cifu,8.85,Manhua,unfinished,Oct 2019,unfinished,14423
529,530,Koe no Katachi,8.85,Manga,7 vols,Aug 2013,Nov 2014,278550
530,531,Monogatari Series: Final Season,8.83,Light Novel,6 vols,Sep 2012,Sep 2014,19797
531,532,86,8.83,Light Novel,unfinished,Feb 2017,unfinished,44286
532,533,Sousou no Frieren,8.83,Manga,unfinished,Apr 2020,unfinished,142884
533,534,Akatsuki no Yona,8.82,Manga,unfinished,Aug 2009,unfinished,141842
534,535,Mushoku Tensei: Isekai Ittara Honki Dasu,8.82,Light Novel,26 vols,Jan 2014,Nov 2022,92475
535,536,Ookami to Koushinryou,8.82,Light Novel,unfinished,Feb 2006,unfinished,66465
536,537,Kaze no Tani no Nausicaä,8.81,Manga,7 vols,Oct 1982,Feb 1994,61920
537,538,Kokou no Hito,8.81,Manga,17 vols,Nov 2007,Oct 2011,125239
538,539,Re:Zero kara Hajimeru Isekai Seikatsu,8.81,Light Novel,unfinished,Jan 2014,unfinished,75018
539,540,Kaoru Hana wa Rin to Saku,8.81,Manga,unfinished,Oct 2021,unfinished,93777
540,541,The Greatest Estate Developer,8.81,Manhwa,unfinished,Jul 2021,unfinished,40982
541,542,Nana,8.80,Manga,21 vols,May 2000,May 2009,155115
542,543,Youkoso Jitsuryoku Shijou Shugi no Kyoushitsu e,8.80,Light Novel,14 vols,May 2015,Sep 2019,90597
543,544,Honzuki no Gekokujou: Shisho ni Naru Tame ni wa Shudan wo Erandeiraremasen,8.78,Light Novel,33 vols,Jan 2015,Dec 2023,17113
544,545,Kusuriya no Hitorigoto,8.77,Light Novel,unfinished,Aug 2014,unfinished,14723
545,546,Youkoso Jitsuryoku Shijou Shugi no Kyoushitsu e: 2-nensei-hen,8.77,Light Novel,15 vols,Jan 2020,Nov 2024,39292
546,547,"Jumyou wo Kaitotte Moratta. Ichinen ni Tsuki, Ichimanen de.",8.77,Manga,3 vols,Aug 2016,Oct 2017,175768
547,548,Dungeon Meshi,8.76,Manga,14 vols,Feb 2014,Sep 2023,93656
548,549,Hunter x Hunter,8.76,Manga,unfinished,Mar 1998,unfinished,290839
549,550,Uchuu Kyoudai,8.75,Manga,unfinished,Dec 2007,unfinished,37464
550,551,Berserk,9.47,Manga,unfinished,Aug 1989,unfinished,740803
551,552,JoJo no Kimyou na Bouken Part 7: Steel Ball Run,9.32,Manga,24 vols,Jan 2004,Apr 2011,287531
552,553,Vagabond,9.26,Manga,37 vols,Sep 1998,May 2015,417041
553,554,One Piece,9.22,Manga,unfinished,Jul 1997,unfinished,653920
554,555,Monster,9.16,Manga,18 vols,Dec 1994,Dec 2001,264525
555,556,Slam Dunk,9.08,Manga,31 vols,Sep 1990,Jun 1996,183607
556,557,Vinland Saga,9.08,Manga,unfinished,Apr 2005,unfinished,327368
557,558,Fullmetal Alchemist,9.04,Manga,27 vols,Jul 2001,Sep 2010,305613
558,559,Tian Guan Cifu,9.04,Novel,6 vols,Feb 2021,Mar 2022,14578
559,560,Guimi Zhi Zhu,9.03,Novel,18 vols,May 2020,Aug 2023,7977
560,561,Grand Blue,9.03,Manga,unfinished,Apr 2014,unfinished,185660
561,562,Omniscient Reader's Viewpoint,9.02,Novel,20 vols,Jan 2022,Sep 2023,20661
562,563,Kingdom,9.01,Manga,unfinished,Jan 2006,unfinished,183301
563,564,Oyasumi Punpun,8.99,Manga,13 vols,Mar 2007,Nov 2013,478622
564,565,Houseki no Kuni,8.97,Manga,13 vols,Oct 2012,Apr 2024,149302
565,566,Real,8.95,Manga,unfinished,Oct 1999,unfinished,97258
566,567,20th Century Boys,8.94,Manga,22 vols,Sep 1999,Apr 2006,283384
567,568,Ashita no Joe,8.94,Manga,20 vols,Jan 1968,May 1973,57009
568,569,Yotsuba to!,8.91,Manga,unfinished,Mar 2003,unfinished,164919
569,570,Monogatari Series: First Season,8.91,Light Novel,6 vols,Nov 2006,Jul 2010,61482
570,571,Mo Dao Zu Shi,8.91,Novel,4 vols,Dec 2016,Dec 2016,9225
571,572,Monogatari Series: Second Season,8.90,Light Novel,6 vols,Oct 2010,Dec 2011,24237
572,573,Umineko no Naku Koro ni Chiru - Episode 8: Twilight of the Golden Witch,8.90,Manga,9 vols,Jan 2012,Jun 2015,19024
573,574,Kaguya-sama wa Kokurasetai: Tensai-tachi no Renai Zunousen,8.89,Manga,28 vols,May 2015,Nov 2022,284123
574,575,Mikkakan no Koufuku,8.87,Novel,1 vols,Dec 2013,Dec 2013,34610
575,576,GTO,8.87,Manga,25 vols,Dec 1996,Jan 2002,178087
576,577,3-gatsu no Lion,8.86,Manga,unfinished,Jul 2007,unfinished,71950
577,578,Haikyuu!!,8.86,Manga,45 vols,Feb 2012,Jul 2020,228868
578,579,Tian Guan Cifu,8.85,Manhua,unfinished,Oct 2019,unfinished,14423
579,580,Koe no Katachi,8.85,Manga,7 vols,Aug 2013,Nov 2014,278550
580,581,Monogatari Series: Final Season,8.83,Light Novel,6 vols,Sep 2012,Sep 2014,19797
581,582,86,8.83,Light Novel,unfinished,Feb 2017,unfinished,44286
582,583,Sousou no Frieren,8.83,Manga,unfinished,Apr 2020,unfinished,142884
583,584,Akatsuki no Yona,8.82,Manga,unfinished,Aug 2009,unfinished,141842
584,585,Mushoku Tensei: Isekai Ittara Honki Dasu,8.82,Light Novel,26 vols,Jan 2014,Nov 2022,92475
585,586,Ookami to Koushinryou,8.82,Light Novel,unfinished,Feb 2006,unfinished,66465
586,587,Kaze no Tani no Nausicaä,8.81,Manga,7 vols,Oct 1982,Feb 1994,61920
587,588,Kokou no Hito,8.81,Manga,17 vols,Nov 2007,Oct 2011,125239
588,589,Re:Zero kara Hajimeru Isekai Seikatsu,8.81,Light Novel,unfinished,Jan 2014,unfinished,75018
589,590,Kaoru Hana wa Rin to Saku,8.81,Manga,unfinished,Oct 2021,unfinished,93777
590,591,The Greatest Estate Developer,8.81,Manhwa,unfinished,Jul 2021,unfinished,40982
591,592,Nana,8.80,Manga,21 vols,May 2000,May 2009,155115
592,593,Youkoso Jitsuryoku Shijou Shugi no Kyoushitsu e,8.80,Light Novel,14 vols,May 2015,Sep 2019,90597
593,594,Honzuki no Gekokujou: Shisho ni Naru Tame ni wa Shudan wo Erandeiraremasen,8.78,Light Novel,33 vols,Jan 2015,Dec 2023,17113
594,595,Kusuriya no Hitorigoto,8.77,Light Novel,unfinished,Aug 2014,unfinished,14723
595,596,Youkoso Jitsuryoku Shijou Shugi no Kyoushitsu e: 2-nensei-hen,8.77,Light Novel,15 vols,Jan 2020,Nov 2024,39292
596,597,"Jumyou wo Kaitotte Moratta. Ichinen ni Tsuki, Ichimanen de.",8.77,Manga,3 vols,Aug 2016,Oct 2017,175768
597,598,Dungeon Meshi,8.76,Manga,14 vols,Feb 2014,Sep 2023,93656
598,599,Hunter x Hunter,8.76,Manga,unfinished,Mar 1998,unfinished,290839
599,600,Uchuu Kyoudai,8.75,Manga,unfinished,Dec 2007,unfinished,37464
600,601,Berserk,9.47,Manga,unfinished,Aug 1989,unfinished,740803
601,602,JoJo no Kimyou na Bouken Part 7: Steel Ball Run,9.32,Manga,24 vols,Jan 2004,Apr 2011,287531
602,603,Vagabond,9.26,Manga,37 vols,Sep 1998,May 2015,417041
603,604,One Piece,9.22,Manga,unfinished,Jul 1997,unfinished,653920
604,605,Monster,9.16,Manga,18 vols,Dec 1994,Dec 2001,264525
605,606,Slam Dunk,9.08,Manga,31 vols,Sep 1990,Jun 1996,183607
606,607,Vinland Saga,9.08,Manga,unfinished,Apr 2005,unfinished,327368
607,608,Fullmetal Alchemist,9.04,Manga,27 vols,Jul 2001,Sep 2010,305613
608,609,Tian Guan Cifu,9.04,Novel,6 vols,Feb 2021,Mar 2022,14578
609,610,Guimi Zhi Zhu,9.03,Novel,18 vols,May 2020,Aug 2023,7977
610,611,Grand Blue,9.03,Manga,unfinished,Apr 2014,unfinished,185660
611,612,Omniscient Reader's Viewpoint,9.02,Novel,20 vols,Jan 2022,Sep 2023,20661
612,613,Kingdom,9.01,Manga,unfinished,Jan 2006,unfinished,183301
613,614,Oyasumi Punpun,8.99,Manga,13 vols,Mar 2007,Nov 2013,478622
614,615,Houseki no Kuni,8.97,Manga,13 vols,Oct 2012,Apr 2024,149302
615,616,Real,8.95,Manga,unfinished,Oct 1999,unfinished,97258
616,617,20th Century Boys,8.94,Manga,22 vols,Sep 1999,Apr 2006,283384
617,618,Ashita no Joe,8.94,Manga,20 vols,Jan 1968,May 1973,57009
618,619,Yotsuba to!,8.91,Manga,unfinished,Mar 2003,unfinished,164919
619,620,Monogatari Series: First Season,8.91,Light Novel,6 vols,Nov 2006,Jul 2010,61482
620,621,Mo Dao Zu Shi,8.91,Novel,4 vols,Dec 2016,Dec 2016,9225
621,622,Monogatari Series: Second Season,8.90,Light Novel,6 vols,Oct 2010,Dec 2011,24237
622,623,Umineko no Naku Koro ni Chiru - Episode 8: Twilight of the Golden Witch,8.90,Manga,9 vols,Jan 2012,Jun 2015,19024
623,624,Kaguya-sama wa Kokurasetai: Tensai-tachi no Renai Zunousen,8.89,Manga,28 vols,May 2015,Nov 2022,284123
624,625,Mikkakan no Koufuku,8.87,Novel,1 vols,Dec 2013,Dec 2013,34610
625,626,GTO,8.87,Manga,25 vols,Dec 1996,Jan 2002,178087
626,627,3-gatsu no Lion,8.86,Manga,unfinished,Jul 2007,unfinished,71950
627,628,Haikyuu!!,8.86,Manga,45 vols,Feb 2012,Jul 2020,228868
628,629,Tian Guan Cifu,8.85,Manhua,unfinished,Oct 2019,unfinished,14423
629,630,Koe no Katachi,8.85,Manga,7 vols,Aug 2013,Nov 2014,278550
630,631,Monogatari Series: Final Season,8.83,Light Novel,6 vols,Sep 2012,Sep 2014,19797
631,632,86,8.83,Light Novel,unfinished,Feb 2017,unfinished,44286
632,633,Sousou no Frieren,8.83,Manga,unfinished,Apr 2020,unfinished,142884
633,634,Akatsuki no Yona,8.82,Manga,unfinished,Aug 2009,unfinished,141842
634,635,Mushoku Tensei: Isekai Ittara Honki Dasu,8.82,Light Novel,26 vols,Jan 2014,Nov 2022,92475
635,636,Ookami to Koushinryou,8.82,Light Novel,unfinished,Feb 2006,unfinished,66465
636,637,Kaze no Tani no Nausicaä,8.81,Manga,7 vols,Oct 1982,Feb 1994,61920
637,638,Kokou no Hito,8.81,Manga,17 vols,Nov 2007,Oct 2011,125239
638,639,Re:Zero kara Hajimeru Isekai Seikatsu,8.81,Light Novel,unfinished,Jan 2014,unfinished,75018
639,640,Kaoru Hana wa Rin to Saku,8.81,Manga,unfinished,Oct 2021,unfinished,93777
640,641,The Greatest Estate Developer,8.81,Manhwa,unfinished,Jul 2021,unfinished,40982
641,642,Nana,8.80,Manga,21 vols,May 2000,May 2009,155115
642,643,Youkoso Jitsuryoku Shijou Shugi no Kyoushitsu e,8.80,Light Novel,14 vols,May 2015,Sep 2019,90597
643,644,Honzuki no Gekokujou: Shisho ni Naru Tame ni wa Shudan wo Erandeiraremasen,8.78,Light Novel,33 vols,Jan 2015,Dec 2023,17113
644,645,Kusuriya no Hitorigoto,8.77,Light Novel,unfinished,Aug 2014,unfinished,14723
645,646,Youkoso Jitsuryoku Shijou Shugi no Kyoushitsu e: 2-nensei-hen,8.77,Light Novel,15 vols,Jan 2020,Nov 2024,39292
646,647,"Jumyou wo Kaitotte Moratta. Ichinen ni Tsuki, Ichimanen de.",8.77,Manga,3 vols,Aug 2016,Oct 2017,175768
647,648,Dungeon Meshi,8.76,Manga,14 vols,Feb 2014,Sep 2023,93656
648,649,Hunter x Hunter,8.76,Manga,unfinished,Mar 1998,unfinished,290839
649,650,Uchuu Kyoudai,8.75,Manga,unfinished,Dec 2007,unfinished,37464
