FilmID,Title,ReleaseDate,DirectorID,StudioID,CountryID,LanguageID,GenreID,RunTimeMinutes,CertificateID,BudgetDollars,BoxOfficeDollars,OscarNominations,OscarWins
1,Jurassic Park,11-06-1993,4,41,241,1,8,126,2,63000000,1029939903,3,3
2,Spider-Man,03-05-2002,11,53,241,1,4,121,4,140000000,821708551,2,0
3,King Kong,14-12-2005,12,42,167,1,8,187,4,207000000,550500000,4,3
5,Superman Returns,14-07-2006,14,43,241,1,4,154,4,204000000,391081192,1,0
6,Titanic,23-01-1998,15,4,241,1,6,194,3,200000000,2186772302,14,11
7,Evan Almighty,22-06-2007,16,44,241,1,7,96,2,175000000,173418781,0,0
8,Waterworld,28-07-1995,17,45,241,1,8,135,3,175000000,264218220,1,0
9,Pearl Harbor,21-05-2001,18,7,241,1,5,183,3,140000000,449220945,4,1
10,Transformers,03-07-2007,18,46,241,1,3,144,4,150000000,709709780,3,0
11,Harry Potter and the Order of the Phoenix,11-07-2007,19,47,240,1,12,138,4,150000000,939885929,0,0
12,Beowulf,16-11-2007,20,48,241,1,12,115,4,150000000,196393745,0,0
13,Bee Movie,02-11-2007,21,8,241,1,11,91,1,150000000,287594577,0,0
14,Pirates of the Caribbean: At World's End,25-05-2007,22,3,241,1,8,168,4,300000000,963420425,2,0
15,I Am Legend,14-12-2007,23,49,241,1,10,100,5,150000000,585349010,0,0
16,Ratatouille,22-06-2007,24,3,241,1,11,111,1,150000000,623722818,5,1
17,Troy,14-05-2004,25,50,241,1,8,162,5,175000000,497409852,1,0
18,Harry Potter and the Goblet of Fire,06-11-2005,26,47,240,1,12,156,4,150000000,896911078,1,0
19,Batman Begins,15-06-2005,27,43,241,1,4,141,4,150000000,374218673,1,0
20,Charlie and the Chocolate Factory,15-07-2005,28,49,241,1,12,115,2,150000000,474968763,1,0
21,Pirates of the Caribbean: Dead Man's Chest,06-07-2006,22,3,241,1,8,151,4,225000000,1066179725,4,1
22,Die Another Day,20-11-2002,29,51,240,1,9,133,4,142000000,431971116,0,0
23,Lethal Weapon 4,10-07-1998,30,52,241,1,4,127,5,100000000,285444603,0,0
24,Armageddon,01-07-1998,18,7,241,1,3,151,3,140000000,553709788,4,0
25,Men in Black II,03-07-2002,31,41,241,1,3,89,2,140000000,441818803,0,0
26,Spider-Man 3,04-05-2007,11,53,241,1,4,139,4,258000000,890871626,0,0
27,Spider-Man 2,30-06-2004,11,53,241,1,4,127,4,200000000,783766341,3,1
28,Stealth,05-08-2005,32,54,241,1,4,121,4,135000000,76932872,0,0
29,Final Fantasy: The Spirits Within,03-08-2001,33,55,241,1,11,106,2,137000000,85131830,0,0
30,Miami Vice,28-07-2006,34,1,241,1,9,134,5,135000000,163794509,0,0
31,The World Is Not Enough,26-11-1999,35,51,240,1,9,128,3,135000000,361832400,0,0
32,Master and Commander: The Far Side of the World,14-11-2003,36,4,241,1,8,138,4,150000000,212011111,10,2
33,War of the Worlds,29-06-2005,4,41,241,1,3,116,4,132000000,591745540,3,0
34,The Bourne Ultimatum,17-08-2007,37,56,241,1,9,115,4,110000000,442824138,3,3
35,Harry Potter and the Prisoner of Azkaban,31-05-2004,38,47,240,1,12,141,2,130000000,796688549,2,0
36,The Matrix Reloaded,15-05-2003,39,49,241,1,3,138,5,150000000,742128461,0,0
37,The Da Vinci Code,19-05-2006,40,20,241,1,18,146,4,125000000,758239851,0,0
38,Harry Potter and the Philosopher's Stone,16-11-2001,41,47,240,1,12,152,2,125000000,974800000,3,0
39,The Day After Tomorrow,26-05-2004,42,57,241,1,9,124,4,125000000,542772402,0,0
40,Pirates of the Caribbean: Curse of the Black Pearl,09-07-2003,22,3,241,1,8,135,3,140000000,654264015,5,0
41,The Last Samurai,05-12-2003,43,58,241,1,8,154,5,140000000,456758981,4,0
42,The Perfect Storm,30-06-2000,25,6,241,1,8,130,3,120000000,328718434,2,0
43,Mission: Impossible III,04-05-2006,44,59,241,1,9,125,4,150000000,397850012,0,0
44,Mission: Impossible II,24-05-2000,45,59,241,1,9,123,5,125000000,546388105,0,0
45,Windtalkers,30-08-2002,45,60,241,1,5,134,5,115000000,77628265,0,0
46,Star Wars: Episode II - Attack of the Clones,16-05-2002,7,13,241,1,3,142,2,115000000,649400000,1,0
47,"Monsters, Inc.",08-02-2002,46,10,241,1,11,92,1,115000000,562800000,4,1
48,Star Wars: Episode I - The Phantom Menace,19-05-1999,7,13,241,1,3,133,1,115000000,1027000000,3,0
49,Star Wars: Episode III - Revenge of the Sith,19-05-2005,7,13,241,1,3,140,4,113000000,848800000,1,0
50,The Matrix Revolutions,05-11-2003,39,49,241,1,3,129,5,150000000,427343298,0,0
51,Tomorrow Never Dies,12-12-1997,47,51,240,1,9,119,3,110000000,333011068,0,0
52,Ocean's Eleven,15-02-2002,48,61,241,1,14,117,3,85000000,450717150,0,0
53,Live Free or Die Hard,27-06-2007,49,62,241,1,4,130,5,110000000,383500000,0,0
54,Around the World in 80 Days,16-06-2004,50,63,241,1,8,120,2,110000000,72178895,0,0
55,Kingdom of Heaven,06-05-2005,51,64,241,1,8,144,5,130000000,211398413,0,0
56,Mr. & Mrs. Smith,10-06-2005,52,65,241,1,4,120,5,110000000,478336279,0,0
57,The Aviator,25-12-2004,9,66,241,1,19,170,4,110000000,214608827,11,5
58,Ali,25-12-2001,34,67,241,1,19,157,5,107000000,87713825,0,0
59,The Lord of the Rings: Fellowship of the Ring,19-12-2001,12,42,167,1,12,178,2,93000000,871530324,13,4
60,"I, Robot",15-07-2004,53,68,241,1,3,115,4,120000000,347234916,1,0
61,Casino Royale,14-11-2006,54,51,240,1,9,144,4,150000000,599000000,0,0
62,Minority Report,04-07-2002,4,41,241,1,3,145,3,102000000,358300000,1,0
63,Terminator 2: Judgement Day,16-08-1991,15,15,241,1,3,136,5,100000000,516816151,4,6
64,Catwoman,13-08-2004,55,49,241,1,4,104,4,100000000,82102379,0,0
65,Harry Potter and the Chamber of Secrets,15-11-2002,41,47,240,1,12,155,2,100000000,878979634,0,0
66,American Gangster,16-11-2007,51,20,241,1,19,158,6,100000000,266465037,2,0
67,Blood Diamond,08-12-2006,43,69,241,1,8,143,5,100000000,171407179,5,0
68,Gladiator,05-05-2000,51,64,241,1,8,155,5,103000000,457600000,12,5
69,True Lies,15-07-1994,15,70,241,1,9,141,5,100000000,378882411,1,0
70,Gangs of New York,20-12-2002,9,7,241,1,2,160,6,97000000,193772504,10,0
71,Black Hawk Down,18-01-2002,51,19,241,1,5,144,5,92000000,172989651,4,2
72,The Fifth Element,07-05-1997,56,18,79,1,3,127,2,90000000,263920180,1,0
73,The Lord of the Rings: Return of the King,17-12-2003,12,42,167,1,12,201,4,94000000,1119929521,11,11
74,The Lord of the Rings: The Two Towers,18-12-2002,12,42,167,1,12,179,4,94000000,926047111,6,2
75,Rush Hour 3,10-08-2007,57,71,241,1,17,91,4,140000000,258022233,0,0
76,Rush Hour 2,03-08-2001,57,14,241,1,17,90,3,90000000,347425832,0,0
77,Men in Black,02-07-1997,31,41,241,1,3,98,2,90000000,589390539,3,1
78,The Departed,06-10-2006,9,6,241,1,9,151,6,90000000,289847354,5,4
79,Die Hard: With A Vengeance,18-08-1995,58,72,241,1,4,131,5,90000000,366101666,0,0
80,Cinderella Man,09-09-2005,40,20,241,1,2,144,4,88000000,108539911,3,0
81,The Bourne Supremacy,23-07-2004,37,56,241,1,9,108,4,75000000,288500000,0,0
82,Last Action Hero,30-07-1993,58,5,241,1,4,130,5,85000000,137298489,0,0
83,Cast Away,12-01-2001,20,9,241,1,2,143,3,85000000,427230516,2,0
84,Ocean's Twelve,04-02-2005,48,61,241,1,14,125,4,110000000,362744280,0,0
85,Click,29-09-2006,50,19,241,1,7,107,4,82500000,237681299,1,0
86,Bruce Almighty,23-05-2003,16,44,241,1,7,101,4,81000000,484592874,0,0
87,Mission: Impossible,22-05-1996,59,59,241,1,9,110,2,80000000,457696359,0,0
88,Deep Impact,08-05-1998,60,8,241,1,3,121,3,80000000,349464664,0,0
89,Road to Perdition,12-07-2002,61,73,241,1,14,117,5,80000000,181000000,6,1
90,A Beautiful Mind,21-12-2001,40,20,241,1,2,135,3,58000000,313542341,8,4
91,Children of Men,22-09-2006,38,74,241,1,3,109,5,76000000,69900000,3,0
92,Munich,23-12-2005,4,41,241,1,2,163,5,77000000,130358911,5,0
93,Independence Day,02-07-1996,42,57,241,1,3,145,3,75000000,817400891,2,1
94,X-Men,18-08-2000,14,4,241,1,4,104,3,75000000,296339527,0,0
95,X2,02-05-2003,14,4,241,1,4,134,4,110000000,407711549,0,0
96,The Rock,07-06-1996,18,75,241,1,9,136,5,75000000,335100000,1,0
97,Constantine,18-02-2005,23,49,241,1,9,121,5,100000000,230884728,0,0
98,Unbreakable,29-12-2000,62,7,241,1,2,106,3,75000000,248118121,0,0
99,Talladega Nights: The Ballad of Ricky Bobby,15-09-2006,63,76,241,1,7,108,4,72500000,162966177,0,0
100,The Simpsons Movie,25-07-2007,64,77,241,1,11,87,2,72000000,527000000,0,0
101,Braveheart,24-05-1995,65,25,241,1,13,177,5,72000000,210409945,10,5
102,Jarhead,13-01-2006,61,1,241,1,5,125,5,72000000,96889998,0,0
103,The Village,20-08-2004,62,7,241,1,9,108,4,60000000,256697520,1,0
104,Shrek the Third,18-05-2007,66,8,241,1,11,93,1,160000000,799000000,0,0
105,Shrek 2,19-05-2004,67,8,241,1,11,93,1,150000000,919838758,2,0
106,The Abyss,09-08-1989,15,70,241,1,3,140,5,70000000,90000098,4,1
107,Star Trek: Insurrection,11-12-1998,68,2,241,1,3,103,2,58000000,112587658,0,0
108,Who Framed Roger Rabbit?,22-06-1988,20,7,241,1,7,103,2,70000000,329800000,6,4
109,Sleepy Hollow,19-11-1999,28,78,241,1,10,105,5,100000000,206071502,3,1
110,xXx,09-08-2002,32,19,241,1,4,124,5,70000000,277448382,0,0
111,Die Hard 2,04-07-1990,69,52,241,1,4,124,5,70000000,240031094,0,0
112,The Long Kiss Goodnight,29-11-1996,69,14,241,1,4,120,6,65000000,89456761,0,0
113,Apollo 13,30-06-1995,40,20,241,1,13,140,2,52000000,355237933,9,2
114,Saving Private Ryan,24-07-1998,4,41,241,1,5,170,5,70000000,481840909,11,5
115,Fight Club,15-10-1999,70,79,241,1,9,139,6,63000000,100900000,1,0
116,The Matrix,11-06-1999,39,49,241,1,3,136,5,65000000,463500000,4,4
117,Total Recall,01-06-1990,72,15,241,1,3,113,6,60000000,261300000,2,1
118,Cliffhanger,25-06-1993,69,15,241,1,4,113,5,65000000,255325036,3,0
119,Clear and Present Danger,03-08-1994,73,2,241,1,9,141,3,62000000,215887717,2,0
120,GoldenEye,24-11-1995,54,51,240,1,9,130,3,58000000,352194034,0,0
121,The Black Dahlia,15-09-2006,59,80,241,1,14,122,5,50000000,49332692,1,0
122,The Truman Show,05-06-1998,36,81,241,1,2,103,2,60000000,264118201,3,0
123,Event Horizon,15-08-1997,74,2,241,1,3,96,6,60000000,47073851,0,0
124,The Bourne Identity,14-06-2002,52,56,241,1,9,118,4,60000000,214034224,0,0
125,Hellboy,02-04-2004,71,19,241,1,4,122,4,66000000,99318987,0,0
126,Starsky & Hutch,19-03-2004,75,82,241,1,7,101,5,60000000,170268750,0,0
127,Intolerable Cruelty,10-10-2003,5,20,241,1,7,100,4,60000000,120217409,0,0
128,300,23-03-2007,76,43,241,1,8,117,5,65000000,456000000,0,0
129,Star Trek: Nemesis,03-01-2003,77,2,241,1,3,116,4,60000000,67312826,0,0
130,Superman,10-12-1978,30,83,241,1,8,143,2,55000000,300218018,3,0
131,Crimson Tide,12-05-1995,78,75,241,1,9,116,5,53000000,157387195,3,0
132,Deja Vu,22-11-2006,78,7,241,1,9,126,4,75000000,180557550,0,0
133,Man On Fire,21-04-2004,78,65,241,1,9,146,6,70000000,130293714,0,0
134,Enemy of the State,26-12-1998,78,7,241,1,9,132,5,90000000,250649836,0,0
135,Kill Bill: Vol. 1,17-10-2003,79,84,241,1,17,111,6,30000000,180900000,0,0
136,Alien 3,22-05-1992,70,85,241,1,3,115,6,55000000,159800000,1,0
137,Shanghai Noon,26-05-2000,80,7,241,1,17,110,3,55000000,99274467,0,0
138,Kill Bill: Vol. 2,23-04-2004,79,84,241,1,17,136,6,30000000,152159461,0,0
139,Blade II,22-03-2002,71,14,241,1,4,116,6,50000000,155010032,0,0
140,Flags of our Fathers,20-10-2006,10,2,241,1,5,132,5,55000000,65900249,2,0
141,Casino,23-02-1996,9,1,241,1,14,178,6,50000000,116112375,1,0
142,Robin Hood: Prince of Thieves,14-06-1991,17,21,241,1,8,155,2,48000000,390493908,1,0
143,Shrek,18-05-2001,67,86,241,1,11,90,1,60000000,484409218,2,1
144,Shanghai Knights,07-02-2003,81,7,241,1,17,114,4,50000000,88323487,0,0
145,Indiana Jones and the Last Crusade,24-05-1989,4,13,241,1,8,127,2,48000000,474200000,3,1
146,Star Trek: First Contact,22-11-1996,68,2,241,1,3,111,3,45000000,146027888,1,0
147,Blade,21-08-1998,82,14,241,1,12,120,6,40000000,131183530,0,0
148,Patriot Games,05-06-1992,73,2,241,1,9,117,5,45000000,178051587,0,0
149,The Fugitive,06-08-1993,83,6,241,1,9,130,3,44000000,368875760,7,1
150,The Prestige,20-10-2006,27,7,241,1,18,130,4,40000000,109700000,2,0
151,The Last of the Mohicans,25-09-1992,34,21,241,1,8,112,3,40000000,75505856,1,1
152,Apocalypto,08-12-2006,65,7,241,8,8,138,6,40000000,120600000,3,0
153,Wedding Crashers,15-07-2005,81,87,241,1,7,119,5,40000000,285176741,0,0
154,Back to the Future Part III,25-05-1990,20,41,241,1,3,118,2,40000000,244500000,0,0
155,Back to the Future Part II,22-11-1989,20,41,241,1,3,108,2,40000000,331900000,1,0
156,Licence to Kill,13-06-1989,84,51,240,1,9,133,5,32000000,156000000,0,0
157,The Living Daylights,27-06-1987,84,51,240,1,9,131,2,40000000,191200000,0,0
158,Sin City,01-04-2005,85,23,241,1,14,124,6,40000000,158800000,0,0
159,Serenity,07-10-2005,86,1,241,1,3,119,5,39000000,38869464,0,0
160,Star Trek: Generations,18-11-1994,87,2,241,1,3,118,2,35000000,118071125,0,0
161,Never Say Never Again,07-10-1983,88,88,241,1,9,134,2,36000000,160000000,0,0
162,Star Trek: The Motion Picture,07-12-1979,89,2,241,1,3,132,1,46000000,139000000,3,0
163,Rush Hour,04-12-1998,57,71,241,1,4,97,5,33000000,244386864,0,0
164,Lethal Weapon 3,14-08-1992,30,52,241,1,4,118,5,35000000,321731527,0,0
165,Star Wars: Episode VI - Return of the Jedi,25-05-1983,90,13,241,1,3,132,1,42700000,475100000,4,0
166,A History of Violence,23-09-2005,91,14,241,1,2,96,6,32000000,60740827,2,0
167,Moonraker,29-06-1979,92,51,240,1,9,126,2,34000000,210300000,1,0
168,Get Shorty,20-10-1995,31,89,241,1,14,105,5,30250000,115101622,0,0
169,The Assassination of Jesse James by the Coward Robert Ford,21-09-2007,93,90,241,1,1,159,5,30000000,15000000,2,0
170,Million Dollar Baby,14-01-2005,10,91,241,1,22,132,4,30000000,216800000,7,4
171,Seven,22-09-1995,70,14,241,1,9,127,6,33000000,327300000,1,0
172,The Hunt For Red October,02-03-1990,58,92,241,1,9,134,2,30000000,200512643,3,1
173,Ghostbusters,07-06-1984,94,93,241,1,7,107,2,30000000,295200000,2,0
174,Star Trek V: The Final Frontier,09-06-1989,95,2,241,1,3,106,2,33000000,63000000,0,0
175,Indiana Jones and the Temple of Doom,23-05-1984,4,13,241,1,8,118,3,28170000,333107271,2,1
176,Blade Runner,25-06-1982,51,94,241,1,3,116,5,28000000,33800000,2,0
177,Die Hard,15-07-1988,58,52,241,1,4,132,5,28000000,140700000,4,0
178,For Your Eyes Only,24-06-1981,84,51,240,1,9,127,2,28000000,194900000,1,0
179,Octopussy,06-06-1983,84,51,241,1,9,131,2,27500000,183700000,0,0
180,Star Trek VI: The Undiscovered Country,06-12-1991,96,2,241,1,3,113,2,27000000,96888996,2,0
181,The Running Man,13-11-1987,97,95,241,1,3,101,6,27000000,38122105,0,0
182,Open Range,15-08-2003,98,7,241,1,1,139,4,22000000,68296293,0,0
183,Kindergarten Cop,01-02-1991,94,20,241,1,7,111,5,15000000,201957688,0,0
184,"O Brother, Where Art Thou?",15-09-2000,5,7,241,1,7,107,3,26000000,71900000,2,0
185,Goodfellas,19-09-1990,9,6,241,1,14,146,6,25000000,46800000,6,1
186,The Passion of the Christ,26-03-2004,65,25,241,7,2,126,6,30000000,611900000,3,0
187,The Untouchables,03-06-1987,59,2,241,1,14,119,5,25000000,106240936,4,1
188,Schindler's List,15-12-1993,4,41,241,1,13,197,5,22000000,321200000,12,7
189,Anchorman: The Legend of Ron Burgundy,10-09-2004,63,76,241,1,7,95,4,26000000,90600000,0,0
190,Scarface,09-12-1983,59,1,241,1,14,170,6,25000000,65900000,0,0
191,Star Trek IV: The Voyage Home,26-11-1986,99,2,241,1,3,122,2,21000000,133000000,4,0
192,King Kong,17-12-1976,100,96,241,1,8,134,2,24000000,90614445,2,0
193,Star Wars: Episode V - The Empire Strikes Back,21-05-1980,88,13,241,1,3,124,1,33000000,538400000,4,2
194,Gandhi,02-12-1982,101,97,240,1,19,188,2,22000000,52767889,11,8
195,Equilibrium,06-12-2002,102,23,241,1,3,107,5,20000000,5345000,0,0
196,From Dusk Till Dawn,19-01-1996,103,23,241,1,10,108,6,20000000,25728961,0,0
197,Raiders of the Lost Ark,12-06-1981,4,13,241,1,8,115,2,18000000,389900000,9,5
199,Back to the Future,03-07-1985,20,41,241,1,3,116,2,19000000,392000000,4,1
200,Dances with Wolves,19-10-1990,98,27,241,1,1,180,5,2000000,424208848,12,7
201,Star Trek III: The Search For Spock,01-06-1984,99,2,241,1,3,105,2,16000000,87000000,0,0
202,Borat: Cultural Learnings of America for Make Benefit Glorious Nation of Kazakhstan,02-11-2006,104,28,240,1,7,84,5,18000000,261600000,1,0
203,Raging Bull,14-11-1980,9,22,241,1,22,129,6,18000000,23400000,8,2
204,Aliens,18-07-1986,15,85,241,1,3,137,6,18000000,183300000,7,2
205,Hero,24-10-2002,105,29,48,5,17,99,4,31000000,177394432,1,0
206,Hot Fuzz,14-02-2007,106,30,240,1,7,121,5,12000000,80700000,0,0
207,Leon,14-09-1994,56,18,79,1,9,110,6,16000000,45284974,0,0
208,High Plains Drifter,22-08-1973,10,31,241,1,1,105,6,5500000,15700000,0,0
209,Collateral,06-08-2004,34,2,241,1,9,120,5,65000000,217800000,2,0
210,American Beauty,08-09-1999,61,98,241,1,2,122,6,15000000,356296601,8,5
211,Lethal Weapon,06-03-1987,30,52,241,1,4,110,6,15000000,120207127,1,0
212,Lethal Weapon 2,07-07-1989,30,52,241,1,4,114,5,25000000,227853986,1,0
213,"Crouching Tiger, Hidden Dragon",06-07-2000,8,99,48,5,17,120,3,17000000,213525736,10,4
214,Brokeback Mountain,09-12-2005,8,100,241,1,2,134,5,14000000,178000000,8,3
215,Hulk,20-06-2003,8,1,241,1,4,138,4,137000000,245300000,0,0
216,Sense and Sensibility,13-12-1995,8,5,240,1,6,136,1,16000000,134993774,7,1
217,Ride with the Devil,26-11-1999,8,1,241,1,1,138,5,38000000,635096,0,0
218,Twins,09-12-1988,94,1,241,1,7,105,2,18000000,216614388,0,0
219,28 Days Later,01-11-2002,108,32,240,1,10,113,6,8000000,82719885,0,0
220,The Beach,11-02-2000,108,4,240,1,2,115,5,50000000,144000000,0,0
221,Trainspotting,23-02-1996,108,33,240,1,2,93,6,3100000,72000000,1,0
222,The Spy Who Loved Me,07-07-1977,92,51,240,1,9,125,2,14000000,185400000,3,0
223,Downfall,16-09-2004,109,101,257,4,5,155,5,13500000,72649179,1,0
224,Letters from Iwo Jima,09-12-2006,10,8,241,6,5,141,5,19000000,68673228,4,1
225,Star Trek II: The Wrath of Khan,04-06-1982,96,2,241,1,3,113,3,11200000,97000000,0,0
226,House of Flying Daggers,19-05-2004,105,99,48,5,17,119,5,12000000,92863945,1,0
227,Das Boot,17-09-1981,25,35,257,4,5,149,5,12000000,84970337,6,0
228,Casino Royale,28-04-1967,124,5,240,1,9,131,1,12000000,41700000,1,0
229,Star Wars: Episode IV: A New Hope,25-05-1977,7,13,241,1,3,121,1,11000000,775400000,11,7
230,E.T.: The Extra-Terrestrial,11-06-1982,4,41,241,1,3,115,1,10500000,792900000,9,4
231,Amelie,25-04-2001,111,102,79,3,7,123,5,10000000,173921954,5,0
232,You Only Live Twice,12-06-1967,92,51,241,1,9,117,2,10300000,111000000,0,0
233,Thunderball,09-12-1965,112,51,240,1,9,130,2,9000000,141200000,1,1
234,Alien,25-05-1979,51,85,241,1,3,117,6,11000000,203600000,2,1
236,On Her Majesty's Secret Service,18-12-1969,113,51,240,1,9,140,2,7000000,64600000,0,0
237,Pulp Fiction,14-10-1994,79,84,241,1,14,154,6,8500000,213900000,7,1
238,Rumble in the Bronx,21-01-1995,114,103,265,2,17,106,5,7500000,32392047,0,0
239,Diamonds are Forever,14-12-1971,115,51,240,1,9,120,2,7200000,116000000,1,0
240,Fargo,08-03-1996,5,104,241,1,14,98,6,7000000,60611975,7,2
241,Live and Let Die,27-06-1973,115,51,240,1,9,121,2,7000000,126400000,1,0
242,The Man with the Golden Gun,19-12-1974,115,51,240,1,9,125,2,7000000,98500000,0,0
243,"Good Night, and Good Luck",07-10-2005,116,105,241,1,2,93,2,7000000,56500000,6,0
244,Pale Rider,26-06-1985,10,31,241,1,1,116,5,6900000,41410568,0,0
245,The Terminator,26-10-1984,15,106,241,1,3,108,5,6400000,78400000,0,0
246,Around the World in 80 Days,17-10-1956,117,22,241,1,8,183,1,6000000,42000000,8,5
249,The Usual Suspects,25-08-1995,14,107,241,1,14,106,6,6000000,23300000,2,2
250,Memento,05-09-2000,27,108,241,1,9,113,5,9000000,39700000,2,0
251,Shaun of the Dead,09-04-2004,106,30,240,1,7,99,5,6000000,30000000,0,0
252,Four Weddings and a Funeral,13-05-1994,26,33,240,1,6,117,5,4500000,257700832,2,0
253,Night Watch,08-07-2004,119,109,258,9,12,114,5,4200000,33899078,0,0
254,Goldfinger,17-09-1964,115,51,241,1,9,110,2,3000000,124900000,1,1
255,The Lives of Others,23-03-2006,120,36,257,4,2,137,5,2000000,77356942,1,1
256,From Russia with Love,10-10-1963,112,51,240,1,9,115,2,2000000,78900000,0,0
257,Reservoir Dogs,23-10-1992,79,110,241,1,14,99,6,1200000,22000000,0,0
258,Dr. No,05-10-1962,112,51,240,1,9,109,2,1100000,59500000,0,0
259,King Kong,07-04-1933,121,37,241,1,8,100,2,672000,2847000,0,0
260,Seven Samurai,26-04-1954,122,38,118,6,4,207,2,2000000,4500000,2,0
261,Super Size Me,10-09-2004,123,111,241,1,24,98,4,65000,29529368,1,0
262,Kagemusha,26-04-1980,122,38,118,6,2,180,2,7500000,26000000,2,0
263,Ran,31-05-1985,122,112,118,6,2,162,5,12000000,15000000,4,1
264,Sunshine,06-04-2007,108,113,240,1,3,107,5,40000000,32017803,0,0
265,Once Were Warriors,14-04-1995,29,114,167,1,2,102,6,1000000,1608570,0,0
266,Flushed Away,03-11-2006,125,115,240,1,11,85,2,149000000,178120010,0,0
267,Indiana Jones and the Kingdom of the Crystal Skull,22-05-2008,4,13,241,1,8,122,4,185000000,786600000,0,0
270,Transformers: Age of Extinction,27-06-2014,18,46,241,1,3,165,4,210000000,1091000000,0,0
271,The Hobbit: The Battle of the Five Armies,01-12-2014,12,14,167,1,12,174,4,250000000,955100000,1,0
272,Guardians of the Galaxy,01-08-2014,128,53,241,1,3,122,4,195900000,774200000,2,0
273,Maleficent,28-05-2014,130,3,241,1,12,98,2,180000000,758400000,1,0
274,X-Men: Days of Future Past,22-05-2014,14,53,241,1,4,131,4,200000000,748100000,0,0
275,Captain America: The Winter Soldier,04-04-2014,132,53,241,1,4,136,4,170000000,714400000,1,0
276,The Hunger Games: Mockingjay Part 1,10-11-2014,23,120,241,1,8,123,4,125000000,755400000,0,0
277,The Amazing Spider-Man 2,10-04-2014,135,53,241,1,4,141,4,255000000,709000000,0,0
278,Dawn of the Planet of the Apes,11-07-2014,137,123,241,1,4,130,4,170000000,710600000,1,0
279,Interstellar,07-11-2014,27,43,241,1,3,169,4,165000000,675100000,5,1
280,Frozen,27-11-2013,139,3,241,1,11,102,2,150000000,1276000000,2,2
281,Iron Man 3,03-05-2013,140,53,241,1,4,130,4,200000000,1215000000,1,0
282,Despicable Me 2,03-07-2013,141,124,241,1,11,98,1,76000000,970800000,2,0
283,The Hobbit: The Desolation of Smaug,13-12-2013,12,42,167,1,12,161,4,225000000,958400000,3,0
284,The Hunger Games: Catching Fire,11-11-2013,23,120,241,1,8,146,4,130000000,865000000,0,0
285,Fast & Furious 6,07-05-2013,142,54,241,1,4,130,4,160000000,788700000,0,0
286,Monsters University,21-06-2013,143,10,241,1,11,104,1,200000000,743600000,0,0
287,Gravity,04-10-2013,38,47,241,1,3,91,4,100000000,723200000,10,7
288,Man of Steel,14-06-2013,76,43,241,1,4,143,4,225000000,668000000,0,0
289,Thor: The Dark World,22-10-2013,144,53,241,1,4,112,4,170000000,644600000,0,0
290,The Avengers,04-05-2012,86,53,241,1,4,143,4,220000000,1520000000,1,0
291,Skyfall,26-10-2012,61,51,240,1,9,143,4,150000000,1109000000,5,2
292,The Dark Knight Rises,20-07-2012,27,43,241,1,4,165,4,230000000,1085000000,0,0
293,The Hobbit: An Unexpected Journey,14-12-2012,12,42,167,1,12,169,4,200000000,1021000000,3,0
294,Ice Age: Continental Drift,27-06-2012,149,4,241,1,11,88,1,95000000,877200000,0,0
295,The Twilight Saga: Breaking Dawn - Part 2,16-11-2012,150,108,241,1,28,115,4,120000000,829700000,0,0
296,The Amazing Spider-Man,03-07-2012,135,53,241,1,4,136,4,230000000,757900000,0,0
297,Madagascar 3: Europe's Most Wanted,08-06-2012,151,8,241,1,11,93,2,145000000,746900000,0,0
298,The Hunger Games,23-03-2012,152,120,241,1,3,142,4,78000000,694400000,0,0
299,Men in Black 3,25-05-2012,31,41,241,1,3,106,2,215000000,624000000,0,0
300,Harry Potter and the Deathly Hallows - Part 2,15-07-2011,19,47,240,1,12,130,4,250000000,1342000000,3,0
301,Transformers: Dark of the Moon,29-06-2011,18,46,241,1,3,157,4,195000000,1124000000,3,0
302,Pirates of the Caribbean: On Stranger Tides,20-05-2011,153,3,241,1,8,137,4,378500000,1046000000,0,0
303,The Twilight Saga: Breaking Dawn - Part 1,18-11-2011,150,125,241,1,28,117,4,110000000,712200000,0,0
304,Mission: Impossible - Ghost Protocol,16-12-2011,24,126,241,1,9,133,4,145000000,694700000,0,0
305,Kung Fu Panda 2,26-05-2011,154,8,241,1,11,90,2,150000000,665700000,1,0
306,Fast Five,29-04-2011,142,54,241,1,4,130,4,125000000,626100000,0,0
307,The Hangover Part II,26-05-2011,75,43,241,1,7,102,5,80000000,586800000,0,0
308,The Smurfs,29-07-2011,155,127,241,1,11,103,1,110000000,563700000,0,0
309,Cars 2,24-06-2011,156,10,241,1,11,106,1,200000000,559900000,0,0
310,Toy Story 3,18-06-2010,157,10,241,1,11,103,1,200000000,1063000000,5,2
311,Alice in Wonderland,25-02-2010,28,3,240,1,12,108,2,150000000,1025000000,3,2
312,Harry Potter and the Deathly Hallows - Part 1,19-11-2010,19,47,240,1,12,146,4,250000000,960300000,2,0
313,Inception,16-07-2010,27,43,241,1,3,148,4,160000000,825500000,8,4
314,Shrek Forever After,21-05-2010,158,8,241,1,11,93,1,135000000,753000000,0,0
315,The Twilight Saga: Eclipse,30-06-2010,159,125,241,1,28,123,4,68000000,698500000,0,0
316,Iron Man 2,07-05-2010,160,53,241,1,4,125,4,200000000,623900000,1,0
317,Tangled,24-11-2010,161,3,241,1,11,100,2,260000000,591800000,1,0
318,Despicable Me,09-07-2010,141,124,241,1,11,95,1,69000000,543200000,0,0
319,How to Train Your Dragon,26-03-2010,162,8,241,1,11,98,2,165000000,494900000,2,0
320,Avatar,17-12-2009,15,70,241,1,3,161,4,237000000,2788000000,9,3
321,Harry Potter and the Half-Blood Prince,15-07-2009,19,47,240,1,12,153,4,250000000,934400000,1,0
322,Ice Age: Dawn of the Dinosaurs,01-07-2009,163,4,241,1,11,94,1,90000000,886700000,0,0
323,Transformers: Revenge of the Fallen,19-06-2009,18,46,241,1,3,150,4,200000000,836300000,1,0
324,2012,13-11-2009,42,57,241,1,25,158,4,200000000,769700000,0,0
325,Up,29-05-2009,46,10,241,1,11,96,1,175000000,731400000,5,2
326,The Twilight Saga: New Moon,20-11-2009,164,125,241,1,28,130,4,50000000,709700000,0,0
327,Sherlock Holmes,26-12-2009,165,52,240,1,18,128,4,90000000,524000000,2,0
328,Angels & Demons,15-05-2009,40,20,241,1,18,138,5,150000000,485900000,0,0
329,The Hangover,05-06-2009,75,43,241,1,7,100,5,35000000,467500000,0,0
330,The Dark Knight,24-07-2008,27,43,241,1,4,152,4,185000000,1005000000,8,2
332,Kung Fu Panda,06-06-2008,166,8,241,1,11,92,2,130000000,631700000,1,0
333,Hancock,02-07-2008,167,128,241,1,4,92,4,150000000,624300000,0,0
334,Mamma Mia!,30-06-2008,168,129,240,1,20,109,2,52000000,609800000,0,0
335,Madagascar: Escape 2 Africa,07-11-2008,151,8,241,1,11,89,2,150000000,602300000,0,0
336,Quantum of Solace,31-10-2008,169,51,240,1,9,106,4,200000000,586100000,0,0
337,Iron Man,02-05-2008,160,53,241,1,4,126,4,140000000,585200000,2,0
338,WALL-E,27-06-2008,170,10,241,1,11,98,1,180000000,521300000,6,1
339,The Chronicles of Narnia: Prince Caspian,16-05-2008,67,3,240,1,12,150,2,225000000,419700000,0,0
340,National Treasure: Book of Secrets,21-12-2007,171,17,241,1,8,124,2,130000000,457400000,0,0
341,Frost/Nixon,15-10-2008,40,20,241,1,2,122,5,25000000,27400000,5,0
342,Ice Age: The Meltdown,31-03-2006,163,4,241,1,11,91,1,80000000,660900000,0,0
343,Night at the Museum,22-12-2006,172,28,241,1,8,108,2,110000000,574500000,0,0
344,Cars,09-06-2006,156,10,241,1,11,116,2,120000000,462000000,2,0
345,Happy Feet,17-11-2006,173,49,261,1,11,108,1,100000000,384300000,1,1
346,"The Chronicles of Narnia: The Lion, the Witch and the Wardrobe",08-12-2005,67,63,240,1,12,145,2,180000000,745000000,3,1
347,Madagascar,27-05-2005,151,8,241,1,11,86,1,75000000,532700000,0,0
348,Hitch,11-02-2005,174,130,241,1,6,118,4,70000000,368100000,0,0
349,The Incredibles,05-11-2004,24,10,241,1,11,115,1,92000000,633000000,4,2
350,Meet the Fockers,22-12-2004,175,131,241,1,7,115,4,80000000,516000000,0,0
351,Shark Tale,01-10-2004,176,8,241,1,11,90,1,75000000,367300000,1,0
352,Finding Nemo,30-05-2003,170,10,241,1,11,100,1,94000000,940300000,4,1
353,Terminator 3: Rise of the Machines,02-07-2003,177,132,241,1,3,109,4,187300000,433400000,0,0
354,Bad Boys II,18-07-2003,18,17,241,1,4,147,5,130000000,273300000,0,0
355,Signs,02-08-2002,62,7,241,1,18,107,4,72000000,408200000,0,0
356,Ice Age,15-03-2002,163,4,241,1,11,81,1,59000000,383300000,1,0
357,My Big Fat Greek Wedding,19-04-2002,184,135,262,1,7,95,2,5000000,368700000,1,0
358,The Mummy Returns,04-05-2001,186,137,241,1,8,130,3,98000000,433000000,0,0
359,Jurassic Park III,18-07-2001,187,41,241,1,8,92,2,93000000,368800000,0,0
360,Hannibal,09-02-2001,51,96,241,1,9,132,6,87000000,351600000,0,0
361,What Women Want,15-12-2000,188,25,241,1,7,127,3,70000000,374111707,0,0
362,Dinosaur,19-05-2000,189,3,241,1,11,82,2,127500000,349800000,0,0
363,How the Grinch Stole Christmas,17-11-2000,40,20,241,1,7,104,2,123000000,345100000,3,1
364,Meet the Parents,06-10-2000,175,131,241,1,7,108,3,55000000,330400000,1,0
365,What Lies Beneath,21-07-2000,20,9,241,1,10,130,5,100000000,291400000,0,0
366,Toy Story 2,24-11-1999,156,10,241,1,11,95,1,90000000,497400000,1,0
367,Tarzan,16-06-1999,190,3,241,1,11,88,1,130000000,448200000,1,1
368,The Mummy,07-05-1999,186,137,241,1,8,125,3,80000000,415900000,1,0
369,Notting Hill,21-05-1999,191,104,240,1,27,124,5,43000000,363889678,0,0
370,Austin Powers: The Spy Who Shagged Me,11-06-1999,175,138,241,1,7,96,3,33000000,312000000,1,0
371,Godzilla,20-05-1998,42,57,241,1,3,139,2,130000000,379000000,0,0
372,There's Something About Mary,15-07-1998,192,4,241,1,7,119,5,23000000,369900000,0,0
373,A Bug's Life,25-11-1998,156,10,241,1,11,95,1,120000000,363300000,1,0
374,Mulan,19-06-1998,193,3,241,1,11,87,1,90000000,304300000,1,0
375,Dr. Dolittle,26-06-1998,194,68,241,1,7,85,2,70500000,294400000,0,0
376,Shakespeare in Love,03-12-1998,195,69,240,1,27,123,5,25000000,289300000,13,7
377,The Lost World: Jurassic Park,23-05-1997,4,41,241,1,8,129,2,73000000,618600000,1,0
378,Air Force One,25-07-1997,25,7,241,1,9,124,5,85000000,315100000,2,0
380,Liar Liar,21-03-1997,16,20,241,1,7,88,3,45000000,302700000,0,0
381,My Best Friend's Wedding,20-06-1997,196,139,241,1,27,104,3,38000000,299300000,1,0
382,The Full Monty,29-08-1997,197,33,240,1,7,91,5,3500000,258000000,4,1
383,Twister,17-05-1996,198,41,241,1,25,113,2,92000000,494400000,2,0
384,The Hunchback of Notre Dame,21-06-1996,199,3,241,1,11,91,1,100000000,325300000,1,0
385,101 Dalmatians,27-11-1996,200,3,241,1,26,103,1,75000000,320600000,0,0
386,Ransom,08-11-1996,40,7,241,1,9,121,5,80000000,309500000,0,0
387,The Nutty Professor,28-06-1996,16,20,241,1,7,95,3,54000000,274000000,1,1
388,Jerry Maguire,13-12-1996,201,77,241,1,2,139,5,50000000,273600000,5,1
389,Eraser,21-06-1996,202,140,241,1,4,114,5,100000000,242300000,1,0
390,Toy Story,22-11-1995,156,10,241,1,11,81,2,30000000,373600000,3,0
391,Pocahontas,23-06-1995,203,3,241,1,11,82,1,55000000,346100000,2,2
392,Batman Forever,16-06-1995,204,104,241,1,4,122,3,100000000,336500000,3,0
393,Casper,26-05-1995,205,41,241,1,7,101,2,55000000,287900000,0,0
394,Jumanji,15-12-1995,187,141,241,1,8,104,2,65000000,262800000,0,0
395,The Lion King,15-06-1994,379,3,241,1,11,88,1,45000000,968500000,4,2
396,The Mask,29-07-1994,202,142,241,1,7,101,2,23000000,351600000,1,0
397,Speed,10-06-1994,198,143,241,1,4,115,5,30000000,350400000,3,2
398,The Flintstones,27-05-1994,208,41,241,1,7,91,1,46000000,341600000,0,0
399,Dumb and Dumber,16-12-1994,192,144,241,1,7,107,3,17000000,247000000,0,0
400,Donnie Brasco,28-02-1997,26,33,241,1,14,126,6,35000000,124900000,1,0
401,Interview with the Vampire: The Vampire Chronicles,11-11-1994,209,145,241,1,10,122,6,60000000,223700000,2,0
403,Mrs. Doubtfire,24-11-1993,41,146,241,1,7,125,3,25000000,441300000,1,1
404,The Firm,30-06-1993,210,68,241,1,9,154,5,42000000,270248367,2,0
405,Indecent Proposal,07-04-1993,211,2,241,1,2,118,5,38000000,266600000,0,0
406,Sleepless in Seattle,25-06-1993,212,147,241,1,6,105,2,21000000,227800000,2,0
407,Philadelphia,22-12-1993,213,147,241,1,2,126,3,26000000,206700000,5,2
408,The Pelican Brief,17-12-1993,214,6,241,1,9,141,3,45000000,195300000,0,0
409,Aladdin,25-11-1992,215,3,241,1,11,90,1,28000000,504100000,5,2
410,The Bodyguard,25-11-1992,216,27,241,1,9,129,5,25000000,411000000,2,0
411,Home Alone 2: Lost in New York,20-11-1992,41,148,241,1,26,120,2,20000000,359000000,0,0
412,Basic Instinct,08-05-1992,72,15,241,1,9,128,6,49000000,352900000,2,0
413,Batman Returns,19-06-1992,28,104,241,1,4,126,2,80000000,266800000,2,0
414,A Few Good Men,11-12-1992,217,149,241,1,2,138,5,40000000,243200000,4,0
415,Sister Act,29-05-1992,218,7,241,1,7,100,2,31000000,231600000,0,0
416,Bram Stoker's Dracula,13-11-1992,219,5,241,1,10,128,6,40000000,215900000,4,3
417,Wayne's World,14-02-1992,220,2,241,1,7,95,2,20000000,183100000,0,0
418,Beauty and the Beast,22-11-1991,199,3,241,1,11,84,1,25000000,425000000,6,2
419,Hook,11-12-1991,4,41,241,1,8,144,1,70000000,300900000,5,0
420,The Silence of the Lambs,14-02-1991,213,150,241,1,9,118,6,19000000,272700000,7,5
421,JFK,20-12-1991,221,65,241,1,9,188,5,40000000,205400000,8,2
422,The Addams Family,22-11-1991,31,151,241,1,7,99,2,30000000,191500000,1,0
423,Cape Fear,13-11-1991,9,41,241,1,9,128,6,35000000,182300000,2,0
424,Hot Shots!,31-07-1991,222,4,241,1,7,84,3,26000000,181100000,0,0
425,City Slickers,07-06-1991,223,149,241,1,7,112,3,26000000,179033791,1,1
426,Ghost,13-07-1990,224,2,241,1,6,127,3,22000000,505700000,5,2
427,Home Alone,16-11-1990,41,148,241,1,7,102,2,18000000,476700000,2,0
428,Pretty Woman,23-03-1990,225,7,241,1,6,119,5,14000000,463400000,1,0
430,Teenage Mutant Ninja Turtles,30-03-1990,226,103,241,1,4,93,2,13500000,201900000,0,0
431,Batman,23-06-1989,28,104,241,1,4,126,3,35000000,411300000,1,1
432,Look Who's Talking,13-10-1989,227,147,241,1,7,96,3,7500000,297000000,0,0
433,Dead Poets Society,02-06-1989,36,7,241,1,2,128,2,16400000,235800000,4,1
434,"Honey, I Shrunk the Kids",23-06-1989,187,3,241,1,8,94,1,18000000,222700000,0,0
435,Ghostbusters II,16-06-1989,94,5,241,1,7,108,2,37000000,215400000,0,0
436,The Little Mermaid,17-11-1989,215,3,241,1,11,82,1,40000000,211300000,3,2
437,Born on the Fourth of July,20-12-1989,221,1,241,1,19,145,6,14000000,161000000,8,2
438,Rain Man,16-12-1988,228,22,241,1,2,133,5,25000000,354800000,8,4
439,Coming to America,29-06-1988,229,152,241,1,7,117,5,39000000,288752301,2,0
440,Big,03-12-1988,230,77,241,1,7,104,3,18000000,151700000,2,0
441,Crocodile Dundee II,25-05-1988,231,2,261,1,8,112,2,14000000,239600000,0,0
442,The Naked Gun: From the Files of Police Squad!,02-12-1988,232,2,241,1,7,85,5,12000000,78800000,0,0
443,Cocktail,29-07-1988,233,7,241,1,6,103,5,20000000,171500000,0,0
444,Beetlejuice,30-03-1988,28,145,241,1,7,92,5,15000000,73700000,1,1
445,Three Men and a Baby,25-11-1987,99,7,241,1,7,104,2,16000000,168800000,0,0
446,Fatal Attraction,18-09-1987,211,2,241,1,9,119,6,14000000,320100000,6,0
447,Beverly Hills Cop II,20-05-1987,78,2,241,1,4,103,5,20000000,300000000,1,0
448,"Good Morning, Vietnam",23-12-1987,228,7,241,1,7,120,5,13000000,123900000,1,0
449,Moonstruck,18-12-1987,234,11,241,1,6,102,2,15000000,91640528,6,3
450,The Secret of My Success,10-04-1987,235,153,241,1,7,111,2,18000000,110996879,0,0
451,Stakeout,05-08-1987,236,7,241,1,7,117,5,14500000,65673233,0,0
452,The Witches of Eastwick,12-06-1987,173,154,241,1,7,118,6,22000000,63800000,2,0
453,Top Gun,16-05-1986,78,2,241,1,4,110,5,15000000,356800000,4,1
454,Crocodile Dundee,26-09-1986,237,155,261,1,7,98,5,8800000,328000000,1,0
455,Platoon,19-12-1986,221,106,241,1,5,120,5,6000000,138500000,8,4
456,"The Karate Kid, Part II",20-06-1986,238,5,241,1,2,113,2,13000000,115100000,1,0
458,The Golden Child,12-12-1986,239,152,241,1,8,94,2,25000000,79800000,0,0
460,Ferris Bueller's Day Off,11-06-1986,240,2,241,1,7,103,5,5800000,70100000,0,0
461,Rambo: First Blood Part II,22-05-1985,241,15,241,1,4,96,5,25500000,300400000,1,0
462,Rocky IV,27-11-1985,242,22,241,1,22,91,2,28000000,300400000,0,0
463,The Color Purple,18-12-1985,4,41,241,1,2,153,5,15000000,142000000,11,0
464,Out Of Africa,18-12-1985,210,156,241,1,6,161,2,28000000,128500000,11,7
465,Cocoon,21-06-1985,40,4,241,1,3,117,2,17500000,85300000,2,2
466,The Jewel of the Nile,11-12-1985,243,4,241,1,8,107,2,25000000,96700000,0,0
468,The Goonies,07-06-1985,30,41,241,1,8,114,2,19000000,61500000,0,0
469,Spies Like Us,06-12-1985,229,6,241,1,7,102,2,22000000,60000000,0,0
470,Beverly Hills Cop,05-12-1984,244,152,241,1,4,105,5,15000000,316400000,1,0
472,Gremlins,08-06-1984,245,41,241,1,7,106,5,11000000,153100000,0,0
473,The Karate Kid,22-06-1984,238,5,241,1,2,127,2,8000000,90800000,1,0
474,Police Academy,23-03-1984,246,94,241,1,7,96,5,4500000,146000000,0,0
475,Footloose,17-02-1984,235,2,241,1,2,110,5,8200000,80000000,2,0
476,Romancing the Stone,30-03-1984,20,4,241,1,8,106,3,10000000,86500000,1,0
477,Terms of Endearment,09-12-1983,247,2,241,1,2,132,5,8000000,108400000,11,5
478,Flashdance,15-04-1983,211,104,241,1,2,98,5,7000000,201500000,4,1
479,Trading Places,10-06-1983,229,152,241,1,7,116,5,15000000,90400000,1,0
480,WarGames,03-06-1983,236,22,241,1,9,114,2,12000000,79600000,3,0
481,Sudden Impact,09-12-1983,10,6,241,1,9,117,6,22000000,67642693,0,0
482,Staying Alive,15-07-1983,242,2,241,1,2,93,2,22000000,64800000,0,0
485,Tootsie,17-12-1982,210,156,241,1,7,116,5,21000000,177200000,10,1
486,An Officer and a Gentleman,13-08-1982,248,157,241,1,2,122,5,6000000,129800000,6,2
487,Rocky III,28-05-1982,242,22,241,1,22,100,2,17000000,270000000,1,0
488,Porky's,16-04-1982,249,158,262,1,7,98,6,25000000,105000000,0,0
489,48 Hrs.,08-12-1982,250,2,241,1,4,96,6,12000000,78900000,0,0
490,Poltergeist,04-06-1982,251,11,241,1,10,114,5,10700000,121700000,3,0
492,Annie,18-06-1982,252,153,241,1,20,128,1,50000000,57000000,2,0
494,Superman II,09-04-1981,313,83,240,1,4,127,2,54000000,190400000,0,0
495,Arthur,17-07-1981,253,151,241,1,7,97,5,7000000,95461682,4,2
497,The Cannonball Run,19-06-1981,254,103,241,1,7,95,2,18000000,72179579,0,0
498,Chariots of Fire,30-03-1981,255,97,240,1,22,124,1,5500000,59000000,7,4
500,Time Bandits,10-07-1981,256,159,240,1,12,113,2,5000000,42365581,0,0
501,9 to 5,19-12-1980,257,4,241,1,7,110,1,10000000,103290500,1,0
502,Stir Crazy,12-12-1980,258,5,241,1,7,111,5,10000000,101300000,0,0
503,Airplane!,02-07-1980,222,2,241,1,7,87,5,3500000,130000000,0,0
504,Any Which Way You Can,17-12-1980,259,31,241,1,4,116,2,15000000,70700000,0,0
505,Private Benjamin,10-10-1980,260,6,241,1,7,109,5,15000000,69847348,3,0
507,Smokey and the Bandit II,15-08-1980,254,153,241,1,7,100,2,17000000,66100000,0,0
509,The Blues Brothers,20-06-1980,229,1,241,1,7,132,5,30000000,115200000,0,0
510,Kramer vs. Kramer,19-12-1979,261,5,241,1,2,105,2,8000000,106260000,9,5
511,The Amityville Horror,27-07-1979,262,96,241,1,10,118,5,4700000,86400000,1,0
512,Rocky II,15-06-1979,242,22,241,1,2,119,2,7000000,200100000,0,0
513,Apocalypse Now,15-08-1979,219,160,241,1,5,153,6,31500000,150000000,8,2
514,10,05-10-1979,263,151,241,1,27,122,6,7000000,74800000,2,0
515,The Jerk,14-12-1979,264,1,241,1,7,94,5,4000000,73700000,0,0
516,The Muppet Movie,31-05-1979,265,161,241,1,26,97,1,8000000,76600000,2,0
517,Grease,16-06-1978,266,2,241,1,20,110,2,6000000,395000000,1,0
518,National Lampoon's Animal House,28-07-1978,229,1,241,1,7,109,5,3000000,141600000,0,0
519,Every Which Way but Loose,20-12-1978,267,31,241,1,4,114,5,5000000,85000000,0,0
522,Jaws 2,16-06-1978,268,1,241,1,9,116,2,20000000,208900000,0,0
523,Dawn of the Dead,01-09-1978,269,162,241,1,10,127,6,1500000,55000000,0,0
524,Revenge of the Pink Panther,19-07-1978,263,163,240,1,7,98,2,12000000,49500000,0,0
525,The Deer Hunter,08-12-1978,270,164,241,1,2,183,6,15000000,49000000,9,5
526,Smokey and the Bandit,27-05-1977,254,153,241,1,7,96,2,4300000,300000000,1,0
527,Close Encounters of the Third Kind,16-11-1977,4,164,241,1,3,135,2,20000000,303800000,8,1
529,Saturday Night Fever,14-12-1977,236,2,241,1,2,118,6,3500000,237100000,1,0
531,A Bridge Too Far,15-06-1977,101,165,240,1,5,176,5,25000000,50750000,0,0
532,The Deep,17-06-1977,271,164,241,1,8,124,5,9000000,47300000,1,0
533,Annie Hall,20-04-1977,272,22,241,1,27,93,5,4000000,38300000,5,4
534,Rocky,21-11-1976,238,22,241,1,2,119,2,1100000,225000000,10,3
537,All the President's Men,09-04-1976,214,6,241,1,9,138,5,8500000,70600000,8,4
538,The Omen,06-06-1976,30,4,241,1,10,111,6,2800000,60900000,2,1
540,Silver Streak,08-12-1976,273,4,241,1,7,114,2,6500000,51100000,1,0
541,The Enforcer,22-12-1976,267,6,241,1,4,96,6,9000000,46236000,0,0
542,Midway,18-06-1976,274,1,241,1,5,131,2,3000000,43200000,0,0
543,Jaws,20-06-1975,4,1,241,1,9,124,2,9000000,470700000,4,3
544,The Rocky Horror Picture Show,14-08-1975,275,4,240,1,20,100,5,1400000,140200000,0,0
545,One Flew Over the Cuckoo's Nest,19-11-1975,276,22,241,1,2,133,6,3000000,109000000,9,5
546,Dog Day Afternoon,21-09-1975,277,6,241,1,14,125,5,1800000,50000000,6,1
547,Shampoo,11-02-1975,278,5,241,1,2,110,6,4000000,60000000,4,1
548,The Return of the Pink Panther,21-05-1975,263,22,240,1,7,114,1,5000000,41800000,0,0
553,Blazing Saddles,07-02-1974,279,6,241,1,7,92,5,2600000,119600000,3,0
554,The Towering Inferno,14-12-1974,100,4,241,1,25,165,5,14300000,139700000,8,3
556,Young Frankenstein,15-12-1974,279,4,241,1,7,105,5,2780000,86200000,2,0
557,Earthquake,15-11-1974,281,1,241,1,25,121,2,7000000,79666653,4,1
558,The Godfather Part II,12-12-1974,219,2,241,1,14,202,6,13000000,57300000,11,6
559,Airport 1975,18-10-1974,274,1,241,1,25,106,2,3000000,47285152,0,0
561,The Longest Yard,21-08-1974,282,2,241,1,7,121,5,2900000,43008075,1,0
563,The Sting,26-12-1973,283,1,241,1,14,129,2,5500000,159600000,10,7
564,The Exorcist,26-12-1973,284,6,241,1,10,121,6,12000000,441300000,10,2
565,American Graffiti,02-08-1973,7,13,241,1,2,112,2,777000,140000000,5,0
566,Papillon,16-12-1973,285,5,241,1,14,150,5,13500000,53267000,1,0
568,Magnum Force,25-12-1973,443,31,241,1,4,124,6,,44680473,0,0
570,Robin Hood,08-11-1973,287,3,241,1,11,83,1,5000000,32000000,1,0
572,The Godfather,24-03-1972,219,2,241,1,14,177,6,7000000,245100000,11,3
573,The Poseidon Adventure,12-12-1972,288,4,241,1,25,117,2,4700000,127300000,8,1
576,Deliverance,30-07-1972,289,6,241,1,9,110,6,2000000,4610000,3,0
578,Cabaret,13-02-1972,290,166,241,1,20,124,5,2285000,42765000,10,8
582,Fiddler on the Roof,03-11-1971,234,167,241,1,20,179,1,9000000,83300000,8,3
583,The French Connection,09-10-1971,284,4,241,1,14,104,6,1800000,51700000,8,5
584,Dirty Harry,23-12-1971,291,31,241,1,9,102,6,4000000,36000000,0,0
588,A Clockwork Orange,19-12-1971,292,168,240,1,2,136,6,2200000,26600000,4,0
589,Bedknobs and Broomsticks,07-10-1971,293,3,240,1,8,117,1,20000000,18530000,5,1
590,Love Story,16-12-1970,273,2,241,1,6,100,2,2200000,136400000,7,1
591,Airport,05-03-1970,294,1,241,1,25,137,2,10200000,100500000,10,1
592,MASH,25-01-1970,295,4,241,1,7,116,5,,,5,1
593,Patton,02-04-1970,285,4,241,1,19,170,2,12600000,61800000,10,7
598,Tora! Tora! Tora!,23-09-1970,297,4,118,1,5,144,1,25500000,29500000,5,1
600,Butch Cassidy and the Sundance Kid,24-10-1969,283,4,241,1,1,110,2,6000000,102300000,7,4
601,Midnight Cowboy,25-05-1969,298,22,241,1,2,113,6,3200000,44800000,7,3
602,Easy Rider,14-07-1969,299,5,241,1,2,95,6,360000,60000000,2,0
605,Paint Your Wagon,15-10-1969,300,31,241,1,20,154,2,20000000,31678778,1,0
606,True Grit,11-06-1969,301,2,241,1,1,128,1,,43700000,2,1
609,2001: A Space Odyssey,03-04-1968,292,240,240,1,3,142,1,12000000,190000000,4,1
611,The Love Bug,24-12-1968,293,3,241,1,7,108,1,5000000,51264000,0,0
612,The Odd Couple,02-05-1968,302,2,241,1,7,105,2,1200000,44527234,2,0
613,Bullitt,17-10-1968,271,6,241,1,14,113,5,5500000,42300000,2,1
614,Romeo and Juliet,08-10-1968,303,96,240,1,6,138,2,850000,38900000,4,2
615,Oliver!,26-09-1968,304,5,240,1,20,153,1,10000000,77400000,11,5
617,Planet of the Apes,03-04-1968,285,4,241,1,3,112,2,5800000,33400000,2,0
618,The Graduate,21-12-1967,306,22,241,1,7,105,5,3000000,104900000,7,1
619,The Jungle Book,18-10-1967,287,3,241,1,11,78,1,4000000,205800000,1,0
621,Bonnie and Clyde,13-08-1967,307,6,241,1,14,111,6,2500000,70000000,10,2
622,The Dirty Dozen,15-06-1967,282,11,241,1,5,150,5,5400000,45300000,4,1
627,Night of the Living Dead,01-10-1968,269,162,241,1,10,96,5,114000,30000000,0,0
633,"The Good, the Bad and the Ugly",15-12-1966,308,34,264,12,1,177,6,1200000,25100000,0,0
636,Grand Prix,21-12-1966,309,11,241,1,22,179,2,9000000,20800000,3,3
638,The Sound of Music,02-03-1965,89,4,241,1,20,174,1,8200000,286200000,10,5
639,Doctor Zhivago,22-12-1965,310,11,240,1,6,193,5,11000000,111700000,10,5
644,What's New Pussycat?,22-06-1965,311,22,241,1,7,108,5,,18820000,1,0
646,Von Ryan's Express,23-06-1965,281,4,241,1,5,117,2,5760000,17111111,1,0
647,Mary Poppins,27-08-1964,293,3,241,1,20,139,1,,102300000,13,5
648,My Fair Lady,09-11-1964,312,6,241,1,20,170,1,17000000,72000000,12,8
650,A Fistful of Dollars,12-09-1964,308,34,264,12,1,99,5,225000,14500000,0,0
652,A Shot in the Dark,23-06-1964,263,167,240,1,7,102,2,,12368234,0,0
653,A Hard Day's Night,06-07-1964,313,22,240,1,20,87,1,200000,12299668,2,0
655,Cleopatra,12-06-1963,314,4,241,1,13,248,2,31100000,57800000,9,4
656,How the West Was Won,20-02-1963,315,11,241,1,1,164,1,14483000,50000000,8,3
657,"It's a Mad, Mad, Mad, Mad World",07-11-1963,316,22,241,1,7,210,1,9400000,60000000,6,1
660,The Sword in the Stone,25-12-1963,287,3,241,1,11,79,1,3000000,22200000,1,0
662,The Birds,28-03-1963,317,169,241,1,10,119,5,3300000,11400000,1,0
664,Lawrence of Arabia,10-12-1962,310,170,240,1,19,222,2,15000000,70000000,10,7
665,The Longest Day,25-09-1962,318,4,241,1,5,178,2,7750000,50100000,5,2
669,Mutiny on the Bounty,08-11-1962,319,11,241,1,13,185,5,19000000,13680000,7,0
670,To Kill a Mockingbird,25-12-1962,320,1,241,1,2,129,2,2000000,13100000,8,3
674,West Side Story,18-10-1961,89,167,241,1,20,152,2,6000000,43700000,11,10
675,The Guns of Navarone,27-04-1961,321,5,240,1,5,158,2,6000000,28900000,7,1
676,El Cid,06-12-1961,322,171,241,1,13,184,1,6200000,30000000,3,0
677,The Absent-Minded Professor,16-03-1961,293,3,241,1,7,97,1,,25400000,3,0
678,The Parent Trap,21-06-1961,323,3,241,1,7,128,1,,25100000,2,0
679,La Dolce Vita,05-02-1960,324,172,264,12,7,174,5,,19500000,4,1
682,One Hundred and One Dalmatians,25-01-1961,287,3,241,1,11,79,1,4000000,215800000,0,0
684,Spartacus,07-10-1960,292,173,241,1,13,184,2,12000000,60000000,6,4
685,Psycho,16-06-1960,317,174,241,1,10,109,5,806947,50000000,4,0
687,Swiss Family Robinson,21-12-1960,318,3,241,1,8,126,1,4000000,40000000,0,0
688,The Alamo,24-10-1960,325,22,241,1,5,167,1,12000000,17260000,7,1
691,Ocean's 11,10-08-1960,319,6,241,1,7,127,2,2800000,5650000,0,0
694,Ben-Hur,18-11-1959,326,11,241,1,2,212,2,15200000,146900000,12,11
695,Sleeping Beauty,29-01-1959,287,3,241,1,11,75,1,6000000,51600000,1,0
696,North by Northwest,28-07-1959,317,11,241,1,9,136,2,4326000,9800000,3,0
697,Some Like It Hot,29-03-1959,327,167,241,1,27,121,1,2900000,40000000,6,1
702,Rio Bravo,18-03-1959,328,6,241,1,1,141,2,,12535000,0,0
704,South Pacific,19-03-1958,300,4,241,1,20,171,1,5610000,36800000,3,1
706,Cat on a Hot Tin Roof,20-09-1958,329,11,241,1,2,107,5,,,6,0
709,The Vikings,28-06-1958,297,22,241,1,8,116,2,3500000,6000000,0,0
710,Vertigo,09-05-1958,317,2,241,1,9,128,2,2500000,7300000,2,0
714,The Bridge on the River Kwai,02-10-1957,310,170,240,1,5,161,1,2800000,30600000,8,7
717,Old Yeller,25-12-1957,293,3,241,1,2,83,1,,6250000,0,0
721,A Farewell to Arms,14-12-1957,330,175,241,1,2,152,5,4300000,20000000,1,0
722,Gunfight at the O.K. Corral,30-05-1957,331,2,241,1,1,122,2,2000000,10700000,2,0
724,The Ten Commandments,05-10-1956,127,144,241,1,12,220,1,13200000,80000000,7,1
726,War and Peace,21-08-1956,332,96,241,1,2,208,2,6000000,12500000,3,0
727,The King and I,28-06-1956,333,4,241,1,20,133,1,4550000,21300000,9,5
728,The Searchers,13-03-1956,315,6,241,1,1,119,1,3750000,37500000,0,0
731,High Society,17-07-1956,334,176,241,1,20,111,1,2762000,8258000,2,0
736,Oklahoma!,11-10-1955,335,37,241,1,20,145,1,5000000,7100000,4,2
737,Guys and Dolls,03-11-1955,314,11,241,1,20,150,1,5500000,20000000,4,0
738,Lady and the Tramp,22-06-1955,336,3,241,1,11,75,1,4000000,93600000,0,0
744,"20,000 Leagues Under the Sea",23-12-1954,297,3,241,1,8,127,1,5000000,28200000,3,2
753,The Robe,16-09-1953,337,4,241,1,2,135,1,4100000,36000000,5,2
754,From Here to Eternity,05-08-1953,335,5,241,1,2,118,2,2500000,30500000,13,8
755,Shane,23-04-1953,338,2,241,1,1,118,2,3100000,20000000,6,1
757,Peter Pan,05-02-1953,336,3,241,1,11,76,1,4000000,87400000,0,0
761,Gentlemen Prefer Blondes,15-07-1953,328,4,241,1,20,91,1,2260000,5300000,0,0
766,Ivanhoe,31-07-1952,339,11,240,1,8,106,1,3842000,10878000,3,0
767,Singin' in the Rain,11-04-1952,340,11,241,1,20,103,1,2500000,12400000,2,0
769,Moulin Rouge,23-12-1952,252,177,240,1,2,119,2,1500000,5000000,7,2
774,Alice in Wonderland,26-06-1951,336,3,241,1,11,75,1,3000000,5232000,1,0
776,A Streetcar Named Desire,18-09-1951,341,6,241,1,2,122,5,1800000,8000000,12,4
779,The African Queen,23-12-1951,252,170,241,1,8,105,1,1000000,10750000,4,1
781,Strangers on a Train,30-06-1951,317,178,241,1,9,101,2,1200000,7000000,1,0
783,Cinderella,04-03-1950,336,3,241,1,11,75,1,2900000,263600000,3,0
784,King Solomon's Mines,24-11-1950,342,11,241,1,8,103,2,2300000,15100000,3,2
785,Annie Get Your Gun,17-05-1950,334,11,241,1,20,107,1,3734000,7756000,4,1
796,Sands of Iwo Jima,14-12-1949,138,95,241,1,5,100,2,1000000,5000000,4,0
853,For Whom the Bell Tolls,14-07-1943,344,2,241,1,5,170,1,3000000,7100000,9,1
858,Casablanca,26-11-1942,345,6,241,1,2,102,1,878000,3700000,8,3
885,The Great Dictator,15-10-1940,348,180,241,1,7,124,1,2000000,5000000,5,0
887,The Grapes of Wrath,24-01-1940,315,4,241,1,2,129,2,800000,2500000,7,2
893,Gone with the Wind,15-12-1939,349,175,241,1,6,221,2,3850000,198000000,13,8
899,"Goodbye, Mr. Chips",15-05-1939,126,11,240,1,2,114,1,1051000,3252000,7,1
900,The Wizard of Oz,25-08-1939,349,11,241,1,12,101,1,2800000,22300000,6,2
911,Angels with Dirty Faces,26-11-1938,345,6,241,1,14,97,2,,1700000,3,0
913,Snow White and the Seven Dwarfs,21-12-1937,351,3,241,1,11,83,1,2000000,184925485,1,0
941,Anna Karenina,30-08-1935,354,11,241,1,2,95,1,1152000,2304000,0,0
972,Frankenstein,21-11-1931,356,1,241,1,10,71,2,262000,12000000,0,0
977,Dracula,12-02-1931,357,1,241,1,10,85,2,355000,,0,0
982,All Quiet on the Western Front,21-04-1930,319,1,241,1,5,152,2,1200000,3000000,4,2
1063,The Kid,21-01-1921,348,180,241,10,7,68,1,250000,2500000,0,0
1120,Star Wars: The Force Awakens,17-12-2015,44,13,241,1,3,136,4,306000000,2066000000,5,0
1121,Jurassic World,12-06-2015,148,41,241,1,8,124,4,150000000,1670000000,0,0
1122,Furious 7,03-04-2015,147,54,241,1,4,137,4,190000000,1516000000,0,0
1123,Avengers: Age of Ultron,01-05-2015,86,53,241,1,4,141,4,250000000,1405000000,0,0
1124,Minions,11-06-2015,141,124,241,1,11,91,1,74000000,1159000000,0,0
1125,Spectre,26-10-2015,61,51,240,1,9,148,4,245000000,880700000,1,1
1126,Inside Out,19-06-2015,46,10,241,1,11,94,1,175000000,857400000,2,1
1127,Mission: Impossible - Rogue Nation,31-07-2015,146,59,241,1,4,131,4,150000000,682300000,0,0
1128,The Hunger Games: Mockingjay - Part 2,20-11-2015,23,120,241,1,3,137,4,150000000,653400000,0,0
1129,The Martian,02-10-2015,51,64,241,1,3,141,4,108000000,630200000,7,0
1130,Captain America: Civil War,06-05-2016,132,53,241,1,4,147,4,250000000,1153000000,0,0
1131,Finding Dory,17-06-2016,170,10,241,1,11,97,1,200000000,1025000000,0,0
1132,Zootopia,04-04-2016,178,3,241,1,11,108,2,150000000,1024000000,0,0
1133,The Jungle Book,15-04-2016,160,3,241,1,8,105,2,175000000,966500000,0,0
1134,Batman v Superman: Dawn of Justice,25-03-2016,76,133,241,1,4,151,3,250000000,873300000,0,0
1135,The Secret Life of Pets,08-07-2016,179,124,241,1,11,87,1,75000000,873400000,0,0
1136,Deadpool,12-02-2016,180,53,241,1,4,108,5,58000000,782600000,0,0
1137,Suicide Squad,05-08-2016,181,133,241,1,4,123,5,175000000,745600000,0,0
1138,The Mermaid,08-02-2016,182,134,48,5,12,94,5,60720000,553800000,0,0
1139,X-Men: Apocalypse,09-05-2016,14,53,241,1,4,144,4,178000000,543900000,0,0
1140,Doctor Strange,04-11-2016,183,53,241,1,4,115,4,165000000,571500000,0,0
1141,City of God,30-08-2002,185,136,263,11,14,130,6,3300000,30600000,4,0
1142,The Parent Trap,29-07-1998,188,3,241,1,7,128,2,75000000,83900000,0,0
1143,Captain Blood,28-12-1935,345,179,241,1,8,119,2,1200000,3100000,5,0
1144,The Adventures of Robin Hood,14-05-1938,345,6,241,1,8,102,1,2033000,3981000,4,3
1145,The Charge of the Light Brigade,20-10-1936,345,6,241,1,8,115,2,1330000,3300000,3,1
1146,The Hound of the Baskervilles,24-03-1939,346,4,241,1,18,81,2,,,0,0
1147,The Adventures of Sherlock Holmes,01-09-1939,347,4,241,1,18,81,2,,,0,0
1148,Mutiny on the Bounty,08-11-1935,350,11,241,1,2,132,2,1950000,4460000,8,1
1149,The Misfits,01-02-1961,252,181,241,1,2,125,2,4000000,4100000,0,0
1150,Lolita,13-06-1962,292,181,240,1,2,152,5,2000000,9250000,1,0
1151,The 39 Steps,06-06-1935,317,18,240,1,9,86,1,100000,,0,0
1152,Citizen Kane,01-05-1941,352,182,241,1,2,119,1,839727,1140769,9,1
1153,Metropolis,10-01-1927,353,183,257,10,3,153,2,,,0,0
1154,Anna Karenina,22-01-1948,355,184,240,1,2,139,2,1000000,,0,0
1155,Scarface,09-04-1932,328,22,241,1,14,95,5,,600000,0,0
1156,The Public Enemy,23-04-1931,358,6,241,1,14,83,2,151000,,1,0
1157,It's a Wonderful Life,20-12-1946,359,185,241,1,12,130,1,3180000,3300000,5,0
1158,Mr. Smith Goes to Washington,17-10-1939,359,5,241,1,7,129,1,1500000,9000000,11,1
1159,Brief Encounter,26-11-1945,310,186,240,1,6,86,2,1000000,,3,0
1160,The Killers,28-08-1946,360,1,241,1,14,103,2,,2500000,4,0
1161,The Seventh Veil,18-10-1945,342,187,240,1,14,94,2,100000,2000000,1,1
1162,Great Expectations,26-12-1946,310,186,240,1,2,113,2,500000,2000000,5,2
1163,Miracle on 34th Street,02-05-1947,294,4,241,1,7,96,1,630000,2650000,4,3
1164,Hamlet,04-05-1948,361,188,240,1,2,155,1,750000,3250000,7,4
1165,Joan of Arc,11-11-1948,349,189,241,1,19,145,1,4650000,5768142,7,2
1166,The Three Musketeers,20-10-1948,362,11,241,1,8,125,1,4474000,8412000,1,0
1167,The Big Boss,03-10-1971,363,103,265,2,17,110,6,100000,2800000,0,0
1168,Fist of Fury,22-03-1972,363,103,265,5,17,108,6,100000,3400000,0,0
1169,Way of the Dragon,30-12-1972,364,103,265,5,17,100,6,130000,5200000,0,0
1170,Game of Death,23-03-1978,365,103,265,2,17,85,6,850000,,0,0
1171,Enter the Dragon,26-07-1973,365,6,265,1,17,102,6,850000,22000000,0,0
1172,Monty Python and the Holy Grail,09-04-1975,256,190,240,1,7,92,5,400000,5000000,0,0
1173,Monty Python's Life of Brian,17-08-1979,366,190,240,1,7,93,5,4000000,20000000,0,0
1174,Drunken Master,05-10-1978,367,191,265,2,17,110,5,,,0,0
1175,Half a Loaf of Kung Fu,01-07-1978,368,192,265,5,17,98,6,,,0,0
1176,Snake and Crane Arts of Shaolin,08-03-1978,368,192,265,5,17,93,5,,,0,0
1177,The Fearless Hyena,17-02-1979,369,193,265,2,17,97,6,,,0,0
1178,Snake in the Eagle's Shadow,01-03-1978,367,191,265,2,17,98,6,,,0,0
1179,Spiritual Kung Fu,23-11-1978,363,192,265,5,17,97,5,,,0,0
1180,Dragon Fist,21-04-1979,363,192,265,5,17,93,5,,,0,0
1181,Magnificent Bodyguards,27-04-1978,363,192,265,5,17,78,5,,,0,0
1182,The Young Master,09-02-1980,369,103,265,2,17,106,5,,,0,0
1183,Project A,22-12-1983,369,103,265,2,17,106,6,,,0,0
1184,Wheels on Meals,17-08-1984,118,103,265,2,17,104,5,,,0,0
1185,Cannonball Run II,29-06-1984,254,103,241,1,7,108,2,20000000,28000000,0,0
1186,Police Story,14-12-1985,369,103,265,2,17,101,5,,,0,0
1187,Winners and Sinners,07-07-1983,118,103,265,2,17,101,5,,,0,0
1188,My Lucky Stars,10-02-1985,118,103,265,2,17,96,5,,,0,0
1189,"Twinkle, Twinkle Lucky Stars",15-08-1985,118,103,265,2,17,90,6,,,0,0
1190,Armour of God,21-01-1987,369,103,265,2,17,97,5,,,0,0
1191,Project A Part II,19-08-1987,369,103,265,2,17,106,5,,,0,0
1192,Police Story 2,20-08-1988,369,103,265,2,17,101,5,,,0,0
1193,Dragons Forever,11-02-1988,118,103,265,2,17,94,6,,,0,0
1194,Armour of God II: Operation Condor,07-02-1991,369,103,265,2,17,106,5,,10400000,0,0
1195,Police Story 3: Super Cop,04-07-1992,114,103,265,2,17,95,5,900000,16250000,0,0
1196,Once Upon a Time in China,15-08-1991,370,103,265,2,17,134,5,,,0,0
1197,Twin Dragons,15-01-1992,370,103,265,2,17,104,3,10000000,11000000,0,0
1198,Once Upon a Time in China II,16-04-1992,370,103,265,2,17,113,5,,,0,0
1199,Once Upon a Time in China III,11-02-1993,370,103,265,2,17,105,2,,,0,0
1200,Fong Sai-yuk,04-03-1993,371,194,265,2,17,106,5,,,0,0
1201,Fong Sai-yuk II,30-07-1993,371,194,265,2,17,96,5,,,0,0
1202,Fist of Legend,22-12-1994,372,194,265,2,17,103,6,,,0,0
1203,Romeo Must Die,22-03-2000,373,52,241,1,4,115,5,25000000,91000000,0,0
1204,The One,02-11-2001,374,19,241,1,3,87,5,49000000,72700000,0,0
1205,Kiss of the Dragon,06-07-2001,375,195,79,1,4,98,6,25000000,64400000,0,0
1206,Cradle 2 the Grave,28-02-2003,373,52,241,1,4,101,5,25000000,56500000,0,0
1207,Unleashed,02-02-2005,376,196,79,1,17,102,6,45000000,50900000,0,0
1208,Fearless,26-01-2006,377,134,48,5,17,105,5,,68100000,0,0
1209,The Warlords,12-12-2007,378,134,265,5,5,127,5,40000000,,0,0
1210,Dragon,13-05-2011,378,197,265,5,17,116,5,20000000,29100000,0,0
1211,The Forbidden Kingdom,18-04-2008,379,128,241,1,17,104,4,55000000,128000000,0,0
1212,The Mummy: Tomb of the Dragon Emperor,01-08-2008,32,128,241,1,8,111,4,145000000,401100000,0,0
1213,The Expendables,03-08-2010,242,80,241,1,4,103,6,82000000,274500000,0,0
1214,The Expendables 2,13-08-2012,380,80,241,1,4,103,5,100000000,305400000,0,0
1215,The Expendables 3,04-08-2014,381,80,241,1,4,126,5,90000000,206200000,0,0
1216,The Incredible Hulk,08-06-2008,376,53,241,1,4,112,4,150000000,263400000,0,0
1217,Now You See Me,21-05-2013,376,108,241,1,18,115,3,75000000,351700000,0,0
1218,Clash of the Titans,02-04-2010,376,43,241,1,8,106,4,125000000,493200000,0,0
1219,Clash of the Titans,12-06-1981,382,11,240,1,8,118,3,15000000,41000000,0,0
1220,The Transporter,02-10-2002,376,196,79,1,4,92,5,24000000,43900000,0,0
1221,Transporter 2,03-08-2005,376,196,79,1,4,88,5,32000000,85160000,0,0
1222,Zu Warriors from the Magic Mountain,05-02-1983,370,103,265,2,8,98,2,,,0,0
1223,A Better Tomorrow,02-08-1986,45,198,265,2,4,95,6,,,0,0
1224,A Better Tomorrow II,17-12-1987,45,198,265,2,4,104,6,,,0,0
1225,The Master,28-05-1992,370,103,265,2,17,92,6,,,0,0
1226,A Better Tomorrow III,20-10-1989,370,199,265,2,4,145,6,,,0,0
1227,The Killer,06-07-1989,45,199,265,2,4,110,6,,,0,0
1228,Seven Swords,29-07-2005,370,200,265,5,17,153,5,18000000,,0,0
1229,Detective Dee and the Mystery of the Phantom Flame,29-09-2010,370,200,48,5,8,122,3,20000000,51700000,0,0
1230,Flying Swords of Dragon Gate,15-12-2011,370,200,48,5,17,125,5,35000000,100000000,0,0
1231,Young Detective Dee: Rise of the Sea Dragon,28-09-2013,370,200,48,5,8,133,3,,98400000,0,0
1232,Hard Boiled,16-04-1992,45,199,265,2,4,128,6,4500000,,0,0
1233,Hard Target,20-08-1993,45,137,241,1,4,97,6,19500000,74200000,0,0
1234,Broken Arrow,09-02-1996,45,4,241,1,4,108,5,50000000,150200000,0,0
1235,Face/Off,27-06-1997,45,2,241,1,4,139,6,80000000,245700000,1,0
1236,Paycheck,25-12-2003,45,60,241,1,3,119,4,60000000,96300000,0,0
1237,Red Cliff,10-07-2008,45,134,48,5,5,146,5,80000000,124000000,0,0
1238,Red Cliff II,07-01-2009,45,134,48,5,5,142,5,80000000,124300000,0,0
1239,The Raid,08-09-2011,384,201,266,13,17,101,6,1100000,9140000,0,0
1240,Merantau,06-08-2009,384,201,266,13,17,135,5,,,0,0
1241,The Raid 2,21-01-2014,384,201,266,13,17,150,6,4500000,6600000,0,0
1242,Ong-Bak,21-01-2003,385,202,267,14,17,108,6,1100000,20112926,0,0
1243,Ong-Bak 2,04-12-2008,387,203,267,14,17,98,5,8000000,9000000,0,0
1244,Ong-Bak 3,05-05-2010,387,203,267,14,17,95,6,,,0,0
1245,Warrior King,11-08-2005,385,202,267,14,17,110,6,5000000,27200000,0,0
1246,Warrior King 2,23-10-2013,385,202,267,14,17,103,5,15000000,,0,0
1247,Ip Man,18-12-2008,388,134,265,2,17,108,5,11715000,21900000,0,0
1248,Ip Man 2,29-04-2010,388,134,265,2,17,109,5,12900000,49700000,0,0
1249,Ip Man 3,16-12-2015,388,204,265,2,17,105,4,36000000,156844000,0,0
1250,Iron Monkey,03-09-1993,367,103,265,2,17,90,3,11000000,15000000,0,0
1251,"Crouching Tiger, Hidden Dragon: Sword of Destiny",18-02-2016,367,134,241,1,17,105,5,20000000,31000000,0,0
1252,Dragon Tiger Gate,28-07-2006,388,134,265,2,17,96,5,,,0,0
1253,Rashomon,25-08-1950,122,205,118,6,2,88,2,250000,,1,0
1254,Ikiru,09-10-1952,122,38,118,6,2,143,2,,,0,0
1255,Throne of Blood,15-01-1957,122,38,118,6,2,110,2,,,0,0
1256,The Hidden Fortress,28-12-1958,122,38,118,6,8,139,2,,,0,0
1257,Yojimbo,25-04-1961,122,38,118,6,4,110,2,,,1,0
1258,Sanjuro,01-01-1962,122,38,118,6,4,95,2,,,0,0
1259,47 Ronin,22-10-1994,389,38,118,6,4,132,5,,,0,0
1260,47 Samurai,03-11-1962,390,38,118,6,4,207,7,,,0,0
1261,47 Ronin,06-12-2013,391,206,241,1,4,127,4,225000000,151800000,0,0
1262,The Tale of Osaka Castle,03-01-1961,390,38,118,6,4,95,7,,,0,0
1263,Whirlwind,03-01-1964,390,38,118,6,4,108,7,,,0,0
1264,Samurai Saga,28-04-1959,390,38,118,6,4,111,7,,,0,0
1265,Nippon tanjo,01-01-1959,390,38,118,6,12,182,7,,,0,0
1266,Samurai I: Musashi Miyamoto,26-09-1954,390,38,118,6,4,93,2,,,0,0
1267,Samurai II: Duel at Ichijoji Temple,12-07-1955,390,38,118,6,4,103,2,,,0,0
1268,Samurai III: Duel at Ganryu Island,03-01-1956,390,38,118,6,4,105,2,,,0,0
1269,Ichi the Killer,14-09-2001,392,207,118,6,14,128,6,1400000,,0,0
1270,13 Assassins,25-09-2010,392,38,118,6,4,125,6,6000000,17100000,0,0
1271,Hara-Kiri: Death of a Samurai,19-05-2011,392,208,118,6,2,126,6,,,0,0
1272,Zatoichi,02-09-2003,393,209,118,6,4,116,6,,32300000,0,0
1273,Thor,17-04-2011,394,53,241,1,4,114,4,150000000,449300000,0,0
1274,Battleship,03-04-2012,167,210,241,1,4,131,4,220000000,303000000,0,0
1275,The Kingdom,22-08-2007,167,128,241,1,9,109,5,70000000,119000000,0,0
1276,Lone Survivor,12-11-2013,167,82,241,1,5,121,5,40000000,154800000,2,0
1277,Deepwater Horizon,13-09-2016,167,46,241,1,25,107,4,110000000,117300000,0,0
1278,Boiling Point,15-09-1990,393,211,118,6,14,96,6,,,0,0
1279,Outrage,17-05-2010,393,211,118,6,14,109,6,,,0,0
1280,Beyond Outrage,02-09-2012,393,211,118,6,14,112,7,,16211000,0,0
1281,Battle Royale,16-12-2000,395,212,118,6,4,113,6,4500000,25000000,0,0
1282,The Fall of Ako Castle,28-10-1978,395,213,118,6,4,158,7,,,0,0
1283,Shogun's Samurai,21-01-1978,395,213,118,6,4,130,7,,,0,0
1284,Samurai Reincarnation,06-06-1981,395,213,118,6,4,122,7,,,0,0
1285,The Fast and the Furious: Tokyo Drift,04-06-2006,142,128,241,1,4,104,4,85000000,158500000,0,0
1286,The Bushido Blade,20-11-1981,396,214,241,1,4,104,7,,,0,0
1287,When the Last Sword Is Drawn,04-11-2002,397,215,118,6,2,137,5,4000000,,0,0
1288,Departures,23-08-2008,397,216,118,6,2,130,4,,70000000,1,1
1289,The Twilight Samurai,02-11-2002,398,217,118,6,2,129,3,5000000,,1,0
1290,The Hidden Blade,30-10-2004,398,217,118,6,2,132,5,,,0,0
1291,Love and Honor,20-10-2006,398,209,118,6,2,118,3,,33755000,0,0
1292,Lone Wolf and Cub: Sword of Vengeance,01-04-1972,399,38,118,6,8,83,6,,,0,0
1293,Lone Wolf and Cub: Baby Cart at the River Styx,27-04-1972,399,38,118,6,8,85,6,,,0,0
1294,Lone Wolf and Cub: Baby Cart to Hades,02-09-1972,399,38,118,6,8,89,6,,,0,0
1295,Lone Wolf and Cub: Baby Cart in Peril,01-11-1972,400,38,118,6,8,81,6,,,0,0
1296,Lone Wolf and Cub: Baby Cart in the Land of Demons,11-08-1973,399,38,118,6,8,89,6,,,0,0
1297,Lone Wolf and Cub: White Heaven in Hell,24-04-1974,401,38,118,6,8,84,6,,,0,0
1298,Godzilla,03-11-1954,402,38,118,6,4,96,2,175000,,0,0
1299,King Kong vs. Godzilla,11-08-1962,402,38,118,6,4,97,2,200000,,0,0
1300,Mothra vs. Godzilla,29-04-1964,402,38,118,6,4,88,2,,,0,0
1301,District 13,10-11-2004,403,196,79,3,4,86,5,12000000,,0,0
1302,District 13: Ultimatum,18-02-2009,404,196,79,3,4,106,5,13600000,14100000,0,0
1303,Taken,27-02-2008,403,196,79,1,9,90,6,22000000,226800000,0,0
1304,From Paris with Love,05-02-2010,403,196,79,1,9,92,5,52000000,52800000,0,0
1305,The Gunman,20-03-2015,403,52,241,1,9,115,5,40000000,24200000,0,0
1306,Mesrine Part 1: Killer Instinct,22-10-2008,405,218,79,3,14,113,5,,,0,0
1307,Mesrine Part 2: Public Enemy Number 1,19-11-2008,405,218,79,3,14,133,5,,,0,0
1308,Assault on Precinct 13,19-01-2005,405,219,241,1,9,109,5,30000000,35300000,0,0
1309,A Prophet,16-05-2009,406,220,79,3,14,155,6,13000000,17900000,0,0
1310,Kung Fu Hustle,14-09-2004,182,134,265,2,17,98,5,20000000,102000000,0,0
1311,This Is England,12-09-2006,407,221,240,1,2,102,6,3000000,10000000,0,0
1312,A Room for Romeo Brass,23-08-1999,407,222,240,1,2,90,5,,,0,0
1313,Once Upon a Time in the Midlands,06-09-2002,407,221,240,1,27,104,5,,,0,0
1314,Dead Man's Shoes,01-10-2004,407,221,240,1,9,90,6,1000000,,0,0
1315,The League of Gentlemen's Apocalypse,03-06-2005,408,221,240,1,7,92,5,6000000,,0,0
1316,Down Terrace,21-09-2009,409,223,240,1,14,93,5,30000,,0,0
1317,Kill List,12-03-2011,409,221,240,1,9,95,6,800000,462206,0,0
1318,Sightseers,23-05-2012,409,221,240,1,7,85,5,,2101166,0,0
1319,A Field in England,05-07-2013,409,221,240,1,9,91,5,500000,,0,0
1320,High-Rise,13-09-2015,409,221,240,1,3,119,5,8000000,3900000,0,0
1321,Free Fire,08-09-2016,409,221,240,1,7,90,7,,,0,0
1322,Momentum,16-10-2015,410,224,268,1,9,96,5,20000000,,0,0
1323,District 9,13-08-2009,411,42,268,1,3,112,5,30000000,210800000,4,0
1324,Elysium,07-08-2013,411,147,241,1,3,109,5,115000000,286100000,0,0
1325,Chappie,04-03-2015,411,5,241,1,3,120,5,49000000,102100000,0,0
1326,Slumdog Millionaire,30-08-2008,108,221,240,1,2,120,5,15000000,377900000,10,8
1327,The Best Exotic Marigold Hotel,30-11-2011,195,225,240,1,7,124,4,10000000,136800000,0,0
1328,The Second Best Exotic Marigold Hotel,26-02-2015,195,225,240,1,7,122,2,10000000,86000000,0,0
1329,John Carter,07-03-2012,170,3,241,1,3,132,4,350000000,284100000,0,0
1330,Ironclad,04-03-2011,412,226,240,1,13,121,5,25000000,,0,0
1331,Solomon Kane,23-12-2009,413,68,79,1,8,104,5,40000000,19400000,0,0
1332,A Knight's Tale,11-05-2001,414,5,241,1,8,132,2,65000000,117500000,0,0
1333,Shallow Grave,17-05-1994,108,221,240,1,14,92,6,2500000,19800000,0,0
1334,A Life Less Ordinary,24-10-1997,108,33,240,1,7,103,5,12000000,4366722,0,0
1335,28 Weeks Later,26-04-2007,415,113,240,1,10,100,6,15000000,64200000,0,0
1336,127 Hours,04-09-2010,108,221,240,1,19,93,5,18000000,60700000,6,0
1337,Trance,19-03-2013,108,172,240,1,14,101,5,20000000,24300000,0,0
1338,Steve Jobs,05-09-2015,108,43,241,1,19,122,5,30000000,34400000,2,0
1339,Life of Pi,28-09-2012,8,79,241,1,8,127,2,120000000,609000000,11,4
1340,Terminator Genisys,22-06-2015,144,2,241,1,3,126,4,155000000,440600000,0,0
1341,Maggie,22-04-2015,416,228,241,1,10,95,5,4500000,1400000,0,0
1342,Sabotage,19-03-2014,181,229,241,1,14,109,5,35000000,18400000,0,0
1343,Escape Plan,09-10-2013,417,108,241,1,4,115,5,50000000,137300000,0,0
1344,The Last Stand,18-01-2013,418,46,241,1,4,107,5,45000000,48300000,0,0
1345,Terminator Salvation,21-05-2009,419,5,241,1,3,115,4,200000000,371400000,0,0
1346,Collateral Damage,04-02-2002,83,6,241,1,4,108,5,85000000,78300000,0,0
1347,The 6th Day,28-10-2000,47,5,241,1,3,124,5,82000000,96100000,0,0
1348,End of Days,16-11-1999,420,230,241,1,10,123,6,100000000,212000000,0,0
1349,Batman & Robin,20-06-1997,204,104,241,1,4,125,2,140000000,238200000,0,0
1350,Jingle All the Way,16-11-1996,208,4,241,1,26,89,2,75000000,129800000,0,0
1351,Junior,23-11-1994,94,1,241,1,7,109,2,60000000,108400000,1,0
1352,Total Recall,03-08-2012,49,128,241,1,3,118,4,125000000,198500000,0,0
1353,True Grit,22-12-2010,5,2,241,1,1,110,5,38000000,252300000,10,0
1354,Red Heat,14-06-1988,250,15,241,1,4,103,6,29000000,35000000,0,0
1355,Predator,12-06-1987,58,52,241,1,3,107,6,18000000,98300000,1,0
1356,Raw Deal,06-06-1986,421,96,241,1,4,107,6,11000000,18100000,0,0
1357,Commando,04-10-1985,422,52,241,1,4,90,6,10000000,57500000,0,0
1358,X-Men: The Last Stand,25-05-2006,57,53,241,1,4,104,4,210000000,459400000,0,0
1359,Red Sonja,03-07-1985,297,96,269,1,12,89,5,17900000,6900000,0,0
1360,Conan the Destroyer,29-06-1984,297,96,241,1,12,101,5,18000000,100000000,0,0
1361,Conan the Barbarian,16-03-1982,423,96,241,1,12,129,5,16000000,130000000,0,0
1362,Conan the Barbarian,11-08-2011,424,80,241,1,12,113,5,90000000,48800000,0,0
1363,Pumping Iron,18-01-1977,425,231,241,1,24,85,3,1000000,,0,0
1364,Hercules in New York,16-12-1969,426,232,241,1,7,91,2,,,0,0
1365,3 Days to Kill,12-02-2014,419,196,79,1,9,117,4,28000000,52600000,0,0
1366,This Means War,17-02-2012,419,28,241,1,4,97,4,65000000,156500000,0,0
1367,We Are Marshall,22-12-2006,419,43,241,1,2,131,2,65000000,43500000,0,0
1368,X-Men: First Class,25-05-2011,427,53,241,1,4,132,4,160000000,353600000,0,0
1369,Charlie's Angels,03-11-2000,419,5,241,1,4,98,5,90000000,264100000,0,0
1370,Charlie's Angels: Full Throttle,27-06-2003,419,5,241,1,4,106,4,120000000,259100000,0,0
1371,Kingsman: The Secret Service,13-12-2014,427,48,240,1,4,129,5,94000000,414400000,0,0
1372,Kick-Ass,26-03-2010,427,234,240,1,4,117,5,30000000,96200000,0,0
1373,Stardust,10-08-2007,427,235,240,1,12,127,2,88500000,135600000,0,0
1374,Layer Cake,01-10-2004,427,235,240,1,14,105,5,6500000,11900000,0,0
1375,Underworld,19-09-2003,49,91,240,1,4,121,5,22000000,95700000,0,0
1376,Underworld: Evolution,20-01-2006,49,91,240,1,4,106,6,45000000,111300000,0,0
1377,For a Few Dollars More,18-11-1965,308,34,264,12,1,132,5,600000,15000000,0,0
1378,Once Upon a Time in the West,21-12-1968,308,2,264,12,1,165,5,5000000,5321500,0,0
1379,Once Upon a Time in America,23-05-1984,308,94,241,1,14,229,6,30000000,5300000,0,0
1380,Underworld: Rise of the Lycans,23-01-2009,428,91,241,1,4,92,6,35000000,91300000,0,0
1381,Underworld: Awakening,20-01-2012,429,91,241,1,4,89,6,70000000,160000000,0,0
1382,Underworld: Blood Wars,24-11-2016,430,91,241,1,4,91,5,,,0,0
1383,Stargate,28-10-1994,42,195,241,1,3,128,2,55000000,196600000,0,0
1384,Under Siege,09-10-1992,83,65,241,1,4,103,5,35000000,156600000,2,0
1385,Bridge of Spies,04-10-2015,4,8,241,1,9,141,4,40000000,165500000,6,1
1386,Duel,13-11-1971,4,1,241,1,9,89,2,450000,,0,0
1387,Empire of the Sun,11-12-1987,4,41,241,1,5,154,2,35000000,66700000,6,0
1388,Amistad,10-12-1997,4,8,241,1,13,154,5,36000000,44200000,4,0
1389,A.I. Artificial Intelligence,29-06-2001,4,41,241,1,3,146,3,100000000,235900000,2,0
1390,Catch Me If You Can,25-12-2002,4,41,241,1,19,141,4,52000000,352100000,2,0
1391,The Terminal,18-06-2004,4,41,241,1,7,128,4,60000000,219400000,0,0
1392,Lincoln,08-10-2012,4,41,241,1,19,150,4,65000000,275300000,12,2
1393,Abraham Lincoln: Vampire Hunter,18-06-2012,119,236,241,1,13,105,5,99500000,116400000,0,0
1394,The BFG,14-05-2016,4,3,241,1,26,117,2,140000000,178000000,0,0
1395,Day Watch,01-01-2006,119,109,258,9,12,131,5,4200000,38860000,0,0
1396,Unbroken,17-11-2014,431,43,241,1,19,137,5,65000000,163400000,3,0
1397,Inside Llewyn Davis,19-05-2013,5,195,241,1,2,105,5,11000000,32900000,2,0
1398,Burn After Reading,27-08-2008,5,195,241,1,7,96,5,,,0,0
1399,No Country for Old Men,19-05-2007,5,16,241,1,14,122,5,25000000,171600000,8,4
1400,The Ladykillers,26-03-2004,5,7,241,1,7,104,5,35000000,76700000,0,0
1401,The Ladykillers,08-12-1955,432,237,240,1,7,97,1,,,1,0
1402,The Big Lebowski,06-03-1998,5,104,241,1,7,117,6,15000000,46200000,0,0
1403,Miller's Crossing,21-09-1990,5,4,241,1,14,115,6,14000000,5080000,0,0
1404,Outland,22-05-1981,420,94,240,1,3,109,5,16000000,20000000,1,0
1405,Outlander,11-07-2008,433,90,241,1,3,115,5,47000000,7033000,0,0
1406,Timecop,16-09-1994,420,142,241,1,3,98,6,27000000,101646581,0,0
1407,Kung Fu Panda 3,23-01-2016,154,8,241,1,11,95,2,145000000,519900000,0,0
1408,Universal Soldier,10-07-1992,42,15,241,1,3,102,6,23000000,36300000,0,0
1409,Double Impact,09-08-1991,435,5,241,1,4,107,6,18000000,80500000,0,0
1410,Death Warrant,14-09-1990,436,172,241,1,4,89,6,6000000,46700000,0,0
1411,Kickboxer,08-09-1989,437,238,241,1,17,103,6,2700000,14700000,0,0
1412,Cyborg,07-04-1989,438,239,241,1,3,82,6,500000,10200000,0,0
1413,Bloodsport,26-02-1988,439,239,241,1,17,92,6,2300000,65000000,0,0
1414,Brooklyn's Finest,16-01-2009,440,80,241,1,14,132,6,17000000,36400000,0,0
1415,Full Metal Jacket,17-06-1987,292,240,240,1,5,116,5,30000000,46400000,1,0
1416,Eyes Wide Shut,16-07-1999,292,240,240,1,2,159,6,65000000,162100000,0,0
1417,The Shining,23-05-1980,292,168,240,1,10,146,6,19000000,44400000,0,0
1418,Dr. Strangelove or: How I Learned to Stop Worrying and Love the Bomb,29-01-1964,292,168,240,1,7,94,2,1800000,9400000,4,0
1419,Paths of Glory,25-12-1957,292,173,241,1,5,88,2,900000,,0,0
1420,The Treasure of the Sierra Madre,06-01-1948,252,6,241,1,1,126,2,3000000,4307000,4,3
1421,Key Largo,16-07-1948,252,6,241,1,14,101,2,,3250000,1,1
1422,The Unforgiven,06-04-1960,252,22,241,1,1,125,2,5000000,3200000,0,0
1423,Unforgiven,03-08-1992,10,31,241,1,1,131,5,14400000,159200000,9,4
1424,The Big Sleep,23-08-1946,328,6,241,1,14,116,2,,3000000,0,0
1425,A Fistful of Dynamite,29-10-1971,308,22,264,12,1,157,5,,,0,0
1426,To Have and Have Not,11-10-1944,328,6,241,1,6,100,2,,3650000,0,0
1427,Murder on the Orient Express,24-11-1974,277,164,240,1,14,131,2,2500000,30000000,6,1
1428,The Shootist,20-08-1976,291,96,241,1,1,100,2,,13406000,1,0
1429,Flash Gordon,05-12-1980,441,96,240,1,3,114,2,20000000,27100000,0,0
1430,Unforgiven,06-09-2013,442,241,118,6,1,135,5,,,0,0
1431,Hang 'Em High,03-08-1968,443,31,241,1,1,114,6,1600000,6800000,0,0
1432,Coogan's Bluff,02-10-1968,291,31,241,1,4,93,5,1500000,3110000,0,0
1433,Where Eagles Dare,04-12-1968,444,11,240,1,5,155,2,7700000,21000000,0,0
1434,Kelly's Heroes,23-06-1970,444,11,241,1,5,146,2,4000000,5200000,0,0
1436,The Outlaw Josey Wales,30-06-1976,10,31,241,1,1,135,6,3700000,31800000,1,0
1437,Heartbreak Ridge,05-12-1986,10,31,241,1,5,130,5,15000000,121700000,1,0
1438,The Dead Pool,13-07-1988,259,31,241,1,9,91,6,31000000,37903000,0,0
1439,Space Cowboys,01-08-2000,10,31,241,1,9,130,2,60000000,128900000,1,0
1440,Gran Torino,12-12-2008,10,31,241,1,2,116,5,33000000,270000000,0,0
1441,Invictus,11-12-2009,10,31,241,1,22,133,4,60000000,122200000,0,0
1442,American Sniper,11-11-2014,10,49,241,1,19,132,5,58800000,547400000,6,1
1443,Sully,02-09-2016,10,49,241,1,19,96,4,60000000,200700000,0,0
1444,J. Edgar,03-11-2011,10,20,241,1,19,137,5,35000000,84600000,0,0
1445,Changeling,24-10-2008,10,20,241,1,19,141,5,55000000,113000000,3,0
1446,Blade: Trinity,08-12-2004,445,53,241,1,4,113,5,65000000,128900000,0,0
1447,U.S. Marshals,06-03-1998,77,140,241,1,9,131,5,45000000,102400000,0,0
1448,Drop Zone,09-12-1994,236,2,241,1,4,101,5,45000000,28735000,0,0
1449,Demolition Man,08-10-1993,446,52,241,1,4,115,5,57000000,159100000,0,0
1450,Passenger 57,06-11-1992,447,6,241,1,4,84,5,15000000,44065000,0,0
1451,The Princess Bride,25-09-1987,217,242,241,1,12,98,2,16000000,30900000,1,0
1452,The Long Riders,16-05-1980,250,22,241,1,1,99,6,8000000,15795000,0,0
1453,The Wild Bunch,18-06-1969,448,181,241,1,1,143,6,6000000,11138000,2,0
1454,American History X,30-10-1998,449,14,241,1,2,119,6,20000000,23900000,1,0
1455,Convoy,28-06-1978,448,164,241,1,4,112,5,12000000,45000000,0,0
1456,Cross of Iron,28-01-1977,448,164,240,1,5,133,6,6000000,,0,0
1457,The Getaway,13-12-1972,448,243,241,1,14,122,6,3350000,36734000,0,0
1458,Straw Dogs,29-12-1971,448,244,241,1,9,117,6,2200000,8000000,1,0
1459,Judgment at Nuremberg,19-12-1961,316,22,241,1,2,179,2,3000000,10000000,11,2
1460,The Great Escape,20-06-1963,331,167,241,1,5,172,2,3800000,11744000,1,0
1461,Zulu,22-01-1964,450,2,240,1,13,139,2,3500000,8000000,0,0
1462,Lucky Number Slevin,24-02-2006,451,11,257,1,14,110,6,27000000,56300000,0,0
1463,Star Trek Beyond,07-07-2016,142,126,241,1,3,122,4,185000000,343500000,0,0
1464,Star Trek Into Darkness,23-04-2013,44,126,241,1,3,133,3,185000000,467400000,1,0
1465,Star Trek,07-04-2009,44,126,241,1,3,127,3,150000000,385700000,4,1
1466,RoboCop,17-07-1987,72,151,241,1,3,101,6,13000000,53400000,2,0
1467,RoboCop,12-02-2014,452,11,241,1,3,118,4,100000000,242700000,0,0
1468,Clerks,19-10-1994,453,245,241,1,7,92,6,230000,3200000,0,0
1469,Mallrats,20-10-1995,453,245,241,1,7,94,6,6100000,22100000,0,0
1470,Chasing Amy,04-04-1997,453,245,241,1,27,113,6,250000,12000000,0,0
1471,Dogma,21-05-1999,453,245,241,1,7,128,5,10000000,31400000,0,0
1472,Bronson,17-10-2008,454,246,240,1,14,92,6,230000,2300000,0,0
1473,Drive,20-05-2011,454,247,241,1,14,100,6,1500000,78100000,1,0
1474,Only God Forgives,22-05-2013,454,18,270,1,9,90,6,4800000,10300000,0,0
1475,Taxi Driver,08-02-1976,9,5,241,1,2,113,6,1300000,28300000,4,0
1476,Mean Streets,02-10-1973,9,6,241,1,14,112,6,500000,3000000,0,0
1477,Cape Fear,12-04-1962,321,1,241,1,9,105,5,,,0,0
1478,"New York, New York",21-06-1977,9,22,241,1,20,163,2,14000000,13800000,0,0
1479,The King of Comedy,18-12-1982,9,248,241,1,7,109,2,19000000,2500000,0,0
1480,The Color of Money,17-10-1986,9,7,241,1,2,120,5,13800000,52200000,4,1
1481,The Last Temptation of Christ,12-08-1988,9,1,241,1,2,162,6,7000000,8900000,1,0
1482,The Age of Innocence,17-09-1993,9,5,241,1,6,139,1,34000000,32300000,5,1
1483,Silence,29-11-2016,9,2,241,1,2,159,5,50000000,,0,0
1484,The Wolf of Wall Street,17-12-2013,9,2,241,1,19,179,6,155000000,392000000,5,0
1485,Hugo,10-10-2011,9,2,240,1,8,126,1,170000000,185800000,11,5
1486,Shutter Island,19-02-2010,9,2,241,1,9,138,5,80000000,294800000,0,0
1487,Zoolander,28-09-2001,455,49,241,1,7,89,3,28000000,60800000,0,0
1488,Labyrinth,27-06-1986,456,161,240,1,12,101,1,25000000,12900000,0,0
1489,Willow,20-05-1988,40,13,241,1,12,126,2,35000000,57300000,2,0
1490,Mad Max,12-04-1979,173,154,261,1,4,93,6,400000,100000000,0,0
1491,Mad Max 2,24-12-1981,173,154,261,1,4,96,6,4500000,23700000,0,0
1492,Mad Max Beyond Thunderdome,10-07-1985,173,154,261,1,4,107,5,10000000,36200000,0,0
1493,Mad Max: Fury Road,07-05-2015,173,154,261,1,4,120,5,150000000,378400000,10,6
1494,Happy Feet Two,18-11-2011,173,49,241,1,11,100,1,135000000,150400000,0,0
1495,Zoolander 2,04-02-2016,455,2,241,1,7,102,4,50000000,56000000,0,0
1496,Dune,14-12-1984,457,96,241,1,3,136,2,40000000,30900000,1,0
1497,Gods of Egypt,25-02-2016,53,108,241,1,12,127,4,,,0,0
1498,The Nice Guys,15-05-2016,140,52,241,1,7,116,5,50000000,57300000,0,0
1499,Kiss Kiss Bang Bang,14-05-2005,140,52,241,1,7,103,5,15000000,15800000,0,0
1500,Independence Day: Resurgence,20-06-2016,42,57,241,1,3,120,4,165000000,389700000,0,0
1501,Ghostbusters,09-07-2016,458,49,241,1,7,116,4,144000000,229100000,0,0
1503,Jason Bourne,11-07-2016,37,56,241,1,9,123,4,120000000,415200000,0,0
1504,Sausage Party,14-03-2016,459,5,241,1,11,88,5,19000000,140200000,0,0
1505,Scott Pilgrim vs. the World,27-07-2010,106,30,240,1,7,112,4,90000000,47700000,0,0
1506,Death Proof,06-04-2007,79,249,241,1,9,114,6,,30700000,0,0
1507,Jackie Brown,25-12-1997,79,84,241,1,14,154,5,12000000,74700000,1,0
1508,Inglourious Basterds,20-05-2009,79,84,241,1,5,153,6,70000000,321500000,8,1
1509,Django Unchained,11-12-2012,79,5,241,1,1,165,6,100000000,425400000,5,2
1510,The Hateful Eight,07-12-2015,79,250,241,1,1,168,6,54000000,155800000,3,1
1511,Bill & Ted's Excellent Adventure,17-02-1989,200,141,241,1,8,89,2,10000000,40500000,0,0
1512,Bill & Ted's Bogus Journey,19-07-1991,460,141,241,1,8,93,2,20000000,38000000,0,0
1513,The Magnificent Seven,23-10-1960,331,167,241,1,1,128,1,2000000,2250000,1,0
1514,The Magnificent Seven,08-09-2016,440,49,241,1,1,133,4,107600000,161000000,0,0
1515,The Replacement Killers,06-02-1998,440,5,241,1,9,87,6,30000000,19200000,0,0
1516,Training Day,05-10-2001,440,49,241,1,14,122,6,45000000,104900000,2,1
1517,Tears of the Sun,07-03-2003,440,19,241,1,5,121,5,75000000,86500000,0,0
1518,King Arthur,07-07-2004,440,7,241,1,8,142,4,120000000,203600000,0,0
1519,Shooter,23-03-2007,440,46,241,1,4,125,5,61000000,95700000,0,0
1520,Olympus Has Fallen,20-03-2013,440,80,241,1,4,119,5,70000000,161000000,0,0
1521,The Equalizer,07-09-2014,440,49,241,1,9,132,5,55000000,192300000,0,0
1522,Southpaw,15-06-2015,440,251,241,1,2,123,5,30000000,92000000,0,0
1523,Miss Peregrine's Home for Peculiar Children,25-09-2016,28,236,241,1,12,127,4,110000000,271900000,0,0
1524,Mars Attacks!,13-12-1996,28,236,241,1,3,106,3,70000000,101400000,0,0
1525,Planet of the Apes,27-07-2001,28,73,241,1,3,120,3,100000000,362200000,0,0
1526,Big Fish,10-12-2003,28,73,241,1,12,125,2,70000000,122900000,1,0
1527,Dark Shadows,11-05-2012,28,49,241,1,7,113,4,150000000,245500000,0,0
1528,Watchmen,23-02-2009,76,43,241,1,4,163,6,130000000,185300000,0,0
1529,Man of Steel,10-06-2013,76,43,241,1,4,143,4,225000000,668000000,0,0
1530,Sucker Punch,25-03-2011,76,43,241,1,4,109,4,82000000,89800000,0,0
1531,Dawn of the Dead,19-03-2004,76,74,241,1,10,100,6,26000000,102400000,0,0
1532,Jack Reacher: Never Go Back,16-10-2016,43,2,241,1,9,118,4,60000000,156200000,0,0
1533,Jack Reacher,21-12-2012,146,2,241,1,9,130,5,60000000,218300000,0,0
1534,The Way of the Gun,08-09-2000,146,252,241,1,4,119,6,8500000,13069000,0,0
1535,Fantastic Beasts and Where to Find Them,10-11-2016,19,47,240,1,12,133,4,180000000,615800000,0,0
1536,Moana,14-11-2016,215,3,241,1,11,107,2,150000000,190100000,0,0
1537,Bad Santa,26-11-2003,461,23,241,1,7,91,5,23000000,76500000,0,0
1538,Bad Santa 2,15-11-2016,462,16,241,1,7,92,5,26000000,22800000,0,0
1539,Rogue One: A Star Wars Story,10-12-2016,463,13,241,1,3,133,4,200000000,388100000,0,0
1540,Passengers,21-12-2016,464,49,241,1,3,116,4,110000000,,0,0
1541,The Imitation Game,29-08-2014,464,253,241,1,19,114,4,14000000,233600000,8,1
1542,Ex Machina,21-01-2015,465,221,240,1,3,108,5,15000000,36900000,2,1
1543,Anna Karenina,07-09-2012,466,195,240,1,6,130,4,31000000,69000000,4,1
1544,Anna Karenina,04-04-1997,467,25,241,1,6,108,5,,2200000,0,0
1545,Godzilla,08-05-2014,463,43,241,1,4,123,4,160000000,529100000,0,0
1546,Chocolat,15-12-2000,468,16,240,1,6,121,3,25000000,152699000,5,0
1547,The English Patient,15-11-1996,469,16,240,1,6,162,5,27000000,232000000,12,9
1548,Near Dark,02-10-1987,470,96,241,1,10,95,6,5000000,3400000,0,0
1549,Blue Steel,16-03-1990,470,11,241,1,4,101,6,,8200000,0,0
1550,Point Break,12-07-1991,470,4,241,1,4,122,6,24000000,83500000,0,0
1551,Point Break,04-12-2015,471,108,241,1,4,114,4,105000000,133700000,0,0
1552,Invincible,25-08-2006,471,3,241,1,22,104,2,30000000,58500000,0,0
1553,Strange Days,13-10-1995,470,70,241,1,3,145,6,42000000,8000000,0,0
1554,K-19: The Widowmaker,19-07-2002,470,132,241,1,9,138,4,100000000,65700000,0,0
1555,The Hurt Locker,04-09-2008,470,108,241,1,5,131,5,15000000,49200000,9,6
1556,Zero Dark Thirty,19-12-2012,470,5,241,1,9,157,5,40000000,132800000,5,1
1557,"Lock, Stock and Two Smoking Barrels",28-08-1998,165,159,240,1,14,106,6,1350000,28100000,0,0
1558,Snatch,23-08-2000,165,5,240,1,14,102,6,10000000,83600000,0,0
1559,Revolver,11-09-2005,165,196,240,1,14,110,5,,6735000,0,0
1560,RocknRolla,04-09-2008,165,6,240,1,14,114,5,13000000,25739000,0,0
1561,Sherlock Holmes: A Game of Shadows,16-12-2011,165,49,240,1,4,129,4,125000000,545400000,0,0
1562,The Man from U.N.C.L.E.,02-08-2015,165,68,241,1,4,116,4,75000000,109800000,0,0
1563,Prometheus,30-05-2012,51,64,241,1,3,124,5,130000000,403400000,1,0
1564,Legend,13-12-1985,51,248,241,1,12,125,2,24500000,15500000,1,0
1565,Black Rain,22-09-1989,51,2,241,1,9,125,6,30000000,134200000,2,0
1566,Thelma & Louise,24-05-1991,51,172,241,1,8,129,5,16500000,45400000,6,1
1567,1492: Conquest of Paradise,09-10-1992,51,2,241,1,8,142,5,47000000,7200000,0,0
1568,G.I. Jane,22-08-1997,51,64,241,1,5,124,5,50000000,97100000,0,0
1569,Matchstick Men,12-09-2003,51,64,241,1,14,116,4,62000000,65600000,0,0
1570,Body of Lies,10-10-2008,51,64,241,1,4,128,5,70000000,115100000,0,0
1571,Robin Hood,12-05-2010,51,64,241,1,8,140,4,200000000,321700000,0,0
1572,The Counsellor,03-10-2013,51,64,240,1,9,118,6,25000000,71000000,0,0
1573,Exodus: Gods and Kings,12-12-2014,51,64,241,1,8,150,4,145000000,268200000,0,0
1574,Twilight,17-11-2008,472,125,241,1,28,121,4,37000000,393616000,0,0
1575,The Girl with the Dragon Tattoo,27-02-2009,473,255,271,15,9,153,6,13000000,104395000,0,0
1577,Dead Man Down,08-03-2013,473,54,241,1,14,117,5,30000000,18100000,0,0
1578,The Girl Who Played with Fire,18-09-2009,474,255,271,15,9,129,5,,67126000,0,0
1579,The Girl Who Kicked the Hornets' Nest,27-11-2009,474,255,271,15,9,147,5,5300000,43500000,0,0
1580,The Girl with the Dragon Tattoo,12-12-2011,70,81,241,1,9,158,6,90000000,232600000,5,1
1581,John Wick,13-10-2014,475,108,241,1,4,101,5,20000000,86000000,0,0
1582,The Seventh Seal,16-02-1957,476,256,271,15,2,96,2,150000,,0,0
1583,The Revenant,16-12-2015,477,65,241,1,8,156,5,135000000,533000000,12,3
1584,Birdman,27-08-2014,477,65,241,1,7,119,5,18000000,103200000,9,4
1585,21 Grams,26-12-2003,477,257,241,1,2,124,5,20000000,60400000,2,0
1586,Ted,29-06-2012,478,1,241,1,7,106,5,51000000,549400000,1,0
1587,Ted 2,24-06-2015,478,1,241,1,7,115,5,68000000,216700000,0,0
1588,A Million Ways to Die in the West,30-05-2014,478,1,241,1,7,116,5,40000000,87200000,0,0
1589,Hansel & Gretel: Witch Hunters,17-01-2013,479,2,241,1,4,88,5,50000000,226300000,0,0
1590,There Will Be Blood,27-09-2007,482,16,241,1,2,158,5,25000000,76200000,8,2
1591,Punch-Drunk Love,19-05-2002,482,14,241,1,6,95,5,25000000,24700000,0,0
1592,The Master,01-09-2012,482,258,241,1,2,137,5,32000000,28300000,3,0
1593,Inherent Vice,04-10-2014,482,6,241,1,14,149,5,20000000,14700000,2,0
1594,Boogie Nights,10-10-1997,482,14,241,1,2,155,6,15000000,43100000,3,0
1595,Innerspace,01-07-1987,245,41,241,1,3,120,2,,25900000,1,1
1596,Gremlins 2: The New Batch,15-06-1990,245,41,241,1,7,106,3,50000000,41500000,0,0
1597,The Punisher,16-04-2004,483,53,241,1,4,123,6,33000000,54700000,0,0
1599,The Theory of Everything,07-09-2014,484,1,240,1,19,123,4,15000000,123700000,5,1
1600,Looper,06-09-2012,485,147,241,1,3,118,5,30000000,176500000,0,0
1601,12 Years a Slave,30-08-2013,486,108,241,1,19,134,5,22000000,187700000,9,3
1602,Prisoners,30-08-2013,487,6,241,1,9,153,5,46000000,122100000,1,0
1603,Cowboys & Aliens,29-07-2011,160,8,241,1,3,118,4,163000000,174800000,0,0
1604,Knight and Day,16-06-2010,488,65,241,1,4,110,4,125000000,261900000,0,0
1605,Man on Wire,22-01-2008,484,222,240,1,24,94,3,1900000,5300000,1,1
1606,The Danish Girl,05-09-2015,489,260,240,1,19,119,5,15000000,64200000,4,1
1607,Jupiter Ascending,27-01-2015,145,49,241,1,3,127,4,176000000,184000000,0,0
1608,Black Death,11-06-2010,490,259,257,1,8,101,5,,272445,0,0
1609,The Other Boleyn Girl,15-02-2008,491,222,240,1,2,115,4,35000000,77700000,0,0
1610,Mandela: Long Walk to Freedom,07-09-2013,491,172,240,1,19,146,4,35000000,27300000,1,0
1612,Les Misrables,05-12-2012,489,260,240,1,20,158,4,61000000,441800000,8,3
1613,The King's Speech,06-09-2010,489,260,240,1,19,119,4,15000000,414200000,12,4
1614,Sicario,19-05-2015,487,228,241,1,9,121,5,30000000,85000000,3,0
1615,Edge of Tomorrow,28-05-2014,52,49,241,1,3,113,4,178000000,370500000,0,0
1616,The Adjustment Bureau,14-02-2011,492,1,241,1,3,106,4,50200000,127900000,0,0
1617,The Wolfman,27-01-2010,187,128,241,1,10,103,5,150000000,139800000,1,1
1618,Charlie Wilson's War,21-12-2007,306,128,241,1,7,100,5,75000000,119000000,1,0
1619,Sin City: A Dame to Kill For,19-08-2014,103,23,241,1,4,102,6,65000000,39400000,0,0
1620,Shame,04-09-2011,486,221,240,1,2,101,6,6500000,17700000,0,0
1621,Ant-Man,29-06-2015,493,53,241,1,4,117,4,130000000,519300000,0,0
1622,3:10 to Yuma,22-08-2007,488,128,241,1,1,122,5,55000000,70000000,2,0
1623,3:10 to Yuma,07-08-1957,494,5,241,1,1,92,2,,1850000,0,0
1624,The Wolverine,16-07-2013,488,53,241,1,4,126,4,120000000,414800000,0,0
1625,Rush,02-09-2013,40,20,240,1,22,122,5,38000000,98200000,0,0
1626,Solaris,29-11-2002,48,70,241,1,3,98,4,47000000,30000000,0,0
1627,Magic Mike,24-06-2012,48,6,241,1,2,110,5,7000000,167200000,0,0
1628,The Three Musketeers,12-11-1993,200,3,241,1,8,105,2,30000000,53900000,0,0
1629,Mr. Holland's Opus,29-12-1995,200,104,241,1,2,143,2,31000000,106269000,1,0
1630,The Mighty Ducks,02-10-1992,200,3,241,1,7,101,2,10000000,50700000,0,0
1631,Young Guns,12-08-1988,495,21,241,1,1,103,6,11000000,45661000,0,0
1632,Young Guns II: Blaze of Glory,01-08-1990,496,21,241,1,1,104,3,10000000,44143000,1,0
1633,The Lost Boys,31-07-1987,204,6,241,1,10,98,5,8500000,32200000,0,0
1634,Flatliners,10-08-1990,204,5,241,1,10,115,5,26000000,61500000,1,0
1635,21 Jump Street,16-03-2012,497,128,241,1,7,109,5,55000000,201500000,0,0
1636,Cloudy with a Chance of Meatballs,18-09-2009,497,127,241,1,11,90,1,100000000,243000000,0,0
1637,Anastasia,13-12-1956,499,4,241,1,2,105,1,3520000,5000000,2,1
1638,Hot Rod,03-08-2007,500,2,241,1,7,88,4,25300000,14334000,0,0
1639,Cloudy with a Chance of Meatballs 2,27-09-2013,501,127,241,1,11,95,1,78000000,274300000,0,0
1640,The Lego Movie,07-02-2014,497,49,241,1,11,100,1,60000000,469200000,1,0
1641,Bad Boys,07-04-1995,18,17,241,1,4,119,6,23000000,141400000,0,0
1642,22 Jump Street,13-06-2014,497,54,241,1,7,112,5,84500000,331300000,0,0
1643,Ice Age: Collision Course,22-07-2016,149,4,241,1,11,94,1,105000000,407700000,0,0
1644,The Eagle,25-03-2011,502,221,240,1,8,114,4,25000000,35500000,0,0
1645,The Last King of Scotland,12-01-2007,502,221,240,1,2,123,5,6000000,48400000,1,1
1646,Centurion,23-04-2010,503,260,240,1,8,97,5,12000000,6168000,0,0
1647,Jason and the Argonauts,19-06-1963,504,5,240,1,12,101,1,1000000,2100000,0,0
1648,Pete's Dragon,03-11-1977,504,3,241,1,12,134,1,10000000,39600000,2,0
1649,Pete's Dragon,12-08-2016,505,3,241,1,12,102,2,65000000,142400000,0,0
1650,One Million Years B.C.,30-12-1966,504,261,240,1,8,100,2,500000,8000000,0,0
1651,The Three Musketeers,11-12-1973,313,4,240,1,8,105,1,,10100000,0,0
1652,The Return of the Musketeers,19-04-1989,313,1,240,1,8,102,2,,,0,0
1653,Superman III,17-06-1983,313,83,240,1,4,125,2,39000000,80200000,0,0
1654,The Four Musketeers,31-10-1974,313,4,240,1,8,108,2,,8760000,1,0
1655,Fantastic Voyage,24-08-1966,297,4,241,1,3,100,2,5100000,12000000,5,2
1656,Julius Caesar,04-06-1970,506,262,240,1,13,116,1,,,0,0
1657,Othello,15-12-1965,506,263,240,1,2,165,1,,,4,0
1658,Julius Caesar,04-06-1953,314,11,241,1,13,121,2,2070000,3920000,5,1
1659,Othello,29-11-1951,352,22,241,1,2,91,1,,,0,0
1660,King Solomon's Mines,22-11-1985,321,264,241,1,8,100,2,11000000,15057000,0,0
1661,King Solomon's Mines,17-06-1937,293,18,240,1,8,80,1,,,0,0
1662,East of Eden,09-03-1955,341,6,241,1,2,117,2,,5000000,4,1
1663,Giant,24-11-1956,338,6,241,1,1,201,2,5400000,39000000,10,1
1664,Rebel Without a Cause,27-10-1955,507,6,241,1,2,111,2,1500000,4500000,3,0
1665,Miracle on 34th Street,18-11-1994,508,148,241,1,26,114,1,,46300000,0,0
1666,Gentleman's Agreement,11-11-1947,341,4,241,1,2,118,2,1985000,7800000,8,3
1667,Viva Zapata!,07-02-1952,341,4,241,1,19,113,2,1800000,1900000,5,1
1668,On the Waterfront,28-07-1954,341,170,241,1,14,108,2,910000,9600000,12,8
1669,Ice Cold in Alex,24-06-1958,321,172,240,1,5,130,2,,,0,0
1670,The Diary of Anne Frank,18-03-1959,338,4,241,1,2,180,1,3800000,2300000,8,3
1671,The Greatest Story Ever Told,09-04-1965,338,22,241,1,2,260,1,21000000,15473000,5,0
1672,A Place in the Sun,14-08-1951,338,2,241,1,2,122,2,2295000,7000000,9,6
1673,The Talk of the Town,20-08-1942,338,5,241,1,7,118,1,1000000,1100000,7,0
1674,Samson and Delilah,21-12-1949,127,2,241,1,2,128,1,2900000,25600000,5,2
1675,The NeverEnding Story,06-04-1984,25,35,257,1,12,93,1,27000000,100000000,0,0
1676,Enemy Mine,20-12-1985,25,238,241,1,3,108,5,29000000,12300000,0,0
1677,In the Line of Fire,09-07-1993,25,149,241,1,9,128,5,40000000,177000000,3,0
1678,Outbreak,10-03-1995,25,6,241,1,9,128,5,50000000,189800000,0,0
